key,name,ra,dec,ll,bb,sg_xx,sg_yy,sg_zz,pmra,pmra_em,pmra_ep,pmdec,pmdec_em,pmdec_ep,ref_proper_motion,vlos_systemic,vlos_systemic_em,vlos_systemic_ep,vlos_sigma,vlos_sigma_em,vlos_sigma_ep,vlos_sigma_ul,velocity_gsr,velocity_lg,ref_vlos,distance,distance_em,distance_ep,distance_modulus,distance_modulus_em,distance_modulus_ep,distance_gc,distance_m31,distance_lg,distance_host,distance_measurement_method,ref_distance,M_V,M_V_em,M_V_ep,mass_stellar,mass_dynamical_wolf,mass_dynamical_wolf_em,mass_dynamical_wolf_ep,mass_dynamical_wolf_ul,mass_HI,mass_HI_ul,host,confirmed_real,confirmed_galaxy,apparent_magnitude_v,apparent_magnitude_v_em,apparent_magnitude_v_ep,ref_m_v,rhalf,rhalf_em,rhalf_ep,rhalf_physical,rhalf_physical_em,rhalf_physical_ep,rhalf_sph_physical,rhalf_sph_physical_em,rhalf_sph_physical_ep,position_angle,position_angle_em,position_angle_ep,ellipticity,ellipticity_em,ellipticity_ep,ellipticity_ul,surface_brightness_rhalf,rcore,rcore_em,rcore_ep,rking,rking_em,rking_ep,rad_sersic,rad_sersic_em,rad_sersic_ep,n_sersic,n_sersic_em,n_sersic_ep,flux_HI,flux_HI_em,flux_HI_ep,flux_HI_ul,ref_flux_HI,ref_structure,ref_structure_king,ref_structure_sersic,metallicity,metallicity_em,metallicity_ep,metallicity_type,metallicity_spectroscopic,metallicity_spectroscopic_em,metallicity_spectroscopic_ep,metallicity_spectroscopic_sigma,metallicity_spectroscopic_sigma_em,metallicity_spectroscopic_sigma_ep,metallicity_spectroscopic_sigma_ul,ref_metallicity_spectroscopic,metallicity_isochrone,metallicity_isochrone_em,metallicity_isochrone_ep,ref_metallicity_isochrone,metallicity_photometric,metallicity_photometric_em,metallicity_photometric_ep,metallicity_photometric_sigma,metallicity_photometric_sigma_em,metallicity_photometric_sigma_ep,metallicity_photometric_sigma_ul,ref_metallicity_photometric,age,age_em,age_ep,ref_age
cetus_3,Cetus III,31.331,-4.27,163.8102406,-61.1332557,108.58,-212.7,-77.88,,,,,,,,1.3,2.6,2.6,,,,,21.57,70.63,Geha2026ApJ...999..140G,251.19,22.1,24.23,22.0,0.2,0.2,255.06,641.3,294.16,255.06,,Homma2024PASJ...76..733H,-3.45,0.43,0.49,3.61,,,,,,3.93,mw,0,0,18.55,0.43,0.49,Homma2024PASJ...76..733H,1.23,0.19,0.42,88.48,22.77,24.48,42.66,12.7,13.64,101.0,6.0,5.0,0.76,0.08,0.06,,28.27,,,,,,,,,,,,,,,,0.57,Putman2021ApJ...913...53P,Homma2018PASJ...70S..18H,,,,,,,,,,,,,,,,,,,,,,,,,,,,,,
phoenix_3,Phoenix III,26.711,-41.428,267.9925939,-71.733932,-23.43,-105.36,-39.15,,,,,,,,,,,,,,,,,,114.82,5.17,11.08,20.3,0.1,0.2,115.19,772.64,392.97,115.19,cmd,Tan2026ApJ..1000...46T,-1.2,1.1,0.7,2.71,,,,,,,mw,0,0,19.1,1.1,0.7,Tan2026ApJ..1000...46T,0.85,0.37,0.61,28.69,14.68,16.14,18.35,10.55,13.27,89.0,40.0,37.0,0.52,0.45,0.18,,28.69,,,,,,,,,,,,,,,,,,Tan2026ApJ..1000...46T,,,-2.18,,,isochrone,,,,,,,,,-2.18,,,Tan2026ApJ..1000...46T,,,,,,,,,11.8,,,Tan2026ApJ..1000...46T
sextans_2,Sextans II,156.437,-0.631,245.3263372,45.3223285,-27.29,98.24,-73.84,,,,,,,,,,,,,,,,,,125.89,11.08,12.15,20.5,0.2,0.2,128.51,860.96,477.38,128.51,,Homma2024PASJ...76..733H,-3.91,0.36,0.37,3.8,,,,,,,mw,1,0,16.59,0.36,0.37,Homma2024PASJ...76..733H,4.2,0.5,0.5,152.33,22.01,24.26,114.79,18.2,19.93,-17.0,9.0,9.0,0.43,0.08,0.07,,29.96,,,,,,,,,,,,,,,,,,Homma2024PASJ...76..733H,,,,,,,,,,,,,,,,,,,,,,,,,,,,,,
virgo_1,Virgo I,180.038,-0.681,276.9419373,59.5776788,-35.15,81.46,-21.11,,,,,,,,,,,,,,,,,,91.2,8.02,8.8,19.8,0.2,0.2,91.07,846.51,460.2,91.07,,Homma2024PASJ...76..733H,-0.9,0.65,0.72,2.59,,,,,,2.95,mw,1,0,18.9,0.65,0.72,Homma2024PASJ...76..733H,1.76,0.4,0.49,45.98,12.05,12.89,28.87,8.93,9.65,62.0,13.0,8.0,0.59,0.14,0.12,,29.97,,,,,,,,,,,,,,,,0.45,Putman2021ApJ...913...53P,Homma2018PASJ...70S..18H,,,,,,,,,,,,,,,,,,,,,,,,,,,,,,
virgo_2,Virgo II,225.059,5.909,4.0665335,52.754283,-30.07,53.81,38.06,,,,,,,,,,,,,,,,,,72.44,6.98,7.72,19.3,0.22,0.22,67.85,818.28,432.15,67.85,,Cerny2023ApJ...953....1C,-1.6,0.6,0.4,2.87,,,,,,,mw,1,0,17.7,0.6,0.4,Cerny2023ApJ...953....1C,0.74,0.11,0.13,15.4,2.85,3.1,15.4,2.85,3.1,,,,,,,0.3,27.91,,,,,,,,,,,,,,,,,,Cerny2023ApJ...953....1C,,,-1.9,,,isochrone,,,,,,,,,-1.9,,,Cerny2023ApJ...953....1C,,,,,,,,,,,,
virgo_3,Virgo III,186.348,4.441,286.4758772,66.4770084,-51.84,141.35,-15.55,,,,,,,,,,,,,,,,,,151.36,13.32,14.6,20.9,0.2,0.2,150.65,888.29,505.29,150.65,,Homma2024PASJ...76..733H,-2.69,0.56,0.45,3.31,,,,,,,mw,0,0,18.21,0.56,0.45,Homma2024PASJ...76..733H,1.0,0.2,0.2,43.42,9.22,9.98,35.86,8.71,9.28,-24.0,26.0,21.0,0.29,0.19,0.15,,28.65,,,,,,,,,,,,,,,,,,Homma2024PASJ...76..733H,,,,,,,,,,,,,,,,,,,,,,,,,,,,,,
andromeda_01,Andromeda I,11.41542,38.0375,121.6788576,-24.8201935,678.29,-344.84,153.52,,,,,,,,-376.3,2.2,2.2,10.2,1.9,1.9,,-196.01,-116.03,Tollerud2012ApJ...752...45T,776.25,17.67,18.08,24.45,0.05,0.05,780.15,44.39,389.41,44.39,,Savino2022ApJ...938..101S,-11.35,0.2,0.2,6.77,7.86,0.18,0.15,,,4.91,m_031,1,1,13.1,0.2,0.2,Martin2016ApJ...833..167M,3.9,0.1,0.1,879.76,29.78,30.62,746.65,29.79,30.01,30.0,4.0,4.0,0.28,0.03,0.03,,26.59,2.7,0.3,0.3,10.4,0.9,0.9,,,,,,,,,,0.57,Putman2021ApJ...913...53P,Martin2016ApJ...833..167M,McConnachie2006MNRAS.365.1263M,,-1.51,0.02,0.02,spectroscopic,-1.51,0.02,0.02,0.34,,,,Kirby2020AJ....159...46K,,,,,,,,,,,,,,,,
andromeda_02,Andromeda II,19.11167,33.43528,128.9048217,-29.1462599,576.03,-332.23,49.46,,,,,,,,-192.4,0.5,0.5,7.8,1.1,1.1,,-36.34,41.34,Ho2012ApJ...758..124H,666.81,15.18,15.53,24.12,0.05,0.05,671.3,169.24,293.27,169.24,,Savino2022ApJ...938..101S,-11.72,0.2,0.2,6.92,7.73,0.13,0.12,,,4.66,m_031,1,1,12.4,0.2,0.2,Martin2016ApJ...833..167M,5.3,0.1,0.1,1027.21,30.07,31.16,941.57,29.91,30.57,31.0,5.0,5.0,0.16,0.02,0.02,,26.72,5.2,0.2,0.2,22.0,1.0,1.0,,,,,,,,,,0.44,Putman2021ApJ...913...53P,Martin2016ApJ...833..167M,McConnachie2006MNRAS.365.1263M,,-1.47,0.01,0.01,spectroscopic,-1.47,0.006,0.006,,,,,Wojno2020ApJ...895...78W,,,,,,,,,,,,,,,,
andromeda_09,Andromeda IX,13.2225,43.19917,123.2129622,-19.6717852,640.46,-252.48,134.57,,,,,,,,-209.4,2.5,2.5,10.9,2.0,2.0,,-25.19,54.53,Tollerud2012ApJ...752...45T,701.46,19.12,19.65,24.23,0.06,0.06,705.68,82.46,314.32,82.46,,Savino2022ApJ...938..101S,-8.63,0.3,0.3,5.69,7.64,0.18,0.16,,,4.67,m_031,1,1,15.6,0.3,0.3,Martin2016ApJ...833..167M,2.0,0.2,0.3,406.24,51.38,52.5,393.4,52.2,52.02,41.0,65.0,65.0,0.0,0.0,0.16,,27.91,,,,,,,,,,,,,,,,0.4,Putman2021ApJ...913...53P,Martin2016ApJ...833..167M,,,-2.03,0.0,0.0,spectroscopic,-2.03,0.001,0.001,,,,,Wojno2020ApJ...895...78W,,,,,,,,,,,,,,,,
andromeda_10,Andromeda X,16.6475,44.8075,125.7565351,-17.9811311,587.85,-206.89,98.64,,,,,,,,-164.1,1.7,1.7,6.4,1.4,1.4,,15.9,94.86,Tollerud2012ApJ...752...45T,630.96,17.2,17.68,24.0,0.06,0.06,635.51,160.65,247.65,160.65,,Savino2022ApJ...938..101S,-7.3,0.3,0.3,5.15,6.81,0.26,0.22,,,4.48,m_031,1,1,16.7,0.3,0.3,Martin2016ApJ...833..167M,1.1,0.2,0.4,199.94,54.22,55.66,175.37,51.14,53.82,30.0,12.0,20.0,0.1,0.1,0.34,,27.49,,,,,,,,,,,,,,,,0.32,Putman2021ApJ...913...53P,Martin2016ApJ...833..167M,,,-2.27,0.03,0.03,spectroscopic,-2.27,0.03,0.03,0.47,,,,Kirby2020AJ....159...46K,,,,,,,,,,,,,,,,
andromeda_11,Andromeda XI,11.58208,33.80278,121.7176372,-29.0569203,632.66,-382.34,136.0,,,,,,,,-427.5,3.5,3.4,7.6,2.8,4.0,,-254.58,-175.13,Collins2013ApJ...768..172C,751.62,23.84,24.62,24.38,0.07,0.07,755.39,102.86,370.32,102.86,,Savino2022ApJ...938..101S,-6.38,0.4,0.4,4.79,6.72,0.55,0.38,,,4.68,m_031,1,1,18.0,0.4,0.4,Martin2016ApJ...833..167M,0.6,0.2,0.2,129.73,42.76,44.13,108.85,38.25,41.2,54.0,30.0,30.0,0.19,0.19,0.28,,27.37,,,,,,,,,,,,,,,,0.36,Putman2021ApJ...913...53P,Martin2016ApJ...833..167M,,,,,,,,,,,,,,,,,,,,,,,,,,,,,,
andromeda_12,Andromeda XII,11.86792,34.37722,122.0008241,-28.487357,608.32,-358.69,128.5,,,,,,,,-557.1,1.7,1.7,,,,4.0,-383.76,-304.26,Collins2013ApJ...768..172C,717.79,22.77,26.94,24.28,0.07,0.08,721.61,107.74,335.85,107.74,,Savino2022ApJ...938..101S,-6.58,0.5,0.5,4.87,,,,6.54,,4.68,m_031,1,1,17.7,0.5,0.5,Martin2016ApJ...833..167M,1.8,0.7,1.2,377.62,181.14,196.12,223.49,128.14,160.85,16.0,36.0,12.0,0.61,0.48,0.16,,28.74,,,,,,,,,,,,,,,,0.39,Putman2021ApJ...913...53P,Martin2016ApJ...833..167M,,,,,,,,,,,,,,,,,,,,,,,,,,,,,,
andromeda_13,Andromeda XIII,12.9625,33.00444,123.0315552,-29.8672279,689.23,-425.44,130.13,,,,,,,,-185.4,2.4,2.4,5.8,2.0,2.0,,-16.82,62.24,Tollerud2012ApJ...752...45T,820.35,26.02,26.88,24.57,0.07,0.07,824.22,125.68,440.19,125.68,,Savino2022ApJ...938..101S,-6.77,0.4,0.4,4.94,6.5,0.47,0.36,,,4.82,m_031,1,1,17.8,0.4,0.4,Martin2016ApJ...833..167M,0.8,0.3,0.4,189.3,79.73,83.79,113.27,53.85,60.87,-20.0,12.0,9.0,0.61,0.2,0.14,,27.07,,,,,,,,,,,,,,,,0.42,Putman2021ApJ...913...53P,Martin2016ApJ...833..167M,,,,,,,,,,,,,,,,,,,,,,,,,,,,,,
andromeda_14,Andromeda XIV,12.89583,29.68972,122.9696579,-33.1820169,626.37,-438.02,113.3,,,,,,,,-480.6,1.2,1.2,5.3,1.0,1.0,,-318.28,-239.98,Tollerud2012ApJ...752...45T,772.68,21.06,21.65,24.44,0.06,0.06,776.41,158.1,400.49,158.1,,Savino2022ApJ...938..101S,-8.64,0.3,0.3,5.69,6.88,0.19,0.17,,,4.35,m_031,1,1,15.8,0.3,0.3,Martin2016ApJ...833..167M,1.5,0.2,0.2,335.49,45.11,46.03,296.31,48.14,47.89,-4.0,14.0,14.0,0.17,0.17,0.16,,27.29,,,,,,,,,,,,,,,,0.16,Putman2021ApJ...913...53P,Martin2016ApJ...833..167M,,,-2.23,0.01,0.01,spectroscopic,-2.23,0.01,0.01,,,,,Wojno2020ApJ...895...78W,,,,,,,,,,,,,,,,
andromeda_15,Andromeda XV,18.57625,38.11972,127.8736636,-24.5325122,671.3,-321.12,77.41,,,,,,,,-323.0,1.4,1.4,4.0,1.4,1.4,,-157.07,-78.57,Tollerud2012ApJ...752...45T,748.17,17.03,17.43,24.37,0.05,0.05,752.74,95.1,365.76,95.1,,Savino2022ApJ...938..101S,-8.37,0.3,0.3,5.58,6.56,0.38,0.27,,,4.77,m_031,1,1,16.0,0.3,0.3,Martin2016ApJ...833..167M,1.3,0.1,0.1,282.09,22.24,22.91,245.39,25.53,24.92,38.0,15.0,15.0,0.24,0.1,0.1,,27.15,,,,,,,,,,,,,,,,0.45,Putman2021ApJ...913...53P,Martin2016ApJ...833..167M,,,-1.43,0.42,0.42,spectroscopic,-1.43,0.42,0.42,,,,,Wojno2020ApJ...895...78W,,,,,,,,,,,,,,,,
andromeda_16,Andromeda XVI,14.87625,32.376111,124.9079905,-30.4646825,435.64,-271.43,66.8,,,,,,,,-367.3,2.8,2.8,3.8,2.9,2.9,,-204.0,-125.47,Tollerud2012ApJ...752...45T,517.61,18.72,19.42,23.57,0.08,0.08,521.66,279.13,149.27,279.13,,MartinezVazquez2017ApJ...850..137M,-7.47,0.3,0.3,5.22,6.23,0.94,0.5,,,4.37,m_031,1,1,16.1,0.3,0.3,Martin2016ApJ...833..167M,1.0,0.1,0.1,149.88,15.61,16.29,126.3,15.21,15.08,98.0,9.0,9.0,0.29,0.08,0.08,,26.61,,,,,,,,,,,,,,,,0.37,Putman2021ApJ...913...53P,Martin2016ApJ...833..167M,,,-2.17,0.05,0.05,photometric,,,,,,,,,,,,,-2.17,0.05,0.05,0.33,0.07,0.07,,Fu2024ApJ...975....2F,,,,
andromeda_17,Andromeda XVII,9.27625,44.32306,120.2299308,-18.4734792,687.53,-262.25,184.29,,,,,,,,-251.6,2.0,1.8,2.9,1.9,2.2,,-58.96,21.24,Collins2013ApJ...768..172C,758.58,24.06,24.85,24.4,0.07,0.07,762.49,46.69,371.74,46.69,,Savino2022ApJ...938..101S,-7.8,0.3,0.3,5.35,6.21,0.88,0.49,,,4.66,m_031,1,1,16.6,0.3,0.3,Martin2016ApJ...833..167M,1.4,0.3,0.3,306.66,65.63,66.99,215.41,51.0,51.59,110.0,9.0,9.0,0.5,0.1,0.1,,27.44,,,,,,,,,,,,,,,,0.34,Putman2021ApJ...913...53P,Martin2016ApJ...833..167M,,,,,,,,,,,,,,,,,,,,,,,,,,,,,,
andromeda_18,Andromeda XVIII,0.56025,45.08772222,113.8875953,-16.9183231,1035.72,-390.93,409.42,,,,,,,,-337.2,1.4,1.4,9.9,1.0,1.1,,-129.62,-49.02,Kvasova2024ApJ...972..180K,1180.32,42.69,44.3,25.36,0.08,0.08,1183.49,427.19,798.26,,,Higgs2021MNRAS.503..176H,-9.16,0.4,0.4,5.9,7.33,0.11,0.11,,,5.32,,1,1,16.2,0.4,0.4,Martin2016ApJ...833..167M,0.92,0.05,0.05,314.92,20.08,21.33,235.44,30.67,28.91,75.12,4.47,4.47,0.44,0.12,0.12,,26.27,,,,,,,0.92,0.05,0.05,0.95,0.1,0.1,,,,0.63,Putman2021ApJ...913...53P,Higgs2021MNRAS.503..176H,,Higgs2021MNRAS.503..176H,-1.53,0.06,0.06,spectroscopic,-1.53,0.06,0.06,0.43,0.04,0.05,,Kvasova2024ApJ...972..180K,,,,,,,,,,,,,,,,
andromeda_19,Andromeda XIX,4.89375,35.04472,115.5916832,-27.372483,670.3,-400.93,225.04,,,,,,,,-109.0,1.6,1.6,7.8,1.5,1.7,,79.18,159.59,Collins2020MNRAS.491.3496C,812.83,29.4,34.4,24.55,0.08,0.09,815.98,112.83,431.38,112.83,,Savino2022ApJ...938..101S,-10.05,0.3,0.3,6.25,8.07,0.22,0.19,,,5.11,m_031,1,1,14.5,0.3,0.3,Martin2016ApJ...833..167M,14.2,1.9,3.4,3333.07,628.15,644.96,2150.39,450.21,457.4,34.0,5.0,5.0,0.58,0.1,0.05,,30.18,,,,,,,,,,,,,,,,0.82,Putman2021ApJ...913...53P,Martin2016ApJ...833..167M,,,-1.5,0.02,0.02,spectroscopic,-1.5,0.02,0.02,0.2,,,,Cullinane2024ApJ...972..133C,,,,,,,,,,,,,,,,
andromeda_20,Andromeda XX,1.8775,35.12694,112.8714594,-26.8852006,601.66,-363.37,235.61,,,,,,,,-456.2,3.6,3.1,7.1,2.5,3.9,,-262.36,-181.81,Collins2013ApJ...768..172C,741.31,26.81,27.82,24.35,0.08,0.08,744.16,127.12,363.63,127.12,,Savino2022ApJ...938..101S,-6.35,0.4,0.4,4.77,6.49,0.56,0.39,,,4.74,m_031,1,1,18.0,0.4,0.4,Martin2016ApJ...833..167M,0.4,0.1,0.2,85.25,31.48,32.6,72.48,28.3,30.64,90.0,44.0,20.0,0.11,0.11,0.41,,26.52,,,,,,,,,,,,,,,,0.42,Putman2021ApJ...913...53P,Martin2016ApJ...833..167M,,,,,,,,,,,,,,,,,,,,,,,,,,,,,,
andromeda_21,Andromeda XXI,358.69958,42.47056,111.917465,-19.1865901,658.93,-286.92,283.76,,,,,,,,-363.4,1.0,1.0,6.1,0.9,1.0,,-155.31,-74.52,Collins2021MNRAS.505.5686C,772.68,24.51,21.65,24.44,0.07,0.06,775.58,121.55,394.06,121.55,,Savino2022ApJ...938..101S,-8.94,0.3,0.3,5.81,7.39,0.16,0.15,,,4.78,m_031,1,1,15.5,0.3,0.3,Martin2016ApJ...833..167M,4.1,0.4,0.8,916.54,135.18,138.13,730.2,125.55,126.86,139.0,13.0,13.0,0.36,0.13,0.1,,28.95,,,,,,,,,,,,,,,,0.43,Putman2021ApJ...913...53P,Martin2016ApJ...833..167M,,,-1.7,0.1,0.1,spectroscopic,-1.7,0.1,0.1,,,,,Collins2021MNRAS.505.5686C,,,,,,,,,,,,,,,,
andromeda_22,Andromeda XXII,21.91833,28.09028,132.5887509,-34.1010952,623.08,-426.51,5.2,,,,,,,,-129.8,2.0,2.0,2.8,1.4,1.9,,8.34,83.72,Collins2013ApJ...768..172C,755.09,23.95,24.74,24.39,0.07,0.07,759.67,214.94,396.94,111.63,,Savino2022ApJ...938..101S,-6.39,0.4,0.4,4.79,5.91,0.74,0.44,,,4.43,m_033,1,1,18.0,0.4,0.4,Martin2016ApJ...833..167M,0.9,0.2,0.3,195.71,54.14,55.79,119.68,37.77,40.28,114.0,10.0,10.0,0.61,0.14,0.1,,27.57,,,,,,,,,,,,,,,,0.2,Putman2021ApJ...913...53P,Martin2016ApJ...833..167M,,,,,,,,,,,,,,,,,,,,,,,,,,,,,,
andromeda_23,Andromeda XXIII,22.3375,38.72389,130.9882484,-23.5540633,678.45,-304.15,42.66,,,,,,,,-237.7,1.4,1.4,6.8,1.3,1.5,,-78.62,-1.15,Pickett2025MNRAS.540.1701P,744.73,23.62,24.4,24.36,0.07,0.07,749.64,126.91,367.07,126.91,,Savino2022ApJ...938..101S,-9.76,0.2,0.2,6.14,7.58,0.2,0.17,,,4.89,m_031,1,1,14.6,0.2,0.2,Martin2016ApJ...833..167M,5.4,0.4,0.4,1165.97,92.26,95.74,895.73,83.73,82.44,138.0,5.0,5.0,0.41,0.06,0.05,,28.57,,,,,,,,,,,,,,,,0.59,Putman2021ApJ...913...53P,Martin2016ApJ...833..167M,,,,,,,,,,,,,,,,,,,,,,,,,,,,,,
andromeda_24,Andromeda XXIV,19.63625,46.37028,127.7968208,-16.2452569,575.72,-179.78,77.78,,,,,,,,-128.2,5.2,5.2,,,,7.3,48.36,126.49,Collins2013ApJ...768..172C,608.14,19.29,19.92,23.92,0.07,0.07,612.95,194.86,230.8,194.86,,Savino2022ApJ...938..101S,-7.62,0.3,0.3,5.28,,,,7.33,,4.61,m_031,1,1,16.3,0.3,0.3,Martin2016ApJ...833..167M,2.6,0.5,1.0,455.12,130.77,134.56,402.8,121.45,127.95,90.0,34.0,34.0,0.1,0.1,0.31,,28.98,,,,,,,,,,,,,,,,0.47,Putman2021ApJ...913...53P,Martin2016ApJ...833..167M,,,,,,,,,,,,,,,,,,,,,,,,,,,,,,
andromeda_25,Andromeda XXV,7.54125,46.86139,119.1543925,-15.8542685,686.8,-228.97,202.04,,,,,,,,-107.7,1.0,1.0,3.7,1.1,1.2,,90.46,170.51,Charles2023MNRAS.521.3527C,751.62,20.48,24.62,24.38,0.06,0.07,755.46,84.08,367.94,84.08,,Savino2022ApJ...938..101S,-9.08,0.2,0.3,5.87,6.85,0.33,0.24,,,5.39,m_031,1,1,15.3,0.2,0.3,Martin2016ApJ...833..167M,2.7,0.2,0.4,587.73,66.63,68.76,561.55,67.47,67.76,-16.0,30.0,30.0,0.03,0.03,0.16,,28.24,,,,,,,,,,,,,,,,1.86,Putman2021ApJ...913...53P,Martin2016ApJ...833..167M,,,-1.9,0.1,0.1,spectroscopic,-1.9,0.1,0.1,,,,,Charles2023MNRAS.521.3527C,,,,,,,,,,,,,,,,
andromeda_26,Andromeda XXVI,5.94292,47.91194,118.14508,-14.702501,718.82,-226.13,227.16,,,,,,,,-261.6,2.8,3.0,8.6,2.2,2.8,,-59.99,20.01,Collins2013ApJ...768..172C,787.05,24.97,22.05,24.48,0.07,0.06,790.78,102.15,405.36,102.15,,Savino2022ApJ...938..101S,-5.98,0.5,0.7,4.63,7.01,0.46,0.34,,,4.73,m_031,1,1,18.5,0.5,0.7,Martin2016ApJ...833..167M,1.0,0.5,0.6,231.25,114.25,123.4,164.68,89.07,108.22,50.0,90.0,90.0,0.35,0.35,0.33,,28.67,,,,,,,,,,,,,,,,0.37,Putman2021ApJ...913...53P,Martin2016ApJ...833..167M,,,,,,,,,,,,,,,,,,,,,,,,,,,,,,
andromeda_27,Andromeda XXVII,9.36292,45.38694,120.3590013,-17.4149246,755.43,-271.73,202.43,,,,,,,,-539.6,4.5,4.7,14.8,3.1,4.3,,-345.94,-265.87,Collins2013ApJ...768..172C,827.94,44.51,47.04,24.59,0.12,0.12,831.89,78.59,441.83,78.59,,Richardson2011ApJ...732...76R,-7.9,0.5,0.5,5.39,7.8,0.27,0.23,,,4.96,m_031,1,1,16.69,0.5,0.5,Richardson2011ApJ...732...76R,1.8,0.3,0.3,429.85,73.55,77.81,325.68,78.86,81.0,150.0,10.0,10.0,0.4,0.2,0.2,,28.23,,,,,,,,,,,,,,,,0.56,Putman2021ApJ...913...53P,Richardson2011ApJ...732...76R,,,,,,,,,,,,,,,,,,,,,,,,,,,,,,
andromeda_28,Andromeda XXVIII,338.1716667,31.21494444,91.0304648,-22.9263945,473.54,-342.97,461.26,,,,,,,,-331.1,1.8,1.8,4.9,1.6,1.6,,-108.18,-32.36,Tollerud2013ApJ...768...50T,744.73,16.95,17.35,24.36,0.05,0.05,744.91,367.72,440.79,367.72,,Savino2022ApJ...938..101S,-8.51,0.4,0.4,5.64,6.7,0.34,0.25,,,4.35,m_031,1,1,15.85,0.4,0.4,Slater2015ApJ...806..230S,1.38,0.06,0.06,298.42,14.45,14.75,227.23,16.44,16.15,35.04,0.97,0.97,0.42,0.06,0.06,,26.84,,,,,,,1.38,0.06,0.06,0.84,0.13,0.13,,,,0.17,Putman2021ApJ...913...53P,Higgs2021MNRAS.503..176H,,Higgs2021MNRAS.503..176H,-1.84,0.15,0.15,spectroscopic,-1.84,0.15,0.15,0.65,0.15,0.15,,Slater2015ApJ...806..230S,,,,,-1.95,0.04,0.04,0.34,0.05,0.05,,Fu2024ApJ...975....2F,,,,
andromeda_29,Andromeda XXIX,359.73167,30.75561,109.8015984,-30.7737523,541.69,-392.81,241.03,,,,,,,,-194.4,1.5,1.5,5.7,1.2,1.2,,-3.59,76.16,Tollerud2013ApJ...768...50T,711.21,19.38,19.93,24.26,0.06,0.06,713.62,189.06,346.64,189.06,,Savino2022ApJ...938..101S,-8.17,0.3,0.3,5.5,6.86,0.21,0.17,,,4.38,m_031,1,1,16.09,0.3,0.3,Slater2015ApJ...806..230S,1.39,0.08,0.08,286.8,17.93,18.58,241.87,16.84,16.58,55.0,4.0,4.0,0.29,0.04,0.04,,27.32,,,,,,,,,,,,,,,,0.2,Putman2021ApJ...913...53P,Slater2015ApJ...806..230S,,,-1.9,0.12,0.12,spectroscopic,-1.9,0.12,0.12,0.57,0.11,0.11,,Slater2015ApJ...806..230S,,,,,,,,,,,,,,,,
andromeda_35,Andromeda XXXV,6.660833,40.108111,117.8029431,-22.516582,804.88,-383.45,245.36,,,,,,,,,,,,,,,,,,924.7,61.72,75.3,24.83,0.15,0.17,928.23,156.09,537.68,156.09,hb,Arias2025ApJ...982L...3A,-5.2,0.3,0.03,4.31,,,,,,,m_031,1,1,19.63,0.3,0.03,Arias2025ApJ...982L...3A,0.27,0.06,0.09,71.62,20.21,21.23,52.48,17.52,18.91,82.0,17.0,17.0,0.43,0.23,0.17,,26.97,,,,,,,,,,,,,,,,,,Arias2025ApJ...982L...3A,,,-1.9,,,isochrone,,,,,,,,,-1.9,,,Arias2025ApJ...982L...3A,,,,,,,,,,,,
cassiopeia_2,Cassiopeia II,9.14417,49.64694,120.4624298,-13.1535361,521.51,-144.06,143.54,,,,,,,,-139.8,6.6,36.0,11.8,4.7,7.7,,58.2,137.59,Collins2013ApJ...768..172C,559.76,15.25,15.68,23.74,0.06,0.06,563.81,237.28,184.89,237.28,,Savino2022ApJ...938..101S,-7.74,0.2,0.3,5.33,7.36,0.64,0.38,,,4.44,m_031,1,1,16.0,0.2,0.3,Martin2016ApJ...833..167M,1.5,0.2,0.2,243.04,32.68,33.35,182.4,30.13,30.9,110.0,9.0,9.0,0.43,0.12,0.1,,27.14,,,,,,,,,,,,,,,,0.37,Putman2021ApJ...913...53P,Martin2016ApJ...833..167M,,,,,,,,,,,,,,,,,,,,,,,,,,,,,,
cassiopeia_3,Cassiopeia III,8.989333333333333,51.56005555555555,120.4799614,-11.2379762,752.39,-180.43,209.86,,,,,,,,-371.6,0.7,0.7,8.4,0.6,0.6,,-171.93,-93.0,Martin2014ApJ...793L..14M,801.68,21.85,22.46,24.52,0.06,0.06,805.75,144.69,425.67,144.69,,Savino2022ApJ...938..101S,-12.4,0.2,0.2,7.19,7.78,0.07,0.06,,,4.91,m_031,1,1,12.12,0.2,0.2,Rhode2023AJ....166..180R,4.73,0.09,0.09,1102.0,36.18,37.43,922.35,31.15,31.56,91.0,2.0,2.0,0.3,0.01,0.01,,26.0,,,,,,,4.63,0.06,0.06,0.57,0.02,0.02,,,,0.54,Putman2021ApJ...913...53P,Rhode2023AJ....166..180R,,Rhode2023AJ....166..180R,-1.7,0.1,0.1,spectroscopic,-1.7,0.1,0.1,,,,,Martin2014ApJ...793L..14M,,,,,,,,,,,,,,,,
lacerta_1,Lacerta I,344.5509166666666,41.30619444444444,101.0962317,-16.7149811,575.03,-259.35,395.86,,,,,,,,-198.4,1.1,1.1,10.3,0.9,0.9,,27.81,106.84,Martin2014ApJ...793L..14M,744.73,16.95,17.35,24.36,0.05,0.05,746.27,260.25,400.69,260.25,,Savino2022ApJ...938..101S,-11.21,0.3,0.3,6.72,7.71,0.08,0.07,,,4.97,m_031,1,1,13.15,0.3,0.3,Rhode2023AJ....166..180R,3.13,0.05,0.05,677.54,18.6,19.23,520.47,14.97,15.43,-64.0,1.0,1.0,0.41,0.01,0.01,,25.94,,,,,,,3.18,0.05,0.05,0.83,0.03,0.03,,,,0.71,Putman2021ApJ...913...53P,Rhode2023AJ....166..180R,,Rhode2023AJ....166..180R,-2.0,0.1,0.1,spectroscopic,-2.0,0.1,0.1,,,,,Martin2014ApJ...793L..14M,,,,,,,,,,,,,,,,
m_032,M 32,10.674125,40.86511111,121.1498965,-21.9763885,688.01,-309.43,167.1,,,,,,,,-199.0,6.0,6.0,92.0,5.0,5.0,,-13.18,67.0,McConnachie2012AJ....144....4M,772.68,21.06,21.65,24.44,0.06,0.06,776.61,6.48,384.6,6.48,,Savino2022ApJ...938..101S,-16.34,0.1,0.1,8.77,8.85,0.07,0.07,,,5.22,m_031,1,1,8.1,0.1,0.1,McConnachie2012AJ....144....4M,0.47,0.05,0.05,105.2,11.37,11.72,91.19,9.82,10.07,159.0,2.0,2.0,0.25,0.02,0.02,,17.03,,,,,,,,,,,,,,,,1.18,Putman2021ApJ...913...53P,McConnachie2012AJ....144....4M,,,,,,,,,,,,,,,,,,,,,,,,,,,,,,
ngc_0205,NGC 205,10.09375,41.68638889,120.717803,-21.1377936,746.69,-324.08,188.81,,,,,,,,-246.0,1.0,1.0,35.0,5.0,5.0,,-58.02,22.23,McConnachie2012AJ....144....4M,835.6,22.77,23.41,24.61,0.06,0.06,839.5,59.97,447.54,59.97,,Savino2022ApJ...938..101S,-16.51,0.1,0.1,8.84,8.71,0.14,0.13,,5.61,,m_031,1,1,8.1,0.1,0.1,McConnachie2012AJ....144....4M,2.46,0.1,0.1,596.67,28.56,30.08,450.57,46.9,43.89,28.0,5.0,5.0,0.43,0.1,0.1,,20.33,,,,,,,,,,,,,2.5,0.19,0.19,,Putman2021ApJ...913...53P,McConnachie2012AJ....144....4M,,,,,,,,,,,,,,,,,,,,,,,,,,,,,,
pegasus_5,Pegasus V,349.6158333,33.35888889,101.4910579,-25.6126205,505.48,-337.5,330.48,,,,,,,,,,,,,,,,,,691.83,31.14,30.94,24.2,0.1,0.095,693.34,249.82,346.26,249.82,,Collins2022MNRAS.515L..72C,-6.3,0.2,0.2,4.75,,,,,,,m_031,1,1,17.9,0.2,0.2,Collins2022MNRAS.515L..72C,0.4,0.1,0.2,79.54,29.46,30.52,79.15,29.06,30.24,96.0,57.0,47.0,0.01,0.01,0.01,,26.76,,,,,,,,,,,,,,,,,,Collins2022MNRAS.515L..72C,,,,,,,,,,,,,,,,,,,,,,,,,,,,,,
pegasus_7,Pegasus VII,345.455417,32.097778,97.3878815,-25.2802852,520.77,-367.1,398.71,,,,,,,,,,,,,,,,,,751.62,59.79,61.21,24.38,0.18,0.17,752.61,293.92,418.37,293.92,hb,Smith2025ApJ...983...59S,-5.7,0.2,0.2,4.51,,,,,,,m_031,1,1,18.68,0.2,0.2,Smith2025ApJ...983...59S,0.8,0.2,0.1,172.83,34.13,36.78,120.61,30.56,32.22,40.0,9.0,12.0,0.5,0.2,0.1,,28.28,,,,,,,,,,,,,,,,,,Smith2025ApJ...983...59S,,,-2.0,,,isochrone,,,,,,,,,-2.0,,,Smith2025ApJ...983...59S,,,,,,,,,10.0,,,Smith2025ApJ...983...59S
perseus_1,Perseus I,45.347666666666655,40.98483333333333,147.818198,-15.5235742,667.73,-173.9,-143.14,,,,,,,,-326.0,3.0,3.0,4.2,4.2,3.6,,-212.57,-145.1,Martin2014ApJ...793L..14M,704.69,19.2,19.74,24.24,0.06,0.06,711.33,339.58,394.11,339.58,,Savino2022ApJ...938..101S,-8.87,0.3,0.3,5.78,6.67,1.03,0.55,,,4.82,m_031,1,1,15.37,0.3,0.3,Rhode2023AJ....166..180R,1.4,0.06,0.07,286.41,15.27,15.67,272.22,17.0,16.3,-58.0,21.0,25.0,0.09,0.06,0.06,,26.88,,,,,,,1.39,0.07,0.07,0.7,0.1,0.1,,,,0.56,Putman2021ApJ...913...53P,Rhode2023AJ....166..180R,,Rhode2023AJ....166..180R,-2.0,0.2,0.2,spectroscopic,-2.0,0.2,0.2,,,,,Martin2014ApJ...793L..14M,,,,,,,,,,,,,,,,
pisces_7,Pisces VII,20.419,26.391,131.3064958,-35.9885564,733.81,-541.24,18.48,,,,,,,,,,,,,,,,,,912.01,80.25,87.99,24.8,0.2,0.2,916.37,282.15,552.33,94.12,,Collins2024MNRAS.528.2614C,-6.0,0.3,0.3,4.63,,,,,,,m_033,1,1,18.8,0.3,0.3,Collins2024MNRAS.528.2614C,0.67,0.1,0.2,175.12,40.98,44.44,175.12,40.98,44.44,96.0,36.0,32.0,,,,0.1,28.79,,,,,,,,,,,,,,,,,,Collins2024MNRAS.528.2614C,,,,,,,,,,,,,,,,,,,,,,,,,,,,,,
triangulum_4,Triangulum IV,22.16220833333333,30.984333333333336,132.2572504,-31.2127237,794.99,-488.52,17.46,,,,,,,,,,,,,,,,,,933.25,42.0,48.49,24.85,0.1,0.11,937.95,258.05,564.06,76.43,,Ogami2024arXiv240707481O,-6.39,0.52,0.54,4.79,,,,,,,m_033,0,0,18.46,0.52,0.54,Ogami2024arXiv240707481O,6.5,1.3,1.5,1748.78,380.86,393.11,1517.54,361.95,365.96,90.0,47.0,56.0,0.21,0.14,0.19,,33.09,,,,,,,,,,,,,,,,,,Ogami2024arXiv240707481O,,,-1.9,0.08,0.08,isochrone,,,,,,,,,-1.9,0.08,0.08,Ogami2024arXiv240707481O,,,,,,,,,,,,
agc_249525,AGC249525,214.47458333333333,17.546111111111113,11.7809155,67.8766519,-457.91,1853.27,849.03,,,,,,,,48.0,,,,,,,78.85,45.7,Rhode2023AJ....166..113R,2089.3,0.0,0.0,26.6,,,2086.32,2539.66,2292.78,,,Rhode2023AJ....166..113R,-6.87,0.03,0.07,4.98,,,,,6.84,,,0,0,19.73,0.03,0.07,Rhode2023AJ....166..113R,,,,,,,,,,,,,,,,,,,,,,,,,,,,,,6.73,0.67,0.67,,Rhode2023AJ....166..113R,,,,,,,,,,,,,,,,,,,,,,,,,,,,,,,
agc_268071,AGC268071,243.23167,14.3459167,28.2401727,41.522484,-139.89,331.28,442.46,,,,,,,,109.0,,,,,,,209.67,195.03,Rhode2023AJ....166..113R,570.16,0.0,0.0,23.78,,,564.84,1083.96,774.19,,,Rhode2023AJ....166..113R,-6.99,0.1,0.32,5.03,,,,,5.31,,,0,0,16.79,0.1,0.32,Rhode2023AJ....166..113R,,,,,,,,,,,,,,,,,,,,,,,,,,,,,,2.67,0.08,0.08,,Rhode2023AJ....166..113R,,,,,,,,,,,,,,,,,,,,,,,,,,,,,,,
agc_749235,AGC749235,186.04125,26.23111111,219.7669777,83.8428288,38.37,2703.67,10.22,,,,,,,,288.0,,,,,,,277.82,245.85,Karachentsev2013AJ....145..101K,2703.96,0.0,0.0,27.16,,,2704.64,3084.05,2874.14,,,Karachentsev2013AJ....145..101K,-7.67,,,5.3,,,,,6.06,,,1,1,19.49,,,Karachentsev2013AJ....145..101K,0.12,,,94.39,,,44.27,,,,,,0.78,,,,24.13,,,,,,,,,,,,,0.67,,,,Karachentsev2013AJ....145..101K,Karachentsev2013AJ....145..101K,,,,,,,,,,,,,,,,,,,,,,,,,,,,,,
antlia_1,Antlia,151.0170833,-27.33111111,263.0970707,22.3122546,-712.13,606.43,-928.94,,,,,,,,362.0,2.0,2.0,,,,,137.95,66.35,Barnes2001AJ....122..825B,1318.26,0.0,0.0,25.6,0.07,0.07,1319.18,2003.02,1650.53,,trgb,Newman2024ApJ...966..175N,-10.4,0.2,0.2,6.39,,,,,5.84,,,1,1,15.2,0.2,0.2,McConnachie2012AJ....144....4M,1.2,0.12,0.12,459.21,45.34,45.76,355.47,37.29,37.28,135.0,5.0,5.0,0.4,0.04,0.04,,25.92,,,,,,,,,,,,,1.7,0.16,0.16,,Putman2021ApJ...913...53P,McConnachie2012AJ....144....4M,,,-1.6,0.1,0.1,isochrone,,,,,,,,,-1.6,0.1,0.1,McConnachie2006MNRAS.365.1263M,,,,,,,,,,,,
antlia_b,Antlia B,147.23375,-25.99,259.4146249,21.0783463,-667.84,599.65,-1007.03,,,,,,,,375.5,1.5,1.5,8.0,1.4,1.6,,150.82,81.66,Zoutendijk2021arXiv211209374Z,1348.96,0.0,0.0,25.65,0.1,0.1,1350.38,2013.65,1669.29,88.38,,Hargis2020ApJ...888...31H,-9.79,0.6,0.6,6.15,7.14,0.18,0.16,,5.49,,ngc_3109,1,1,15.86,0.6,0.6,Sand2015ApJ...812L..13S,0.72,0.07,0.07,281.96,27.06,27.31,235.7,24.24,24.24,4.0,12.0,12.0,0.3,0.05,0.05,,25.64,,,,,,,,,,,,,0.72,0.05,0.05,,Sand2015ApJ...812L..13S,Sand2015ApJ...812L..13S,,,,,,,,,,,,,,,,,,,,,,,,,,,,,,
ddo_044,DDO 44,113.5479167,66.87972222,149.0987343,28.9584398,2539.98,1484.82,-366.11,,,,,,,,,,,,,,,,,,2964.83,0.0,0.0,27.36,0.07,0.07,2970.93,2627.4,2774.19,237.34,,Carlin2019ApJ...886..109C,-12.9,,,7.39,,,,,,,ngc_2403,1,1,14.46,,,Carlin2019ApJ...886..109C,0.74,0.02,0.02,637.84,16.99,17.15,403.41,10.75,10.85,,,,0.6,,,,23.7,,,,,,,,,,,,,,,,,,Carlin2019ApJ...886..109C,,,-1.6,0.3,0.3,isochrone,,,,,,,,,-1.6,0.3,0.3,Carlin2019ApJ...886..109C,,,,,,,,,,,,
ddo_099,DDO 99,177.7223,38.8801,166.1956761,72.7462165,674.1,2503.22,-96.01,,,,,,,,251.0,4.0,4.0,,,,,272.1,256.98,McConnachie2012AJ....144....4M,2594.18,0.0,0.0,27.07,0.14,0.14,2596.53,2821.62,2682.35,,,McConnachie2012AJ....144....4M,-14.16,0.09,0.09,7.9,,,,,,,,1,1,12.91,0.09,0.09,Carlsten2021ApJ...922..267C,1.3967,0.0668,0.0668,1052.9,49.69,50.15,736.94,38.36,38.0,,,,0.51,0.02,0.02,,23.75,,,,,,,,,,,,,,,,,,Carlsten2021ApJ...922..267C,,,-2.13,0.22,0.22,isochrone,,,,,,,,,-2.13,0.22,0.22,McConnachie2006MNRAS.365.1263M,,,,,,,,,,,,
ddo_113,DDO 113,183.74125,36.21888889,161.1015963,78.060458,558.92,2896.87,73.62,,,,,,,,284.0,6.0,6.0,,,,,305.54,286.76,McConnachie2012AJ....144....4M,2951.21,0.0,0.0,27.35,0.06,0.06,2952.81,3206.98,3057.2,133.12,,McConnachie2012AJ....144....4M,-12.2,0.1,0.1,7.11,,,,,,,ngc_4214,1,1,15.15,0.1,0.1,McConnachie2012AJ....144....4M,0.7267,0.025,0.025,623.38,21.15,21.34,494.29,25.88,25.78,40.0,2.0,2.0,0.37,0.05,0.05,,24.84,,,,,,,,,,,,,,,,,,Garling2020MNRAS.492.1713G,,,-1.99,0.21,0.21,isochrone,,,,,,,,,-1.99,0.21,0.21,McConnachie2006MNRAS.365.1263M,,,,,,,,,,,,
ddo_125,DDO 125,186.920417,43.495556,137.7580231,72.9422475,757.45,2454.23,266.66,,,,,,,,194.9,0.2,0.2,,,,,247.97,239.49,McConnachie2012AJ....144....4M,2582.26,0.0,0.0,27.06,0.05,0.05,2584.04,2762.6,2645.63,,,McConnachie2012AJ....144....4M,-14.11,0.09,0.09,7.88,,,,,,,,1,1,12.95,0.09,0.09,Carlsten2021ApJ...922..267C,1.1453,0.0547,0.0547,859.47,40.46,40.83,576.53,30.34,29.91,,,,0.55,0.02,0.02,,23.26,,,,,,,,,,,,,,,,,,Carlsten2021ApJ...922..267C,,,-1.73,0.17,0.17,isochrone,,,,,,,,,-1.73,0.17,0.17,McConnachie2006MNRAS.365.1263M,,,,,,,,,,,,
ddo_147,DDO 147,191.7495,36.4775,128.406603,80.6035091,473.76,2872.39,393.31,,,,,,,,331.0,,,,,,,368.79,351.2,Tully2009AJ....138..323T,2937.65,0.0,0.0,27.34,0.08,0.08,2938.48,3193.76,3043.72,,,Tully2009AJ....138..323T,-12.7,0.09,0.09,7.31,,,,,7.46,,,1,1,14.64,0.09,0.09,Carlsten2021ApJ...922..267C,0.673,0.0335,0.0335,574.5,28.21,28.46,452.39,23.65,23.51,,,,0.38,0.02,0.02,,24.15,,,,,,,,,,,,,14.2,,,,Tully2009AJ....138..323T,Carlsten2021ApJ...922..267C,,,,,,,,,,,,,,,,,,,,,,,,,,,,,,
ddo_190,DDO 190,216.1808333,44.52583333,82.0085345,64.4771269,683.91,2395.74,1261.35,,,,,,,,150.0,4.0,4.0,,,,,262.59,263.44,McConnachie2012AJ....144....4M,2792.54,0.0,0.0,27.23,0.01,0.02,2792.07,2914.23,2827.52,,trgb,Newman2024ApJ...966..175N,-14.16,0.09,0.09,7.9,,,,,,,,1,1,13.07,0.09,0.09,Carlsten2021ApJ...922..267C,0.5015,0.024,0.024,406.97,19.21,19.39,370.73,18.03,18.3,,,,0.17,0.02,0.02,,22.26,,,,,,,,,,,,,,,,,,Carlsten2021ApJ...922..267C,,,-2.0,0.08,0.08,isochrone,,,,,,,,,-2.0,0.08,0.08,McConnachie2006MNRAS.365.1263M,,,,,,,,,,,,
eso_006-001,ESO 006-001,124.8470833,-85.14555556,297.9558393,-25.2234619,-2307.06,-1055.78,-934.99,,,,,,,,319.0,57.0,57.0,,,,,124.9,69.85,Makarova2023ApJ...943..139M,2703.96,0.0,0.0,27.16,0.09,0.09,2700.52,3283.6,2982.61,,,Makarova2023ApJ...943..139M,-12.41,,,7.2,,,,,6.11,,,1,1,14.75,,,Makarova2023ApJ...943..139M,0.2833,0.025,0.025,222.42,19.37,19.55,209.83,18.28,18.45,,,,0.11,,,,22.77,,,,,,,,,,,,,0.75,,,,Makarova2023ApJ...943..139M,Makarova2023ApJ...943..139M,,,-1.5,0.2,0.2,isochrone,,,,,,,,,-1.5,0.2,0.2,Makarova2023ApJ...943..139M,,,,,,,,,,,,
eso_274-001,ESO 274-001,228.55625,-46.8125,326.8039911,9.3341415,-2656.42,391.34,487.43,,,,,,,,522.0,,,,,,,401.23,334.73,Tully2009AJ....138..323T,2728.98,0.0,0.0,27.18,0.08,0.08,2722.28,3436.24,3078.43,1435.85,,Tully2009AJ....138..323T,-18.22,,,9.52,,,,,8.31,,ngc_5128,1,1,8.96,,,Tully2009AJ....138..323T,,,,,,,,,,,,,0.9,,,,,,,,,,,,,,,,,116.0,,,,Tully2009AJ....138..323T,Karachentsev2013AJ....145..101K,,,,,,,,,,,,,,,,,,,,,,,,,,,,,,
eso_294-g010,ESO 294-G010,6.6395,-41.8559,320.4139702,-74.4171349,-545.19,-1948.95,-186.69,,,,,,,,106.9,0.8,0.8,,,,,60.03,70.83,Bouchard2005AJ....130.2058B,2032.36,0.0,0.0,26.54,0.04,0.04,2030.69,2087.95,2023.45,156.22,,McConnachie2012AJ....144....4M,-11.92,0.09,0.09,7.0,,,,,5.52,,ngc_0055,1,1,14.62,0.09,0.09,Carlsten2021ApJ...922..267C,0.4577,0.023,0.023,270.29,13.4,13.52,198.61,10.58,10.53,,,,0.46,0.02,0.02,,23.14,,,,,,,,,,,,,0.342,0.017,0.017,,Bouchard2005AJ....130.2058B,Carlsten2021ApJ...922..267C,,,-1.48,0.17,0.17,isochrone,,,,,,,,,-1.48,0.17,0.17,McConnachie2006MNRAS.365.1263M,,,,,,,,,,,,
eso_410-g005,ESO 410-G005,3.8813,-32.1811,357.8395792,-80.7103356,-236.16,-1908.52,-8.66,,,,,,,,158.9,1.9,1.9,,,,,151.81,176.08,Bouchard2005AJ....130.2058B,1923.09,0.0,0.0,26.42,0.04,0.04,1921.8,1861.08,1852.11,236.07,,McConnachie2012AJ....144....4M,-12.14,0.09,0.09,7.09,,,,,5.86,,ngc_0055,1,1,14.28,0.09,0.09,Carlsten2021ApJ...922..267C,0.4778,0.023,0.023,267.04,12.68,12.79,223.43,11.15,11.14,,,,0.3,0.02,0.02,,23.18,,,,,,,,,,,,,0.84,0.03,0.03,,Putman2021ApJ...913...53P,Carlsten2021ApJ...922..267C,,,-1.93,0.2,0.2,isochrone,,,,,,,,,-1.93,0.2,0.2,McConnachie2006MNRAS.365.1263M,,,,,,,,,,,,
gr_8,GR 8,194.6663,14.2178,310.7289689,76.980008,-487.33,2115.08,177.17,,,,,,,,213.9,2.5,2.5,,,,,181.45,136.25,Young2003ApJ...592..111Y,2177.71,0.0,0.0,26.69,0.12,0.12,2176.53,2693.47,2418.24,,,McConnachie2012AJ....144....4M,-12.05,0.09,0.09,7.05,,,,,7.04,,,1,1,14.64,0.09,0.09,Carlsten2021ApJ...922..267C,0.474,0.0237,0.0237,299.95,14.77,14.91,234.3,12.33,12.2,,,,0.39,0.02,0.02,,23.37,,,,,,,,,,,,,9.74,,,,Young2003ApJ...592..111Y,Carlsten2021ApJ...922..267C,,,,,,,,,,,,,,,,,,,,,,,,,,,,,,
hedgehog_dw1322m2053,Hedgehog,200.69533,-20.898872,312.7044712,41.3773561,-1794.05,1592.15,29.03,,,,,,,,,,,,,,,,,,2398.83,0.0,0.0,26.9,0.13,0.13,2394.71,3131.85,2762.37,,,Li2024ApJ...975L..23L,-9.83,0.16,0.16,6.17,,,,,,6.0,,0,0,17.07,0.16,0.16,Li2024ApJ...975L..23L,0.2517,0.0133,0.0133,175.42,9.17,9.25,154.93,8.7,8.65,,,,0.22,0.03,0.03,,24.69,,,,,,,0.2516666666666666,0.0133333333333333,0.0133333333333333,0.56,0.03,0.03,,,,0.73,Li2024ApJ...975L..23L,Li2024ApJ...975L..23L,,Li2024ApJ...975L..23L,,,,,,,,,,,,,,,,,,,,,,,,,,,,
hizss_3a,HIZSS 3A,105.1220833,-4.208333333,217.708123,0.0905337,281.11,184.39,-1640.86,,,,,,,,288.0,2.5,2.5,,,,,127.59,108.47,McConnachie2012AJ....144....4M,1674.94,0.0,0.0,26.12,0.14,0.14,1681.38,1919.56,1759.09,,,McConnachie2012AJ....144....4M,,,,,,,,,7.15,,,0,0,,,,,,,,,,,,,,,,,,,,,,,,,,,,,,,,,,21.18,3.03,3.03,,Putman2021ApJ...913...53P,,,,,,,,,,,,,,,,,,,,,,,,,,,,,,,
hizss_3b,HIZSS 3B,105.1220833,-4.208333333,217.708123,0.0905337,281.11,184.39,-1640.86,,,,,,,,322.6,1.4,1.4,,,,,162.19,143.07,McConnachie2012AJ....144....4M,1674.94,0.0,0.0,26.12,0.14,0.14,1681.38,1919.56,1759.09,,,McConnachie2012AJ....144....4M,,,,,,,,,6.41,,,0,0,,,,,,,,,,,,,,,,,,,,,,,,,,,,,,,,,,3.93,0.45,0.45,,Putman2021ApJ...913...53P,,,,,,,,,,,,,,,,,,,,,,,,,,,,,,,
ic_3104,IC 3104,184.6916667,-79.72611111,301.4139777,-16.9507838,-2087.6,-592.05,-666.1,,,,,,,,429.0,4.0,4.0,,,,,232.67,170.22,McConnachie2012AJ....144....4M,2269.86,0.0,0.0,26.78,0.18,0.18,2265.83,2917.47,2584.81,,,McConnachie2012AJ....144....4M,-14.29,,,7.95,,,,,,,,1,1,12.49,,,McConnachie2012AJ....144....4M,2.01,,,1327.16,,,919.48,,,45.0,2.0,2.0,0.52,0.02,0.02,,24.1,,,,,,,,,,,,,,,,,,McConnachie2012AJ....144....4M,,,,,,,,,,,,,,,,,,,,,,,,,,,,,,
ic_4662,IC 4662,266.7866667,-64.64166667,328.5486164,-17.8496506,-2281.69,-794.05,365.71,,,,,,,,302.0,3.0,3.0,,,,,188.11,139.01,McConnachie2012AJ....144....4M,2443.43,0.0,0.0,26.94,0.17,0.17,2436.84,3021.11,2719.92,,,McConnachie2012AJ....144....4M,-15.84,0.3,0.3,8.57,,,,,,,,1,1,11.1,0.3,0.3,McConnachie2012AJ....144....4M,0.48,0.05,0.05,340.43,35.02,35.34,290.83,29.95,30.37,-69.0,4.0,4.0,0.27,0.01,0.01,,20.05,,,,,,,,,,,,,,,,,,McConnachie2012AJ....144....4M,,,-1.34,0.13,0.13,isochrone,,,,,,,,,-1.34,0.13,0.13,McConnachie2006MNRAS.365.1263M,,,,,,,,,,,,
ic_5152,IC 5152,330.6735,-51.2963,343.9189919,-50.1922504,-1116.69,-1550.18,389.67,,,,,,,,122.0,2.0,2.0,,,,,80.41,72.96,McConnachie2012AJ....144....4M,1949.84,0.0,0.0,26.45,0.05,0.05,1944.86,2207.44,2046.14,,,McConnachie2012AJ....144....4M,-16.06,0.09,0.09,8.66,,,,,7.94,,,1,1,10.39,0.09,0.09,Carlsten2021ApJ...922..267C,1.3247,0.0622,0.0622,750.6,34.74,35.06,546.41,27.56,27.3,,,,0.47,0.02,0.02,,21.2,,,,,,,,,,,,,97.11,4.46,4.46,,Putman2021ApJ...913...53P,Carlsten2021ApJ...922..267C,,,,,,,,,,,,,,,,,,,,,,,,,,,,,,
kk_153,KK 153,188.7570833,58.3866111,127.0605366,58.609906,1569.11,2566.51,571.42,,,,,,,,127.5,0.2,0.2,,,,,232.18,244.71,Xu2025ApJ...982L..36X,3061.96,0.0,0.0,27.43,0.1,0.12,3064.52,3029.86,3021.13,,trgb,Bellazzini2026A&A...705A.253B,-10.87,0.2,0.2,6.58,,,,,6.09,,,1,1,16.56,0.2,0.2,Bellazzini2026A&A...705A.253B,0.29,0.0133,0.0133,258.05,11.7,11.81,199.89,9.06,9.15,167.0,,,0.4,,,,24.2,,,,,,,,,,,,,0.5534,0.0502,0.0502,,Xu2025ApJ...982L..36X,Bellazzini2026A&A...705A.253B,,,,,,,,,,,,,,,,,,,,,,,,,,,,,,
kk_258,KK 258,340.1829167,-30.79972222,17.7288638,-61.2774225,-557.16,-2151.08,746.89,,,,,,,,92.0,5.0,5.0,,,,,127.02,149.85,Karachentsev2014MNRAS.443.1281K,2344.23,0.0,0.0,26.85,0.07,0.07,2340.52,2302.7,2290.92,,,Karachentsev2014MNRAS.443.1281K,-10.61,,,6.48,,,,,,,,1,1,16.24,,,Karachentsev2014MNRAS.443.1281K,1.6,,,1091.05,,,771.49,,,,,,0.5,,,,27.4,,,,,,,,,,,,,,,,,,Karachentsev2004AJ....127.2031K,,,,,,,,,,,,,,,,,,,,,,,,,,,,,,
kkh_86,KKH 86,208.6397,4.2444,339.045484,62.6036984,-1104.19,2230.4,688.57,,,,,,,,287.2,0.7,0.7,,,,,259.23,208.74,McConnachie2012AJ....144....4M,2582.26,0.0,0.0,27.06,0.16,0.16,2578.78,3151.77,2854.84,,,McConnachie2012AJ....144....4M,-10.65,0.09,0.09,6.49,,,,,,,,1,1,16.41,0.09,0.09,Carlsten2021ApJ...922..267C,0.2757,0.0158,0.0158,206.82,11.72,11.83,156.15,9.33,9.33,,,,0.43,0.02,0.02,,23.89,,,,,,,,,,,,,,,,,,Carlsten2021ApJ...922..267C,,,-2.33,0.29,0.29,isochrone,,,,,,,,,-2.33,0.29,0.29,McConnachie2006MNRAS.365.1263M,,,,,,,,,,,,
kkh_98,KKH 98,356.3916667,38.71777778,109.0931464,-22.3773711,2055.0,-1076.55,992.96,,,,,,,,-136.9,1.0,1.0,,,,,70.85,151.56,McConnachie2012AJ....144....4M,2523.48,0.0,0.0,27.01,0.09,0.09,2525.95,1768.56,2144.14,,,McConnachie2012AJ....144....4M,-11.81,0.3,0.3,6.96,,,,,,,,1,1,15.2,0.3,0.3,McConnachie2012AJ....144....4M,0.64,0.06,0.06,468.88,43.4,43.79,360.12,33.5,33.99,-5.0,1.0,1.0,0.41,0.01,0.01,,24.54,,,,,,,,,,,,,,,,,,McConnachie2012AJ....144....4M,,,-1.94,0.25,0.25,isochrone,,,,,,,,,-1.94,0.25,0.25,McConnachie2006MNRAS.365.1263M,,,,,,,,,,,,
kkr_03,KKR 3,211.79375,35.06027778,63.7098664,71.9922108,190.28,1996.5,874.11,,,,,,,,63.3,1.8,1.8,,,,,140.54,127.33,McConnachie2012AJ....144....4M,2187.76,0.0,0.0,26.7,0.12,0.12,2186.66,2459.99,2295.27,,,McConnachie2012AJ....144....4M,-9.5,0.3,0.3,6.03,,,,,,,,1,1,17.2,0.3,0.3,McConnachie2012AJ....144....4M,0.36,0.04,0.04,228.58,25.08,25.31,222.74,24.42,24.79,0.0,1.0,1.0,0.05,0.01,0.01,,25.81,,,,,,,,,,,,,,,,,,McConnachie2012AJ....144....4M,,,-2.02,0.25,0.25,isochrone,,,,,,,,,-2.02,0.25,0.25,McConnachie2006MNRAS.365.1263M,,,,,,,,,,,,
kkr_25,KKR 25,243.45,54.37111111,83.87891,44.4083527,817.34,1215.99,1245.64,,,,,,,,-139.5,1.0,1.0,,,,,41.38,67.42,McConnachie2012AJ....144....4M,1923.09,0.0,0.0,26.42,0.07,0.07,1922.49,1868.5,1855.84,,,McConnachie2012AJ....144....4M,-10.52,0.2,0.2,6.44,,,,,,5.79,,1,1,15.9,0.2,0.2,Karachentsev2001A&A...379..407K,0.4,0.06,0.06,223.07,33.07,33.37,171.27,25.53,25.89,,,,0.41,0.02,0.02,,24.22,,,,,,,,,,,,,,,,0.7,Putman2021ApJ...913...53P,McConnachie2012AJ....144....4M,,,-2.1,0.3,0.3,isochrone,,,,,,,,,-2.1,0.3,0.3,Karachentsev2001A&A...379..407K,,,,,,,,,,,,
kks_03,KKs 3,36.185,-73.51417,294.2351991,-42.001948,-1447.61,-1340.81,-770.78,,,,,,,,316.0,7.0,7.0,,,,,148.3,112.4,Karachentsev2015AN....336..707K,2118.36,0.0,0.0,26.63,0.07,0.07,2115.9,2556.71,2315.47,,,Karachentsev2015MNRAS.447L..85K,-11.3,,,6.75,,,,,,5.7,,1,1,15.33,,,Karachentsev2015MNRAS.447L..85K,2.45,,,1509.71,,,954.82,,,,,,0.6,,,,27.17,,,,,,,,,,,,,,,,0.474,Karachentsev2013AJ....145..101K,Karachentsev2013AJ....145..101K,,,-1.9,,,spectroscopic,-1.9,,,,,,,Karachentsev2015MNRAS.447L..85K,,,,,,,,,,,,,,,,
kks_53,KKs 53,197.8091,-38.9061,307.1402679,23.8038152,-2572.94,1197.45,-334.54,,,,,,,,,,,,,,,,,,2857.59,0.0,0.0,27.28,0.07,0.07,2853.11,3630.56,3243.86,869.32,,Tully2009AJ....138..323T,-10.68,,,6.51,,,,,,6.12,ngc_5128,1,1,16.6,,,Tully2009AJ....138..323T,0.79,,,656.68,,,612.51,,,,,,0.13,,,,26.83,,,,,,,,,,,,,,,,0.68,Karachentsev2013AJ....145..101K,Karachentsev2013AJ....145..101K,,,,,,,,,,,,,,,,,,,,,,,,,,,,,,
leo_k,Leo K,141.0253568,16.51057655,214.2409307,41.0616162,74.42,318.8,-285.7,,,,,,,,,,,,,,,,,,434.51,0.0,0.0,23.19,0.64,0.08,439.62,989.76,658.44,,,McQuinn2024ApJ...967..161M,-4.73,0.4,0.7,4.13,,,,,,,,1,1,18.46,0.4,0.7,McQuinn2024ApJ...967..161M,0.6367,0.0583,0.0633,80.31,7.58,7.65,61.68,5.84,5.93,-69.0,12.0,16.0,0.41,0.01,0.01,,27.79,,,,,,,,,,,,,,,,,,McQuinn2024ApJ...967..161M,,,-1.9,0.1,0.1,isochrone,,,,,,,,,-1.9,0.1,0.1,McQuinn2024ApJ...967..161M,,,,,,,,,,,,
leo_m,Leo M,166.3393,25.34529,211.1934201,66.1890944,51.65,437.16,-130.72,,,,,,,,,,,,,,,,,,459.2,0.0,0.0,23.31,0.09,0.1,462.07,1026.34,693.86,,,McQuinn2024ApJ...967..161M,-5.77,0.16,0.15,4.54,,,,,,,,1,1,17.54,0.16,0.15,McQuinn2024ApJ...967..161M,0.9967,0.035,0.0383,133.03,4.83,4.87,83.08,3.22,3.23,-51.0,7.0,9.0,0.61,0.01,0.01,,27.4,,,,,,,,,,,,,,,,,,McQuinn2024ApJ...967..161M,,,-1.9,0.1,0.1,isochrone,,,,,,,,,-1.9,0.1,0.1,McQuinn2024ApJ...967..161M,,,,,,,,,,,,
leo_p,Leo P,155.4379167,18.08805556,219.6377833,54.4352373,126.91,1414.15,-783.8,,,,,,,,260.8,2.5,2.5,,,,,170.22,133.46,BernsteinCooper2014AJ....148...35B,1621.81,0.0,0.0,26.05,0.2,0.2,1625.46,2046.09,1804.91,,,McQuinn2015ApJ...812..158M,-9.27,0.2,0.2,5.94,,,,,5.97,,,1,1,16.78,0.2,0.2,McQuinn2015ApJ...812..158M,1.2,,,566.12,,,392.22,,,335.0,,,0.52,,,,27.27,,,,,,,,,,,,,1.52,0.27,0.27,,Putman2021ApJ...913...53P,McQuinn2015ApJ...812..158M,,,,,,,,,,,,,,,,,,,,,,,,,,,,,,
ngc_0055,NGC 55,3.7233333,-39.19666667,332.8819727,-75.7308757,-458.84,-1875.0,-79.54,,,,,,,,129.0,2.0,2.0,,,,,96.7,111.38,McConnachie2012AJ....144....4M,1931.97,0.0,0.0,26.43,0.12,0.12,1930.2,1962.39,1908.16,,,McConnachie2012AJ....144....4M,-18.53,0.1,0.1,9.65,,,,,9.13,,,1,1,7.9,0.1,0.1,McConnachie2012AJ....144....4M,5.16,0.2,0.02,2898.57,60.91,61.47,1194.57,43.68,43.1,108.0,2.0,2.0,0.83,0.01,0.01,,20.43,,,,,,,,,,,,,1522.0,,,,Puche1991AJ....101..447P,McConnachie2012AJ....144....4M,,,,,,,,,,,,,,,,,,,,,,,,,,,,,,
ngc_0055-dw1,NGC 55-dw1,3.874,-38.419,334.3700185,-76.4312391,-493.11,-2140.13,-85.35,,,,,,,,,,,,,,,,,,2197.86,0.0,0.0,26.71,0.05,0.12,2196.16,2199.16,2163.98,267.39,,McNanna2024ApJ...961..126M,-8.0,0.3,0.5,5.43,,,,,,,ngc_0055,0,0,18.71,0.3,0.5,McNanna2024ApJ...961..126M,5.2,0.8,1.2,3311.29,629.92,635.72,2163.15,492.09,516.61,156.0,8.0,7.0,0.56,0.12,0.1,,32.25,,,,,,,,,,,,,,,,,,McNanna2024ApJ...961..126M,,,-1.8,,,isochrone,,,,,,,,,-1.8,,,McNanna2024ApJ...961..126M,,,,,,,,,6.5,2.7,4.3,McNanna2024ApJ...961..126M
ngc_0300,NGC 300,13.7229167,-37.68444444,299.2082537,-79.418825,-364.54,-2028.12,-344.94,,,,,,,,146.0,2.0,2.0,,,,,100.14,115.73,McConnachie2012AJ....144....4M,2089.3,0.0,0.0,26.6,0.06,0.06,2088.58,2085.37,2050.93,320.59,trgb,Tully2009AJ....138..323T,-18.5,0.1,0.1,9.63,,,,,9.25,,ngc_0055,1,1,8.1,0.1,0.1,McConnachie2012AJ....144....4M,5.0,,,3038.76,,,1252.91,,,108.0,2.0,2.0,0.83,0.01,0.01,,20.56,,,,,,,,,,,,,1720.0,181.0,181.0,,Westmeier2011MNRAS.410.2217W,McConnachie2012AJ....144....4M,,,,,,,,,,,,,,,,,,,,,,,,,,,,,,
ngc_4163,NGC 4163,183.038917,36.168917,163.202662,77.7009608,547.88,2804.24,43.72,,,,,,,,165.0,5.0,5.0,,,,,185.09,166.21,McConnachie2012AJ....144....4M,2857.59,0.0,0.0,27.28,0.02,0.02,2859.26,3116.02,2964.29,,,Tully2009AJ....138..323T,-14.02,0.09,0.09,7.84,,,,,,,,1,1,13.26,0.09,0.09,Carlsten2021ApJ...922..267C,0.3215,0.0155,0.0156,266.98,12.74,12.85,246.11,12.09,12.26,,,,0.15,0.02,0.02,,21.51,,,,,,,,,,,,,,,,,,Carlsten2021ApJ...922..267C,,,-1.65,0.15,0.15,isochrone,,,,,,,,,-1.65,0.15,0.15,McConnachie2006MNRAS.365.1263M,,,,,,,,,,,,
ngc_4190,NGC 4190,183.4358333,36.63333333,160.62,77.589457,546.37,2711.7,64.16,,,,,,,,235.0,,,,,,,257.5,239.27,Tully2009AJ....138..323T,2766.94,0.0,0.0,27.21,0.06,0.06,2768.6,3022.97,2871.67,56.73,,Tully2009AJ....138..323T,-14.45,0.09,0.09,8.01,,,,,7.46,,ngc_4214,1,1,12.76,0.09,0.09,Carlsten2021ApJ...922..267C,0.4548,0.0217,0.0217,365.72,17.18,17.34,287.98,14.46,14.4,,,,0.38,0.02,0.02,,21.42,,,,,,,,,,,,,16.0,,,,Tully2009AJ....138..323T,Carlsten2021ApJ...922..267C,,,,,,,,,,,,,,,,,,,,,,,,,,,,,,
ngc_4214,NGC 4214,183.9132,36.3274,160.2527295,78.074153,536.57,2765.72,78.46,,,,,,,,293.0,,,,,,,315.25,296.62,Tully2009AJ....138..323T,2818.38,0.0,0.0,27.25,0.07,0.07,2819.97,3076.92,2924.84,,,Tully2009AJ....138..323T,-17.65,,,9.29,,,,,8.45,,,1,1,9.6,,,Tully2009AJ....138..323T,,,,,,,,,,,,,0.22,,,,,,,,,,,,,,,,,150.5,,,,Tully2009AJ....138..323T,Karachentsev2013AJ....145..101K,,,,,,,,,,,,,,,,,,,,,,,,,,,,,,
pavo_1,Pavo,298.7518,-61.07524,335.8491483,-31.1294421,-1751.8,-1173.16,459.08,,,,,,,,223.7,3.6,3.6,,,,,143.74,111.96,Jones2025ApJ...990..164J,2157.74,0.0,0.0,26.67,0.08,0.08,2151.41,2610.46,2363.15,,,MutluPakdil2026ApJ...997..271M,-10.62,0.08,0.08,6.48,,,,,5.79,,,1,1,16.05,0.08,0.08,MutluPakdil2026ApJ...997..271M,0.8167,0.0333,0.0333,512.16,20.61,20.8,354.82,16.24,16.01,137.0,1.0,1.0,0.52,0.02,0.02,,25.7,,,,,,,,,,,,,0.56,0.02,0.02,,Jones2025ApJ...990..164J,MutluPakdil2026ApJ...997..271M,,,,,,,,,,,,,,,,,,,,,,,,,,,,,,
pegasus_w,Pegasus W,358.3124817,22.10197022,105.5582193,-38.7987291,606.8,-612.04,310.92,,,,,,,,,,,,,,,,,,916.22,0.0,0.0,24.81,0.22,0.14,917.95,348.45,574.3,,,McQuinn2023ApJ...944...14M,-7.2,0.16,0.17,5.11,,,,,,,,1,1,17.61,0.16,0.17,McQuinn2023ApJ...944...14M,0.3833,0.0333,0.0333,101.97,8.74,8.82,92.64,8.99,9.03,92.0,3.0,3.0,0.17,0.08,0.07,,26.2,,,,,,,,,,,,,,,,,,McQuinn2023ApJ...944...14M,,,-1.9,0.1,0.1,isochrone,,,,,,,,,-1.9,0.1,0.1,McQuinn2023ApJ...944...14M,,,,,,,,,,,,
sculptor_a,Sculptor A,17.128333333333334,-36.06469444444444,281.8841602,-80.3552201,-184.03,-1307.37,-276.8,,,,,,,,,,,,,,,,,,1348.96,0.0,0.0,25.65,0.13,0.33,1348.71,1403.91,1320.87,,,Sand2024ApJ...977L...5S,-6.9,0.3,0.3,4.99,,,,,,5.29,,0,0,18.75,0.3,0.3,Sand2024ApJ...977L...5S,0.28,0.07,0.07,109.31,27.07,27.31,86.7,23.96,25.39,-11.5,17.5,17.5,0.34,0.17,0.17,,26.36,,,,,,,,,,,,,,,,0.46,Sand2024ApJ...977L...5S,Sand2024ApJ...977L...5S,,,,,,,,,,,,,,,,,,,,,,,,,,,,,,
sculptor_b,Sculptor B,16.71208333333333,-35.0775,281.3684038,-81.395658,-301.24,-2421.8,-488.44,,,,,,,,,,,,,,,,,,2488.86,0.0,0.0,26.98,0.17,0.23,2488.63,2428.54,2428.06,,,Sand2024ApJ...977L...5S,-8.1,0.3,0.3,5.47,,,,,,5.81,,0,0,18.88,0.3,0.3,Sand2024ApJ...977L...5S,0.34,0.1183,0.1183,244.56,83.97,85.26,179.24,69.75,76.29,133.1,29.2,29.2,0.41,0.22,0.22,,26.74,,,,,,,,,,,,,,,,0.44,Sand2024ApJ...977L...5S,Sand2024ApJ...977L...5S,,,,,,,,,,,,,,,,,,,,,,,,,,,,,,
sculptor_c,Sculptor C,14.46749999999999,-35.85233333333333,294.4116894,-81.1692565,-288.61,-1991.82,-343.61,,,,,,,,,,,,,,,,,,2041.74,0.0,0.0,26.55,0.13,0.1,2041.24,2017.12,1992.01,84.17,,Sand2024ApJ...977L...5S,-9.1,0.1,0.1,5.87,,,,,,5.6,ngc_0300,0,0,17.45,0.1,0.1,Sand2024ApJ...977L...5S,0.61,0.07,0.07,361.43,40.96,41.34,313.65,41.14,41.52,66.9,12.6,12.6,0.24,0.1,0.1,,26.95,,,,,,,,,,,,,,,,0.41,Sand2024ApJ...977L...5S,Sand2024ApJ...977L...5S,,,,,,,,,,,,,,,,,,,,,,,,,,,,,,
tucana_b,Tucana B,341.7520833,-58.4075,328.987681,-51.9619332,-852.55,-1125.05,51.75,,,,,,,,,,,,,,,,,,1412.54,0.0,0.0,25.75,0.45,0.55,1408.27,1753.3,1544.02,,,Sand2022ApJ...935L..17S,-6.9,0.6,0.5,4.99,,,,,,5.61,,1,1,18.85,0.6,0.5,Sand2022ApJ...935L..17S,0.2,0.0833,0.0833,81.73,33.08,34.02,81.73,33.08,34.02,,,,,,,0.35,26.23,,,,,,,,,,,,,,,,0.86,Sand2022ApJ...935L..17S,Sand2022ApJ...935L..17S,,,,,,,,,,,,,,,,,,,,,,,,,,,,,,
ugc_08508,UGC 8508,202.685,54.9107,111.1415267,61.3087485,1112.07,2191.13,793.92,,,,,,,,56.0,5.0,5.0,,,,,170.56,180.48,McConnachie2012AJ....144....4M,2582.26,0.0,0.0,27.06,0.03,0.03,2583.68,2607.96,2565.95,,,McConnachie2012AJ....144....4M,-13.35,0.09,0.09,7.57,,,,,,,,1,1,13.71,0.09,0.09,Carlsten2021ApJ...922..267C,0.4953,0.024,0.024,371.7,17.76,17.93,265.4,13.79,13.73,,,,0.49,0.02,0.02,,22.34,,,,,,,,,,,,,,,,,,Carlsten2021ApJ...922..267C,,,-1.91,0.19,0.19,isochrone,,,,,,,,,-1.91,0.19,0.19,McConnachie2006MNRAS.365.1263M,,,,,,,,,,,,
ugc_09128,UGC 9128,213.9857,23.055,25.5726569,70.4644892,-277.98,2020.51,923.12,,,,,,,,152.0,1.0,1.0,,,,,198.67,171.69,McConnachie2012AJ....144....4M,2238.72,0.0,0.0,26.75,0.02,0.02,2236.28,2631.44,2411.94,,trgb,Newman2024ApJ...966..175N,-12.46,0.09,0.09,7.22,,,,,,,,1,1,14.29,0.09,0.09,Carlsten2021ApJ...922..267C,0.497,0.0245,0.0245,323.32,15.72,15.86,254.62,13.22,13.09,,,,0.38,0.02,0.02,,23.14,,,,,,,,,,,,,,,,,,Carlsten2021ApJ...922..267C,,,-2.33,0.24,0.24,isochrone,,,,,,,,,-2.33,0.24,0.24,McConnachie2006MNRAS.365.1263M,,,,,,,,,,,,
ugca_086,UGCA 86,59.95125,67.13861111,139.7624681,10.6471738,2911.25,557.84,-60.59,,,,,,,,67.0,4.0,4.0,,,,,214.68,275.15,McConnachie2012AJ....144....4M,2964.83,0.0,0.0,27.36,0.17,0.17,2970.93,2391.3,2665.28,677.71,,McConnachie2012AJ....144....4M,-13.16,,,7.5,,,,,,,ic_0342,1,1,14.2,,,McConnachie2012AJ....144....4M,0.94,,,810.69,,,668.51,,,25.0,1.0,1.0,0.32,0.03,0.03,,24.54,,,,,,,,,,,,,,,,,,McConnachie2012AJ....144....4M,,,,,,,,,,,,,,,,,,,,,,,,,,,,,,
uks_2323_326,UKS 2323-326,351.6145833,-32.38888889,11.8670081,-70.8588706,-420.46,-2138.14,356.19,,,,,,,,62.0,5.0,5.0,,,,,75.35,98.76,McConnachie2012AJ....144....4M,2208.0,0.0,0.0,26.72,0.09,0.09,2205.41,2152.33,2145.52,510.46,,McConnachie2012AJ....144....4M,-13.22,0.2,0.2,7.52,,,,,,,ngc_0055,1,1,13.5,0.2,0.2,McConnachie2012AJ....144....4M,0.9,0.1,0.1,576.72,63.28,63.87,546.97,60.01,60.88,-60.0,4.0,4.0,0.1,0.01,0.01,,24.04,,,,,,,,,,,,,,,,,,McConnachie2012AJ....144....4M,,,-1.68,0.19,0.19,isochrone,,,,,,,,,-1.68,0.19,0.19,McConnachie2006MNRAS.365.1263M,,,,,,,,,,,,
a0952p69,A0952+69,149.37083,69.27222,141.7370396,40.9195914,2958.33,2581.06,58.56,,,,,,,,99.0,,,,,,,211.37,241.66,Lang2003MNRAS.342..738L,3926.45,0.0,0.0,27.97,0.17,0.17,3931.27,3671.16,3781.09,312.85,,Tully2009AJ....138..323T,-11.85,,,6.97,,,,,7.02,,m_081,1,1,16.12,,,Karachentsev2013AJ....145..101K,,,,,,,,,,,,,,,,,,,,,,,,,,,,,,2.858,,,,Lang2003MNRAS.342..738L,,,,,,,,,,,,,,,,,,,,,,,,,,,,,,,
agc_112521,AGC 112521,25.282917,27.323889,136.3020652,-34.2543922,5434.9,-3690.4,-306.8,,,,,,,,274.0,1.0,1.0,,,,,402.16,476.02,Haynes2011AJ....142..170H,6576.58,0.0,0.0,29.09,0.05,0.05,6581.44,5845.06,6209.49,,trgb,McQuinn2021ApJ...918...23M,-11.38,0.1,0.1,6.79,,,,,6.85,,,1,1,17.71,0.1,0.1,Carlsten2021ApJ...922..267C,0.2245,0.0158,0.0158,428.85,29.84,30.12,303.1,23.16,23.09,,,,0.5,0.03,0.03,,24.6,,,,,,,,,,,,,0.69,0.04,0.04,,Haynes2011AJ....142..170H,Carlsten2021ApJ...922..267C,,,,,,,,,,,,,,,,,,,,,,,,,,,,,,
agc_238890,AGC 238890,203.12625,25.123611,22.9607275,80.5698734,-361.95,5153.56,1373.22,,,,,,,,360.0,3.0,3.0,,,,,385.32,355.89,Haynes2011AJ....142..170H,5345.64,0.0,0.0,28.64,0.03,0.03,5344.42,5689.44,5506.55,,trgb,McQuinn2021ApJ...918...23M,-12.97,,,7.42,,,,,6.37,,,1,1,15.67,,,McQuinn2021ApJ...918...23M,0.8833,,,1373.57,,,1124.32,,,85.0,,,0.33,,,,25.86,,,,,,,,,,,,,0.35,0.04,0.04,,Haynes2011AJ....142..170H,McQuinn2021ApJ...918...23M,,,,,,,,,,,,,,,,,,,,,,,,,,,,,,
agc_239141,AGC 239141,199.42,35.46639,90.6758591,79.958896,448.42,3617.48,879.32,,,,,,,,326.0,,,,,,,376.45,359.21,Karachentsev2013AJ....145..101K,3749.73,0.0,0.0,27.87,,,3749.76,3994.71,3854.66,,,Karachentsev2013AJ....145..101K,-9.71,,,6.12,,,,,6.23,,,1,1,18.16,,,Karachentsev2013AJ....145..101K,,,,,,,,,,,,,,,,,,,,,,,,,,,,,,0.51,0.05,0.05,,Karachentsev2013AJ....145..101K,,,,,,,,,,,,,,,,,,,,,,,,,,,,,,,
agc_749241,AGC 749241,190.007083,26.321944,229.8487657,87.3278512,-11.34,5611.99,358.03,,,,,,,,451.0,1.0,1.0,,,,,449.63,418.26,Haynes2011AJ....142..170H,5623.41,0.0,0.0,28.75,0.05,0.06,5623.66,5962.68,5782.51,,trgb,McQuinn2021ApJ...918...23M,-10.93,,,6.61,,,,,6.75,,,1,1,17.82,,,McQuinn2021ApJ...918...23M,0.45,0.0012,,736.1,,,709.87,,,0.0,,,0.07,,,,26.9,,,,,,,,,,,,,0.76,0.03,0.03,,Haynes2011AJ....142..170H,McQuinn2021ApJ...918...23M,,,,,,,,,,,,,,,,,,,,,,,,,,,,,,
am_1320-230,AM 1320-230,200.8745833,-23.3930556,312.3950403,38.8888684,-3797.91,3092.6,9.9,,,,,,,,,,,,,,,,,,4897.79,0.0,0.0,28.45,,,4893.53,5634.27,5264.58,1890.82,,Karachentsev2013AJ....145..101K,-12.03,,,7.05,,,,,,,ngc_5128,1,1,16.42,,,Muller2017A&A...597A...7M,0.2133,,,303.94,,,303.94,,,,,,,,,,23.95,,,,,,,,,,,,,,,,,,Muller2017A&A...597A...7M,,,,,,,,,,,,,,,,,,,,,,,,,,,,,,
andromeda_04,Andromeda IV,10.634583333333332,40.57166666666667,121.1058578,-22.2685245,6376.77,-2908.33,1549.63,,,,,,,,234.0,1.0,1.0,,,,,419.49,499.67,Begum2008MNRAS.386.1667B,7177.94,0.0,0.0,29.28,0.09,0.09,7181.83,6401.76,6789.87,,,Karachentsev2016AN....337..306K,-13.37,0.1,0.1,7.58,,,,,8.37,,,1,1,15.91,0.1,0.1,Karachentsev2016AN....337..306K,0.2167,,,452.4,,,452.4,,,,,,,,,,23.48,,,,,,,,,,,,,19.5,2.0,2.0,,Begum2008MNRAS.386.1667B,Karachentsev2016AN....337..306K,,,,,,,,,,,,,,,,,,,,,,,,,,,,,,
bedin_1,Bedin 1,287.6910417,-59.91729167,336.5636533,-25.6033281,-7417.81,-4025.15,2152.22,,,,,,,,,,,,,,,,,,8709.64,0.0,0.0,29.7,0.13,0.13,8702.92,9140.89,8919.41,,,Bedin2019MNRAS.484L..54B,-9.76,,,6.14,,,,,,,,1,1,19.94,,,Bedin2019MNRAS.484L..54B,0.3333,,,844.51,,,534.12,,,58.0,,,0.6,,,,27.45,,,,,,,,,,,,,,,,,,Bedin2019MNRAS.484L..54B,,,-1.3,,,isochrone,,,,,,,,,-1.3,,,Bedin2019MNRAS.484L..54B,,,,,,,,,13.0,,,Bedin2019MNRAS.484L..54B
bk3n,BK3N,148.45208333333332,68.96916666666667,142.3142004,40.8269315,3142.66,2738.76,29.8,,,,,,,,-40.0,,,,,,,70.97,101.09,Tikhonov1993A&A...275...39T,4168.69,0.0,0.0,28.1,0.13,0.13,4173.56,3910.12,4022.8,554.73,,Tully2009AJ....138..323T,-9.98,,,6.23,,,,,7.29,,m_081,1,1,18.12,,,Karachentsev2013AJ....145..101K,0.1117,,,135.41,,,135.41,,,,,,,,,,24.25,,,,,,,,,,,,,4.786,,,,Boyce2001ApJ...560L.127B,Chiboucas2009AJ....137.3009C,,,,,,,,,,,,,,,,,,,,,,,,,,,,,,
bk5n,BK5N,151.1733333,68.25688889,142.308069,42.0482609,2736.08,2487.92,37.71,,,,,,,,,,,,,,,,,,3698.28,0.0,0.0,27.84,0.09,0.09,3703.06,3463.5,3561.74,112.08,,Karachentsev2013AJ....145..101K,-11.18,0.58,0.58,6.71,,,,,,,m_081,1,1,16.66,0.58,0.58,Okamoto2019ApJ...884..128O,0.38,0.02,0.02,408.35,21.2,21.39,351.28,18.24,18.4,125.4,,,0.26,,,,25.12,0.15,0.04,0.04,1.62,0.1,0.1,0.38,0.02,0.02,0.77,0.08,0.08,,,,,,Okamoto2019ApJ...884..128O,Okamoto2019ApJ...884..128O,Okamoto2019ApJ...884..128O,-1.6,0.34,0.34,isochrone,,,,,,,,,-1.6,0.34,0.34,Okamoto2019ApJ...884..128O,,,,,,,,,,,,
bk6n,BK6N,158.632916667,66.011666667,142.0459141,45.7058449,2304.73,2376.46,73.54,,,,,,,,,,,,,,,,,,3311.31,0.0,0.0,27.6,0.14,0.14,3315.79,3130.67,3198.8,419.32,,Tully2009AJ....138..323T,-11.06,,,6.66,,,,,,,m_081,1,1,16.54,,,Karachentsev2013AJ....145..101K,0.2767,,,266.49,,,266.49,,,,,,,,,,24.64,,,,,,,,,,,,,,,,,,Chiboucas2009AJ....137.3009C,,,,,,,,,,,,,,,,,,,,,,,,,,,,,,
bts_116,BTS 116,184.73875,28.55305555555556,199.8287975,82.6808791,187.14,3171.34,-9.81,,,,,,,,322.9,22.8,22.8,,,,,318.46,289.41,Karachentsev2013AJ....145..101K,3176.87,0.0,0.0,27.51,,,3177.86,3518.39,3329.43,,,Karachentsev2013AJ....145..101K,-11.94,,,7.01,,,,,,,,1,1,15.57,,,Karachentsev2013AJ....145..101K,,,,,,,,,,,,,,,,,,,,,,,,,,,,,,,,,,,,,,,,,,,,,,,,,,,,,,,,,,,,,,,,,
camelopardalis_a,Camelopardalis A,66.315,72.80583333333333,137.2502489,16.1974935,3423.01,987.49,116.57,,,,,,,,-54.2,1.7,1.7,,,,,98.97,156.49,Begum2008MNRAS.386.1667B,3564.51,0.0,0.0,27.76,0.13,0.13,3570.24,3021.16,3281.16,1304.84,,Tully2009AJ....138..323T,-14.16,,,7.9,,,,,7.75,,ic_0342,1,1,13.6,,,Karachentsev2013AJ....145..101K,,,,,,,,,,,,,,,,,,,,,,,,,,,,,,18.8,1.9,1.9,,Begum2008MNRAS.386.1667B,,,,,,,,,,,,,,,,,,,,,,,,,,,,,,,
camelopardalis_b,Camelopardalis B,73.27874999999997,67.09916666666666,143.3844108,14.4229983,3370.5,905.43,-257.0,,,,,,,,77.5,1.7,1.7,,,,,211.28,266.68,Begum2008MNRAS.386.1667B,3499.45,0.0,0.0,27.72,0.16,0.16,3505.77,2969.25,3221.92,1248.93,,Tully2009AJ....138..323T,-12.26,,,7.14,,,,,7.12,,ic_0342,1,1,15.46,,,Karachentsev2013AJ....145..101K,,,,,,,,,,,,,,,,,,,,,,,,,,,,,,4.6,0.4,0.4,,Begum2008MNRAS.386.1667B,,,,,,,,,,,,,,,,,,,,,,,,,,,,,,,
cassiopea_dirr_1,Cassiopea dIrr 1,31.5329167,69.01,129.5687555,7.1062553,4432.13,487.47,664.93,,,,,,,,35.0,2.0,2.0,,,,,215.68,283.5,Huchtmeier1995A&A...293L..33H,4508.17,0.0,0.0,28.27,,,4513.31,3854.25,4176.0,,,Anand2021AJ....162...80A,-17.69,,,9.31,,,,,8.35,,,1,1,10.58,,,Karachentsev2013AJ....145..101K,,,,,,,,,,,,,,,,,,,,,,,,,,,,,,46.4,,,,Huchtmeier1995A&A...293L..33H,,,,,,,,,,,,,,,,,,,,,,,,,,,,,,,
cena-mm-dw01,CenA-MM-Dw1,202.5594167,-41.89327778,310.6218621,20.3983958,-3637.94,1401.37,-277.88,,,,,,,,,,,,,,,,,,3908.41,0.0,0.0,27.96,0.07,0.07,3903.46,4676.86,4292.26,245.94,,Crnojevic2019ApJ...872...80C,-13.8,0.1,0.1,7.75,,,,,,6.74,ngc_5128,1,1,14.16,0.1,0.1,Crnojevic2019ApJ...872...80C,1.6,0.03,0.03,1818.35,33.61,33.91,1606.03,36.61,35.73,51.1,6.1,6.1,0.22,0.02,0.02,,25.8,,,,,,,,,,,,,,,,1.53,Crnojevic2019ApJ...872...80C,Crnojevic2019ApJ...872...80C,,,-1.02,0.01,0.01,isochrone,,,,,,,,,-1.02,0.01,0.01,Crnojevic2019ApJ...872...80C,,,,,,,,,,,,
cena-mm-dw02,CenA-MM-Dw2,202.48925,-41.87325,310.5702423,20.4264958,-3861.27,1490.09,-298.19,,,,,,,,,,,,,,,,,,4149.54,0.0,0.0,28.09,0.12,0.12,4144.6,4918.0,4533.42,478.03,,Crnojevic2019ApJ...872...80C,-9.7,0.2,0.2,6.11,,,,,,6.8,ngc_5128,1,1,18.39,0.2,0.2,Crnojevic2019ApJ...872...80C,0.34,0.03,0.03,409.65,35.68,36.01,409.65,35.68,36.01,,,,,,,0.17,26.93,,,,,,,,,,,,,,,,1.54,Crnojevic2019ApJ...872...80C,Crnojevic2019ApJ...872...80C,,,-1.58,0.07,0.07,isochrone,,,,,,,,,-1.58,0.07,0.07,Crnojevic2019ApJ...872...80C,,,,,,,,,,,,
cena-mm-dw03,CenA-MM-Dw3,202.5851667,-42.19174167,310.591069,20.1007185,-3611.27,1370.06,-280.16,,,,,,,,,,,,,,,,,,3872.58,0.0,0.0,27.94,0.09,0.09,3867.62,4640.99,4256.41,207.41,,Crnojevic2019ApJ...872...80C,-13.1,0.1,0.1,7.47,,,,,,6.63,ngc_5128,1,1,14.84,0.1,0.1,Crnojevic2016ApJ...823...19C,2.21,0.15,0.15,2486.04,166.49,168.02,2056.6,310.36,278.67,,,,0.29,0.19,0.19,,27.04,,,,,,,,,,,,,,,,1.21,Crnojevic2019ApJ...872...80C,Crnojevic2016ApJ...823...19C,,,-0.61,0.01,0.01,isochrone,,,,,,,,,-0.61,0.01,0.01,Crnojevic2019ApJ...872...80C,,,,,,,,,,,,
cena-mm-dw04,CenA-MM-Dw4,200.7606667,-41.78581944,309.2226207,20.699565,-3789.77,1497.54,-380.02,,,,,,,,,,,,,,,,,,4092.61,0.0,0.0,28.06,0.14,0.14,4087.81,4863.18,4477.63,420.79,,Crnojevic2019ApJ...872...80C,-9.9,0.2,0.2,6.19,,,,,,6.71,ngc_5128,1,1,18.16,0.2,0.2,Crnojevic2019ApJ...872...80C,0.33,0.01,0.01,392.62,11.73,11.84,323.49,15.32,15.29,-36.8,4.3,4.3,0.32,0.05,0.05,,26.22,,,,,,,,,,,,,,,,1.29,Crnojevic2019ApJ...872...80C,Crnojevic2019ApJ...872...80C,,,-1.15,0.01,0.01,isochrone,,,,,,,,,-1.15,0.01,0.01,Crnojevic2019ApJ...872...80C,,,,,,,,,,,,
cena-mm-dw05,CenA-MM-Dw5,199.9684167,-41.99463333,308.5695959,20.5656287,-3343.94,1318.83,-374.79,,,,,,,,,,,,,,,,,,3614.1,0.0,0.0,27.79,0.19,0.19,3609.36,4385.61,3999.6,114.35,,Crnojevic2019ApJ...872...80C,-8.2,0.2,0.2,5.51,,,,,,6.58,ngc_5128,1,1,19.59,0.2,0.2,Crnojevic2019ApJ...872...80C,0.18,0.01,0.01,189.02,10.36,10.45,189.02,10.36,10.45,,,,,,,0.2,26.75,,,,,,,,,,,,,,,,1.24,Crnojevic2019ApJ...872...80C,Crnojevic2019ApJ...872...80C,,,-1.46,0.02,0.02,isochrone,,,,,,,,,-1.46,0.02,0.02,Crnojevic2019ApJ...872...80C,,,,,,,,,,,,
cena-mm-dw06,CenA-MM-Dw6,201.4885417,-41.09364722,309.9032179,21.3104134,-3728.57,1511.81,-324.23,,,,,,,,,,,,,,,,,,4036.45,0.0,0.0,28.03,0.11,0.11,4031.61,4806.16,4421.0,378.04,,Crnojevic2019ApJ...872...80C,-9.1,0.2,0.2,5.87,,,,,,6.66,ngc_5128,1,1,18.93,0.2,0.2,Crnojevic2019ApJ...872...80C,0.26,0.01,0.01,305.04,11.57,11.68,263.76,17.43,17.19,86.9,9.5,9.5,0.25,0.08,0.08,,26.58,,,,,,,,,,,,,,,,1.2,Crnojevic2019ApJ...872...80C,Crnojevic2019ApJ...872...80C,,,-1.2,0.01,0.01,isochrone,,,,,,,,,-1.2,0.01,0.01,Crnojevic2019ApJ...872...80C,,,,,,,,,,,,
cena-mm-dw07,CenA-MM-Dw7,201.6189583,-43.55640833,309.6291479,18.8592417,-3855.32,1378.63,-374.57,,,,,,,,,,,,,,,,,,4111.5,0.0,0.0,28.07,0.15,0.15,4106.6,4880.76,4495.8,431.94,,Crnojevic2019ApJ...872...80C,-9.9,0.3,0.3,6.19,,,,,,6.83,ngc_5128,1,1,18.17,0.3,0.3,Crnojevic2019ApJ...872...80C,0.5,0.05,0.05,596.76,58.92,59.46,456.81,54.84,55.44,-46.1,6.5,6.5,0.41,0.08,0.08,,26.97,,,,,,,,,,,,,,,,1.71,Crnojevic2019ApJ...872...80C,Crnojevic2019ApJ...872...80C,,,-1.47,0.05,0.05,isochrone,,,,,,,,,-1.47,0.05,0.05,Crnojevic2019ApJ...872...80C,,,,,,,,,,,,
cena-mm-dw08,CenA-MM-Dw8,203.3920833,-41.60805556,311.326527,20.5759461,-3228.13,1248.82,-205.54,,,,,,,,,,,,,,,,,,3467.37,0.0,0.0,27.7,0.2,0.2,3462.35,4234.86,3850.65,249.33,,Crnojevic2016ApJ...823...19C,-8.9,0.5,0.5,5.79,,,,,,6.36,ngc_5128,0,0,18.8,0.5,0.5,Crnojevic2016ApJ...823...19C,0.6,0.06,0.06,603.92,59.63,60.18,500.88,89.83,80.95,,,,0.26,0.22,0.22,,28.17,,,,,,,,,,,,,,,,0.81,Crnojevic2016ApJ...823...19C,Crnojevic2016ApJ...823...19C,,,,,,,,,,,,,,,,,,,,,,,,,,,,,,
cena-mm-dw09,CenA-MM-Dw9,203.25625,-42.53027778,311.0516232,19.6848561,-3557.97,1316.24,-250.59,,,,,,,,,,,,,,,,,,3801.89,0.0,0.0,27.9,0.2,0.2,3796.88,4569.41,4185.23,154.02,,Crnojevic2016ApJ...823...19C,-9.9,0.4,0.4,6.19,,,,,,6.64,ngc_5128,0,0,18.0,0.4,0.4,Crnojevic2016ApJ...823...19C,0.39,0.02,0.02,430.85,21.79,21.99,395.04,32.09,29.83,,,,0.13,0.12,0.12,,26.65,,,,,,,,,,,,,,,,1.29,Crnojevic2016ApJ...823...19C,Crnojevic2016ApJ...823...19C,,,,,,,,,,,,,,,,,,,,,,,,,,,,,,
cena-mm-dw10,CenA-MM-Dw10,201.1370833,-44.73530556,309.0960423,17.7397897,-3078.21,1038.32,-335.37,,,,,,,,,,,,,,,,,,3265.88,0.0,0.0,27.57,0.29,0.29,3261.01,4035.41,3650.27,428.35,,Crnojevic2019ApJ...872...80C,-7.8,1.2,1.2,5.35,,,,,,6.6,ngc_5128,0,0,19.77,1.2,1.2,Crnojevic2019ApJ...872...80C,0.25,0.06,0.06,236.32,56.16,56.68,236.32,56.16,56.68,,,,,,,0.27,27.64,,,,,,,,,,,,,,,,1.59,Crnojevic2019ApJ...872...80C,Crnojevic2019ApJ...872...80C,,,,,,,,,,,,,,,,,,,,,,,,,,,,,,
cena-mm-dw11,CenA-MM-Dw11,199.455,-42.92688889,308.0564942,19.6821971,-3266.57,1235.84,-402.11,,,,,,,,,,,,,,,,,,3515.6,0.0,0.0,27.73,0.22,0.22,3510.9,4287.49,3901.31,187.69,,Crnojevic2019ApJ...872...80C,-9.4,0.6,0.6,5.99,,,,,,6.49,ngc_5128,0,0,18.33,0.6,0.6,Crnojevic2019ApJ...872...80C,0.33,0.04,0.04,336.63,40.3,40.67,277.44,51.39,50.03,,,,0.27,0.21,0.21,,26.39,,,,,,,,,,,,,,,,1.06,Crnojevic2019ApJ...872...80C,Crnojevic2019ApJ...872...80C,,,,,,,,,,,,,,,,,,,,,,,,,,,,,,
cena_dw1240-42,dw1240-42,190.0083333333333,-42.41222222222222,300.6862438,20.409792,-3304.95,1385.02,-843.17,,,,,,,,,,,,,,,,,,3681.29,,,27.83,,,3677.41,4457.38,4069.31,536.89,host,,-10.97,,,6.62,,,,,,,ngc_5128,0,0,16.86,,,Muller2017A&A...597A...7M,0.2667,,,285.56,,,285.56,,,,,,,,,,24.88,,,,,,,0.2558333333333333,0.0116666666666666,0.0116666666666666,0.69,0.04,0.05,,,,,,Muller2017A&A...597A...7M,,Muller2017A&A...597A...7M,,,,,,,,,,,,,,,,,,,,,,,,,,,,
cena_dw1241-32,dw1241-32,190.3625,-42.895833333333336,300.986265,19.9381787,-3320.11,1355.17,-832.02,,,,,,,,,,,,,,,,,,3681.29,,,27.83,,,3677.37,4457.27,4069.24,516.89,host,,-9.73,,,6.13,,,,,,,ngc_5128,0,0,18.1,,,Muller2017A&A...597A...7M,0.19,,,203.46,,,203.46,,,,,,,,,,25.38,,,,,,,0.1368333333333333,0.0418333333333333,0.0418333333333333,0.97,0.18,0.27,,,,,,Muller2017A&A...597A...7M,,Muller2017A&A...597A...7M,,,,,,,,,,,,,,,,,,,,,,,,,,,,
cena_dw1243-42,dw1243-42,190.80416666666665,-42.46333333333334,301.3145596,20.3825951,-3316.2,1379.41,-807.44,,,,,,,,,,,,,,,,,,3681.29,,,27.83,,,3677.34,4457.4,4069.31,499.15,host,,-10.43,,,6.41,,,,,,,ngc_5128,0,0,17.4,,,Muller2017A&A...597A...7M,0.2633,,,281.99,,,281.99,,,,,,,,,,25.39,,,,,,,0.2173333333333333,0.0295,0.0295,0.93,0.12,0.16,,,,,,Muller2017A&A...597A...7M,,Muller2017A&A...597A...7M,,,,,,,,,,,,,,,,,,,,,,,,,,,,
cena_dw1243-42b,dw1243-42b,190.7958333333333,-42.44361111111111,301.3072858,20.402096,-3315.66,1380.61,-807.61,,,,,,,,,,,,,,,,,,3681.29,,,27.83,,,3677.34,4457.4,4069.32,499.71,host,,-11.01,,,6.64,,,,,,,ngc_5128,0,0,16.82,,,Muller2017A&A...597A...7M,0.1233,,,132.07,,,132.07,,,,,,,,,,23.16,,,,,,,0.1206666666666666,0.002,0.002,0.77,0.01,0.01,,,,,,Muller2017A&A...597A...7M,,Muller2017A&A...597A...7M,,,,,,,,,,,,,,,,,,,,,,,,,,,,
cena_dw1251-40,dw1251-40,192.9833333333333,-40.331388888888895,303.0341509,22.5402604,-3294.2,1495.26,-681.42,,,,,,,,,,,,,,,,,,3681.29,,,27.83,,,3677.21,4457.16,4069.18,437.41,host,,-9.14,,,5.89,,,,,,,ngc_5128,0,0,18.69,,,Muller2017A&A...597A...7M,0.1083,,,116.01,,,116.01,,,,,,,,,,24.75,,,,,,,0.076,0.0139999999999999,0.0139999999999999,0.92,0.12,0.16,,,,,,Muller2017A&A...597A...7M,,Muller2017A&A...597A...7M,,,,,,,,,,,,,,,,,,,,,,,,,,,,
cena_dw1252-40,dw1252-40,193.00416666666663,-40.36527777777778,303.0512567,22.5063357,-3295.26,1493.17,-680.87,,,,,,,,,,,,,,,,,,3681.29,,,27.83,,,3677.2,4457.16,4069.18,435.54,host,,-12.08,,,7.07,,,,,,,ngc_5128,0,0,15.75,,,Muller2017A&A...597A...7M,0.2783,,,298.05,,,298.05,,,,,,,,,,23.86,,,,,,,0.3365,0.0069999999999999,0.0069999999999999,0.72,0.02,0.02,,,,,,Muller2017A&A...597A...7M,,Muller2017A&A...597A...7M,,,,,,,,,,,,,,,,,,,,,,,,,,,,
cena_dw1252-43,dw1252-43,193.10416666666663,-43.09944444444445,303.1217819,19.7719423,-3357.7,1331.59,-710.37,,,,,,,,,,,,,,,,,,3681.29,,,27.83,,,3677.12,4456.89,4069.04,387.76,host,,-9.32,,,5.96,,,,,,,ngc_5128,0,0,18.51,,,Muller2017A&A...597A...7M,0.1352,,,144.74,,,144.74,,,,,,,,,,25.05,,,,,,,0.1355,0.0073333333333333,0.0073333333333333,0.73,0.05,0.06,,,,,,Muller2017A&A...597A...7M,,Muller2017A&A...597A...7M,,,,,,,,,,,,,,,,,,,,,,,,,,,,
cena_dw1257-41,dw1257-41,194.43749999999997,-41.38111111111111,304.2042362,21.4750426,-3335.68,1425.41,-627.17,,,,,,,,,,,,,,,,,,3681.29,,,27.83,,,3677.05,4456.76,4068.96,346.07,host,,-11.6,,,6.87,,,,,,,ngc_5128,0,0,16.23,,,Muller2017A&A...597A...7M,0.4,,,428.34,,,428.34,,,,,,,,,,25.13,,,,,,,0.4125,0.0201666666666666,0.0201666666666666,0.62,0.06,0.07,,,,,,Muller2017A&A...597A...7M,,Muller2017A&A...597A...7M,,,,,,,,,,,,,,,,,,,,,,,,,,,,
cena_dw1258-37,dw1258-37,194.6208333333333,-37.1225,304.4908299,25.7279212,-3232.92,1669.7,-558.79,,,,,,,,,,,,,,,,,,3681.29,,,27.83,,,3677.15,4454.95,4067.98,502.8,host,,-10.05,,,6.25,,,,,,,ngc_5128,0,0,17.78,,,Muller2017A&A...597A...7M,0.3667,,,392.64,,,392.64,,,,,,,,,,26.49,,,,,,,0.4416666666666666,0.024,0.024,0.3,0.08,0.2,,,,,,Muller2017A&A...597A...7M,,Muller2017A&A...597A...7M,,,,,,,,,,,,,,,,,,,,,,,,,,,,
cena_dw1301-30,dw1301-30,195.36666666666665,-30.111944444444447,305.5095615,32.7096053,-3031.38,2047.29,-413.77,,,,,,,,,,,,,,,,,,3681.29,,,27.83,,,3677.33,4444.02,4061.99,882.38,host,,-9.74,,,6.13,,,,,,,ngc_5128,0,0,18.09,,,Muller2017A&A...597A...7M,0.2467,,,264.14,,,264.14,,,,,,,,,,25.94,,,,,,,0.3028333333333333,0.0436666666666666,0.0436666666666666,0.66,0.11,0.17,,,,,,Muller2017A&A...597A...7M,,Muller2017A&A...597A...7M,,,,,,,,,,,,,,,,,,,,,,,,,,,,
cena_dw1302-40,dw1302-40,195.70416666666665,-40.14305555555556,305.2883966,22.6766232,-3321.47,1488.88,-550.39,,,,,,,,,,,,,,,,,,3681.29,,,27.83,,,3676.97,4456.0,4068.55,328.79,host,,-10.39,,,6.39,,,,,,,ngc_5128,0,0,17.44,,,Muller2017A&A...597A...7M,0.3433,,,367.66,,,367.66,,,,,,,,,,26.01,,,,,,,0.3645,0.0333333333333333,0.0333333333333333,0.58,0.1,0.16,,,,,,Muller2017A&A...597A...7M,,Muller2017A&A...597A...7M,,,,,,,,,,,,,,,,,,,,,,,,,,,,
cena_dw1306-29,dw1306-29,196.7,-29.891666666666666,306.8960326,32.8618113,-3040.69,2047.26,-338.82,,,,,,,,,,,,,,,,,,3681.29,,,27.83,,,3677.2,4442.62,4061.23,874.69,host,,-10.29,,,6.35,,,,,,,ngc_5128,0,0,17.54,,,Muller2017A&A...597A...7M,0.1817,,,194.54,,,194.54,,,,,,,,,,24.73,,,,,,,0.1718333333333333,0.0211666666666666,0.0211666666666666,0.84,0.1,0.13,,,,,,Muller2017A&A...597A...7M,,Muller2017A&A...597A...7M,,,,,,,,,,,,,,,,,,,,,,,,,,,,
cena_dw1312-4218,dw1312-4218,198.09366666666665,-42.31155,307.0592103,20.3923523,-3394.86,1342.93,-472.65,,,,,,,,,,,,,,,,,,3681.29,,,27.83,,,3676.71,4454.45,4067.7,161.28,host,,-7.49,,,5.23,,,,,,,ngc_5128,0,0,20.34,,,Taylor2018ApJ...867L..15T,0.1065,0.011,0.011,113.8,11.61,11.71,113.8,11.61,11.71,,,,,,,,26.36,,,,,,,0.1065,0.011,0.011,0.68,0.07,0.07,,,,,,Taylor2018ApJ...867L..15T,,Taylor2018ApJ...867L..15T,,,,,,,,,,,,,,,,,,,,,,,,,,,,
cena_dw1312-4244,dw1312-4244,198.04554166666665,-42.74546111111111,306.9817619,19.9631064,-3403.37,1317.89,-481.77,,,,,,,,,,,,,,,,,,3681.29,,,27.83,,,3676.7,4454.41,4067.67,157.48,host,,-8.07,,,5.46,,,,,,,ngc_5128,0,0,19.76,,,Taylor2018ApJ...867L..15T,0.1252,0.022,0.022,133.55,23.21,23.43,133.55,23.21,23.43,,,,,,,,26.13,,,,,,,0.1251666666666666,0.022,0.022,0.68,0.24,0.24,,,,,,Taylor2018ApJ...867L..15T,,Taylor2018ApJ...867L..15T,,,,,,,,,,,,,,,,,,,,,,,,,,,,
cena_dw1312-4246,dw1312-4246,198.0424167,-42.7801472,306.9761733,19.9287438,-3404.05,1315.88,-482.46,,,,,,,,,,,,,,,,,,3681.29,,,27.83,,,3676.7,4454.4,4067.67,157.35,host,,-9.32,,,5.96,,,,,,,ngc_5128,0,0,18.51,,,Taylor2018ApJ...867L..15T,0.1038,0.0117,0.0117,110.93,12.31,12.42,110.93,12.31,12.42,,,,,,,,24.48,,,,,,,0.1038333333333333,0.0116666666666666,0.0116666666666666,1.32,0.35,0.35,,,,,,Taylor2018ApJ...867L..15T,,Taylor2018ApJ...867L..15T,,,,,,,,,,,,,,,,,,,,,,,,,,,,
cena_dw1313-4211,dw1313-4211,198.3928333333333,-42.18566111111111,307.3065844,20.4980044,-3395.16,1347.59,-456.97,,,,,,,,,,,,,,,,,,3681.29,,,27.83,,,3676.68,4454.23,4067.58,150.58,host,,-9.74,,,6.13,,,,,,,ngc_5128,0,0,18.09,,,Taylor2018ApJ...867L..15T,0.2,0.016,0.016,213.81,16.88,17.04,213.81,16.88,17.04,,,,,,,,25.48,,,,,,,0.2,0.016,0.016,1.07,0.11,0.11,,,,,,Taylor2018ApJ...867L..15T,,Taylor2018ApJ...867L..15T,,,,,,,,,,,,,,,,,,,,,,,,,,,,
cena_dw1313-4214,dw1313-4214,198.40166666666664,-42.23558611111111,307.3086533,20.4476898,-3396.29,1344.59,-457.37,,,,,,,,,,,,,,,,,,3681.29,,,27.83,,,3676.68,4454.21,4067.57,149.03,host,,-9.53,,,6.05,,,,,,,ngc_5128,0,0,18.3,,,Taylor2018ApJ...867L..15T,0.1615,0.0198,0.0198,172.5,20.93,21.12,172.5,20.93,21.12,,,,,,,,25.22,,,,,,,0.1614999999999999,0.0198333333333333,0.0198333333333333,1.06,0.2,0.2,,,,,,Taylor2018ApJ...867L..15T,,Taylor2018ApJ...867L..15T,,,,,,,,,,,,,,,,,,,,,,,,,,,,
cena_dw1313-4246,dw1313-4246,198.17862499999995,-42.78071388888889,307.0820578,19.9195179,-3405.4,1314.64,-476.3,,,,,,,,,,,,,,,,,,3681.29,,,27.83,,,3676.69,4454.29,4067.61,150.97,host,,-7.9,,,5.39,,,,,,,ngc_5128,0,0,19.93,,,Taylor2018ApJ...867L..15T,0.0898,0.0108,0.0108,95.96,11.43,11.54,95.96,11.43,11.54,,,,,,,,25.58,,,,,,,0.0898333333333333,0.0108333333333333,0.0108333333333333,1.32,0.19,0.19,,,,,,Taylor2018ApJ...867L..15T,,Taylor2018ApJ...867L..15T,,,,,,,,,,,,,,,,,,,,,,,,,,,,
cena_dw1314-28,dw1314-28,198.5083333333333,-28.203333333333333,308.9669131,34.4034992,-3004.75,2116.21,-212.2,,,,,,,,,,,,,,,,,,3681.29,,,27.83,,,3677.08,4436.95,4058.12,960.53,host,,-11.13,,,6.69,,,,,,,ngc_5128,0,0,16.7,,,Muller2017A&A...597A...7M,0.3017,,,323.04,,,323.04,,,,,,,,,,24.99,,,,,,,0.3056666666666666,0.0181666666666666,0.0181666666666666,0.67,0.05,0.06,,,,,,Muller2017A&A...597A...7M,,Muller2017A&A...597A...7M,,,,,,,,,,,,,,,,,,,,,,,,,,,,
cena_dw1314-4142,dw1314-4142,198.68675,-41.70785277777778,307.587394,20.9530981,-3387.87,1372.74,-435.66,,,,,,,,,,,,,,,,,,3681.29,,,27.83,,,3676.67,4454.01,4067.46,152.63,host,,-7.69,,,5.31,,,,,,,ngc_5128,0,0,20.14,,,Taylor2018ApJ...867L..15T,0.0648,0.0042,0.0042,69.33,4.4,4.44,69.33,4.4,4.44,,,,,,,,25.09,,,,,,,0.0648333333333333,0.0041666666666666,0.0041666666666666,1.01,0.4,0.4,,,,,,Taylor2018ApJ...867L..15T,,Taylor2018ApJ...867L..15T,,,,,,,,,,,,,,,,,,,,,,,,,,,,
cena_dw1314-4204,dw1314-4204,198.5340416666666,-42.06903055555556,307.4295086,20.604411,-3394.08,1353.1,-448.61,,,,,,,,,,,,,,,,,,3681.29,,,27.83,,,3676.68,4454.12,4067.52,147.41,host,,-9.06,,,5.86,,,,,,,ngc_5128,0,0,18.77,,,Taylor2018ApJ...867L..15T,0.0745,0.005,0.005,79.67,5.28,5.32,79.67,5.28,5.32,,,,,,,,24.02,,,,,,,0.0745,0.005,0.005,0.91,0.14,0.14,,,,,,Taylor2018ApJ...867L..15T,,Taylor2018ApJ...867L..15T,,,,,,,,,,,,,,,,,,,,,,,,,,,,
cena_dw1314-4230,dw1314-4230,198.591375,-42.51163055555556,307.4300028,20.1597839,-3403.88,1326.67,-453.23,,,,,,,,,,,,,,,,,,3681.29,,,27.83,,,3676.66,4454.01,4067.46,135.03,host,,-8.91,,,5.8,,,,,,,ngc_5128,0,0,18.92,,,Taylor2018ApJ...867L..15T,0.0987,0.012,0.012,105.39,12.66,12.78,105.39,12.66,12.78,,,,,,,,24.77,,,,,,,0.0986666666666666,0.012,0.012,0.89,0.28,0.28,,,,,,Taylor2018ApJ...867L..15T,,Taylor2018ApJ...867L..15T,,,,,,,,,,,,,,,,,,,,,,,,,,,,
cena_dw1315-4232,dw1315-4232,198.76241666666664,-42.53827222222222,307.56092,20.1211537,-3406.08,1323.52,-445.9,,,,,,,,,,,,,,,,,,3681.29,,,27.83,,,3676.65,4453.85,4067.37,126.76,host,,-8.86,,,5.78,,,,,,,ngc_5128,0,0,18.97,,,Taylor2018ApJ...867L..15T,0.1407,0.0297,0.0297,149.97,31.3,31.59,149.97,31.3,31.59,,,,,,,,25.59,,,,,,,0.1406666666666666,0.0296666666666666,0.0296666666666666,1.5,0.37,0.37,,,,,,Taylor2018ApJ...867L..15T,,Taylor2018ApJ...867L..15T,,,,,,,,,,,,,,,,,,,,,,,,,,,,
cena_dw1315-4309,dw1315-4309,198.89154166666663,-43.15755,307.5963222,19.4955679,-3419.86,1285.95,-450.27,,,,,,,,,,,,,,,,,,3681.29,,,27.83,,,3676.62,4453.59,4067.23,116.66,host,,-7.37,,,5.18,,,,,,,ngc_5128,0,0,20.46,,,Taylor2018ApJ...867L..15T,0.1008,0.0127,0.0127,107.7,13.36,13.49,107.7,13.36,13.49,,,,,,,,26.36,,,,,,,0.1008333333333333,0.0126666666666666,0.0126666666666666,0.46,0.14,0.14,,,,,,Taylor2018ApJ...867L..15T,,Taylor2018ApJ...867L..15T,,,,,,,,,,,,,,,,,,,,,,,,,,,,
cena_dw1316-4224,dw1316-4224,199.176125,-42.40147777777778,307.899077,20.226453,-3407.19,1327.57,-424.83,,,,,,,,,,,,,,,,,,3681.29,,,27.83,,,3676.61,4453.51,4067.18,110.87,host,,-10.27,,,6.34,,,,,,,ngc_5128,0,0,17.56,,,Taylor2018ApJ...867L..15T,0.239,0.0335,0.0335,255.19,35.35,35.67,255.19,35.35,35.67,,,,,,,,25.33,,,,,,,0.239,0.0334999999999999,0.0334999999999999,2.14,0.58,0.58,,,,,,Taylor2018ApJ...867L..15T,,Taylor2018ApJ...867L..15T,,,,,,,,,,,,,,,,,,,,,,,,,,,,
cena_dw1318-21,dw1318-21,199.51666666666665,-21.885,311.0728024,40.5654458,-2779.67,2413.22,-41.34,,,,,,,,,,,,,,,,,,3681.29,,,27.83,,,3677.24,4415.71,4046.53,1353.6,host,,-10.88,,,6.59,,,,,,,ngc_5128,0,0,16.95,,,Muller2017A&A...597A...7M,0.2067,,,221.31,,,221.31,,,,,,,,,,24.42,,,,,,,0.1356666666666666,0.0613333333333333,0.0613333333333333,1.07,0.23,0.37,,,,,,Muller2017A&A...597A...7M,,Muller2017A&A...597A...7M,,,,,,,,,,,,,,,,,,,,,,,,,,,,
cena_dw1318-4233,dw1318-4233,199.5232916666667,-42.56030555555555,308.1520826,20.0411069,-3413.72,1314.87,-411.76,,,,,,,,,,,,,,,,,,3681.29,,,27.83,,,3676.58,4453.16,4066.99,91.89,host,,-9.09,,,5.87,,,,,,,ngc_5128,0,0,18.74,,,Taylor2018ApJ...867L..15T,0.2797,0.0658,0.0658,298.02,69.46,70.1,298.02,69.46,70.1,,,,,,,,26.85,,,,,,,0.2796666666666667,0.0658333333333333,0.0658333333333333,0.37,0.13,0.13,,,,,,Taylor2018ApJ...867L..15T,,Taylor2018ApJ...867L..15T,,,,,,,,,,,,,,,,,,,,,,,,,,,,
cena_dw1319-4203,dw1319-4203,199.8385833333333,-42.06076111111111,308.4590783,20.5111919,-3406.29,1340.84,-388.84,,,,,,,,,,,,,,,,,,3681.29,,,27.83,,,3676.56,4452.92,4066.86,95.03,host,,-9.1,,,5.87,,,,,,,ngc_5128,0,0,18.73,,,Taylor2018ApJ...867L..15T,0.0818,0.0067,0.0067,87.48,7.03,7.1,87.48,7.03,7.1,,,,,,,,24.18,,,,,,,0.0818333333333333,0.0066666666666666,0.0066666666666666,0.52,0.09,0.09,,,,,,Taylor2018ApJ...867L..15T,,Taylor2018ApJ...867L..15T,,,,,,,,,,,,,,,,,,,,,,,,,,,,
cena_dw1321-27,dw1321-27,200.2833333333333,-27.74888888888889,310.9231844,34.6616574,-3008.8,2118.36,-107.44,,,,,,,,,,,,,,,,,,3681.29,,,27.83,,,3676.92,4433.75,4056.37,979.68,host,,-10.0,,,6.23,,,,,,,ngc_5128,0,0,17.83,,,Muller2017A&A...597A...7M,0.3717,,,398.0,,,398.0,,,,,,,,,,26.57,,,,,,,0.5489999999999999,0.0453333333333333,0.0453333333333333,0.53,0.15,0.28,,,,,,Muller2017A&A...597A...7M,,Muller2017A&A...597A...7M,,,,,,,,,,,,,,,,,,,,,,,,,,,,
cena_dw1322-27,dw1322-27,200.525,-27.579166666666666,311.2103426,34.7992211,-3005.46,2123.86,-91.11,,,,,,,,,,,,,,,,,,3681.29,,,27.83,,,3676.9,4432.98,4055.96,989.84,host,,-11.03,,,6.65,,,,,,,ngc_5128,0,0,16.8,,,Muller2017A&A...597A...7M,0.3033,,,324.82,,,324.82,,,,,,,,,,25.1,,,,,,,0.246,0.0186666666666666,0.0186666666666666,0.9,0.07,0.08,,,,,,Muller2017A&A...597A...7M,,Muller2017A&A...597A...7M,,,,,,,,,,,,,,,,,,,,,,,,,,,,
cena_dw1322-39,dw1322-39,200.6558,-39.9084,309.4021076,22.5712386,-2698.85,1167.47,-250.76,,,,,,,,656.3,9.7,9.7,,,,,491.61,413.55,Muller2021A&A...645A..92M,2951.21,0.0,0.0,27.35,0.06,0.01,2946.46,3721.93,3336.22,752.28,,Muller2019A&A...629A..18M,-10.03,0.06,0.01,6.25,,,,,,,ngc_5128,1,1,17.32,0.06,0.01,Muller2019A&A...629A..18M,0.345,,,296.17,,,209.43,,,120.8,,,0.5,,,,25.15,,,,,,,0.3116666666666666,0.0569999999999999,0.0569999999999999,0.87,0.12,0.17,,,,,,Muller2017A&A...597A...7M,,Muller2017A&A...597A...7M,-1.79,0.13,0.22,spectroscopic,-1.79,0.13,0.22,,,,,Muller2021A&A...645A..92M,,,,,,,,,,,,,11.5,0.7,2.5,Muller2021A&A...645A..92M
cena_dw1323-40a,dw1323-40a,201.2421,-40.7622,309.7555194,21.6648677,-3438.25,1420.18,-305.16,,,,,,,,450.0,14.2,14.2,,,,,285.06,207.14,Muller2021A&A...645A..92M,3732.5,0.0,0.0,27.86,0.19,0.0,3727.68,4502.53,4117.2,154.7,,Muller2019A&A...629A..18M,-10.36,0.19,0.0,6.38,,,,,,,ngc_5128,1,1,17.5,0.19,0.0,Muller2019A&A...629A..18M,0.2533,,,275.05,,,260.94,,,18.8,,,0.1,,,,25.29,,,,,,,0.2831666666666666,0.0218333333333333,0.0218333333333333,0.61,0.08,0.1,,,,,,Muller2017A&A...597A...7M,,Muller2017A&A...597A...7M,-1.95,0.14,0.3,spectroscopic,-1.95,0.14,0.3,,,,,Muller2021A&A...645A..92M,,,,,,,,,,,,,12.2,3.7,1.8,Muller2021A&A...645A..92M
cena_dw1323-40b,dw1323-40b,201.0,-40.8367,309.5492,21.6162909,-3599.74,1485.49,-332.93,,,,,,,,497.0,12.4,12.4,,,,,331.44,253.45,Muller2021A&A...645A..92M,3908.41,0.0,0.0,27.96,0.62,0.13,3903.61,4678.68,4293.25,269.71,,Muller2019A&A...629A..18M,-9.99,0.62,0.13,6.23,,,,,,,ngc_5128,1,1,17.97,0.62,0.13,Muller2019A&A...629A..18M,0.285,,,324.02,,,194.41,,,168.1,,,0.64,,,,25.02,,,,,,,0.3015,0.0338333333333333,0.0338333333333333,0.74,0.09,0.12,,,,,,Muller2017A&A...597A...7M,,Muller2017A&A...597A...7M,-1.84,0.32,0.01,spectroscopic,-1.84,0.32,0.01,,,,,Muller2021A&A...645A..92M,,,,,,,,,,,,,13.9,,,Muller2021A&A...645A..92M
cena_dw1325-33,dw1325-33,201.4208333333333,-33.00694444444444,311.1637893,29.3168282,-3191.0,1829.75,-146.47,,,,,,,,,,,,,,,,,,3681.29,,,27.83,,,3676.63,4443.79,4061.87,642.32,host,,-9.97,,,6.22,,,,,,,ngc_5128,0,0,17.86,,,Muller2015A&A...583A..79M,0.3107,,,332.68,,,332.68,,,,,,,,,,26.21,,,,,,,0.3274999999999999,0.054,0.054,1.12,0.11,0.16,,,,,,Muller2015A&A...583A..79M,,Muller2015A&A...583A..79M,,,,,,,,,,,,,,,,,,,,,,,,,,,,
cena_dw1326-29,dw1326-29,201.51666666666665,-29.404444444444444,311.9133105,32.8626727,-3078.17,2017.8,-72.36,,,,,,,,,,,,,,,,,,3681.29,,,27.83,,,3676.74,4436.32,4057.78,872.57,host,,-10.37,,,6.38,,,,,,,ngc_5128,0,0,17.46,,,Muller2015A&A...583A..79M,0.2278,,,243.97,,,243.97,,,,,,,,,,25.14,,,,,,,0.2553333333333333,0.0165,0.0165,1.39,0.09,0.11,,,,,,Muller2015A&A...583A..79M,,Muller2015A&A...583A..79M,,,,,,,,,,,,,,,,,,,,,,,,,,,,
cena_dw1326-35,dw1326-35,201.6833333333333,-35.083333333333336,311.047758,27.231583,-3253.36,1713.96,-172.83,,,,,,,,,,,,,,,,,,3681.29,,,27.83,,,3676.55,4446.55,4063.38,509.55,host,,-10.15,,,6.29,,,,,,,ngc_5128,0,0,17.68,,,Muller2015A&A...583A..79M,0.1715,,,183.65,,,183.65,,,,,,,,,,24.74,,,,,,,0.126,0.0165,0.0165,0.98,0.07,0.09,,,,,,Muller2015A&A...583A..79M,,Muller2015A&A...583A..79M,,,,,,,,,,,,,,,,,,,,,,,,,,,,
cena_dw1326-37,dw1326-37,201.59166666666664,-37.38555555555556,310.5785418,24.9670349,-3313.86,1587.86,-221.2,,,,,,,,,,,,,,,,,,3681.29,,,27.83,,,3676.51,4449.14,4064.79,361.82,host,,-9.73,,,6.13,,,,,,,ngc_5128,0,0,18.1,,,Muller2017A&A...597A...7M,0.17,,,182.04,,,182.04,,,,,,,,,,25.14,,,,,,,0.238,0.0195,0.0195,0.58,0.08,0.1,,,,,,Muller2017A&A...597A...7M,,Muller2017A&A...597A...7M,,,,,,,,,,,,,,,,,,,,,,,,,,,,
cena_dw1329-32,dw1329-32,202.49166666666665,-32.49611111111111,312.2797711,29.6753269,-3185.86,1842.71,-81.43,,,,,,,,,,,,,,,,,,3681.29,,,27.83,,,3676.55,4441.41,4060.57,677.37,host,,-11.63,,,6.89,,,,,,,ngc_5128,0,0,16.2,,,Muller2015A&A...583A..79M,0.1472,,,157.59,,,157.59,,,,,,,,,,22.93,,,,,,,0.1471666666666666,0.0025,0.0025,1.41,0.04,0.04,,,,,,Muller2015A&A...583A..79M,,Muller2015A&A...583A..79M,,,,,,,,,,,,,,,,,,,,,,,,,,,,
cena_dw1329-45,dw1329-45,202.29166666666663,-45.17527777777777,309.877454,17.1870559,-2744.33,890.67,-264.5,,,,,,,,,,,,,,,,,,2897.34,0.0,0.0,27.31,0.11,0.07,2892.38,3665.52,3280.94,794.44,,Muller2019A&A...629A..18M,-8.97,,,5.82,,,,,,,ngc_5128,1,1,18.34,,,Muller2017A&A...597A...7M,0.165,,,139.06,,,139.06,,,,,,,,,,25.32,,,,,,,0.2116666666666666,0.0135,0.0135,0.55,0.07,0.09,,,,,,Muller2017A&A...597A...7M,,Muller2017A&A...597A...7M,,,,,,,,,,,,,,,,,,,,,,,,,,,,
cena_dw1330-32,dw1330-32,202.725,-32.30583333333333,312.5412902,29.8285185,-3182.25,1849.56,-65.62,,,,,,,,,,,,,,,,,,3681.29,,,27.83,,,3676.53,4440.72,4060.19,690.58,host,,-10.02,,,6.24,,,,,,,ngc_5128,0,0,17.81,,,Muller2015A&A...583A..79M,0.157,,,168.12,,,168.12,,,,,,,,,,24.68,,,,,,,0.188,0.0105,0.0105,1.59,0.11,0.13,,,,,,Muller2015A&A...583A..79M,,Muller2015A&A...583A..79M,,,,,,,,,,,,,,,,,,,,,,,,,,,,
cena_dw1330-33,dw1330-33,202.51666666666665,-33.835,312.0422833,28.3524767,-3225.7,1770.71,-106.54,,,,,,,,,,,,,,,,,,3681.29,,,27.83,,,3676.51,4443.63,4061.78,592.09,host,,-8.93,,,5.81,,,,,,,ngc_5128,0,0,18.9,,,Muller2015A&A...583A..79M,0.105,,,112.44,,,112.44,,,,,,,,,,24.9,,,,,,,0.1233333333333333,0.0096666666666666,0.0096666666666666,1.32,0.12,0.15,,,,,,Muller2015A&A...583A..79M,,Muller2015A&A...583A..79M,,,,,,,,,,,,,,,,,,,,,,,,,,,,
cena_dw1330-34,dw1330-34,202.5083333333333,-34.00388888888889,312.0020523,28.1872018,-3230.49,1761.72,-110.29,,,,,,,,,,,,,,,,,,3681.29,,,27.83,,,3676.51,4443.9,4061.92,581.28,host,,-10.15,,,6.29,,,,,,,ngc_5128,0,0,17.68,,,Muller2015A&A...583A..79M,0.1787,,,191.32,,,191.32,,,,,,,,,,24.83,,,,,,,0.1349999999999999,0.0148333333333333,0.0148333333333333,0.95,0.07,0.08,,,,,,Muller2015A&A...583A..79M,,Muller2015A&A...583A..79M,,,,,,,,,,,,,,,,,,,,,,,,,,,,
cena_dw1330-38,dw1330-38,202.6708333333333,-38.1675,311.3688945,24.0604648,-3343.02,1530.43,-184.08,,,,,,,,,,,,,,,,,,3681.29,,,27.83,,,3676.39,4448.33,4064.35,317.85,host,,-9.35,,,5.97,,,,,,,ngc_5128,0,0,18.48,,,Muller2017A&A...597A...7M,0.335,,,358.73,,,358.73,,,,,,,,,,26.99,,,,,,,0.1968333333333333,0.0903333333333333,0.0903333333333333,0.98,0.3,0.79,,,,,,Muller2017A&A...597A...7M,,Muller2017A&A...597A...7M,,,,,,,,,,,,,,,,,,,,,,,,,,,,
cena_dw1331-40,dw1331-40,202.8583333333333,-40.26305555555555,311.1457884,21.9699411,-3393.83,1409.62,-216.28,,,,,,,,,,,,,,,,,,3681.29,,,27.83,,,3676.34,4449.16,4064.8,190.77,host,,-8.34,,,5.57,,,,,,,ngc_5128,0,0,19.49,,,Muller2017A&A...597A...7M,0.1733,,,185.61,,,185.61,,,,,,,,,,26.57,,,,,,,0.2185,0.0615,0.0615,0.7,0.21,0.48,,,,,,Muller2017A&A...597A...7M,,Muller2017A&A...597A...7M,,,,,,,,,,,,,,,,,,,,,,,,,,,,
cena_dw1335-29,dw1335-29,203.9454167,-29.70622222,314.3129196,32.18366,-4235.74,2678.18,69.02,,,,,,,,706.0,17.8,17.8,,,,,569.04,493.87,Muller2025A&A...699A.207M,5011.87,0.0,0.0,28.5,0.1,0.3,5007.07,5762.73,5386.38,117.19,,Carrillo2017MNRAS.465.5026C,-10.0,0.4,0.4,6.23,,,,,,,m_083,1,1,18.5,0.4,0.4,Carrillo2017MNRAS.465.5026C,0.45,0.1167,0.0833,653.04,143.64,144.97,493.15,130.96,139.41,19.0,17.0,8.0,0.4,0.22,0.14,,27.04,,,,,,,27.0,7.0,5.0,0.61,0.26,0.13,,,,,,Carrillo2017MNRAS.465.5026C,,Carrillo2017MNRAS.465.5026C,-1.49,0.13,0.13,spectroscopic,-1.49,0.13,0.13,,,,,Muller2025A&A...699A.207M,-1.3,0.4,0.3,Carrillo2017MNRAS.465.5026C,,,,,,,,,,,,
cena_dw1336-44,dw1336-44,204.1833333333333,-44.447222222222216,311.3922786,17.6791664,-3316.05,1094.5,-228.13,,,,,,,,,,,,,,,,,,3499.45,0.0,0.0,27.72,0.19,0.15,3494.34,4265.29,3881.83,239.37,,Muller2019A&A...629A..18M,-9.3,,,5.95,,,,,,,ngc_5128,1,1,18.42,,,Muller2017A&A...597A...7M,0.1345,,,136.91,,,112.07,,,81.0,,,0.33,,,,24.52,,,,,,,0.1876666666666666,0.006,0.006,0.41,0.03,0.04,,,,,,Muller2017A&A...597A...7M,,Muller2017A&A...597A...7M,,,,,,,,,,,,,,,,,,,,,,,,,,,,
cena_dw1337-33,dw1337-33,204.25833333333333,-33.52361111111111,313.7264923,28.3906169,-3231.98,1762.4,-11.87,,,,,,,,,,,,,,,,,,3681.29,,,27.83,,,3676.36,4440.44,4060.03,626.22,host,,-11.07,,,6.66,,,,,,,ngc_5128,0,0,16.76,,,Muller2015A&A...583A..79M,0.4252,,,455.29,,,455.29,,,,,,,,,,25.79,,,,,,,0.2998333333333333,0.0573333333333333,0.0573333333333333,0.84,0.08,0.1,,,,,,Muller2015A&A...583A..79M,,Muller2015A&A...583A..79M,,,,,,,,,,,,,,,,,,,,,,,,,,,,
cena_dw1337-41,dw1337-41,204.47916666666663,-41.903055555555554,312.1196207,20.1380133,-3441.74,1294.52,-174.83,,,,,,,,,,,,,,,,,,3681.29,,,27.83,,,3676.18,4447.14,4063.7,163.78,host,,-9.52,,,6.04,,,,,,,ngc_5128,0,0,18.31,,,Muller2017A&A...597A...7M,0.305,,,326.61,,,326.61,,,,,,,,,,26.62,,,,,,,0.4698333333333333,0.0405,0.0405,0.49,0.1,0.18,,,,,,Muller2017A&A...597A...7M,,Muller2017A&A...597A...7M,,,,,,,,,,,,,,,,,,,,,,,,,,,,
cena_dw1340-30,dw1340-30,205.07916666666665,-30.359722222222224,315.2787637,31.3374492,-4317.47,2632.05,132.89,,,,,,,,429.3,21.6,21.6,,,,,293.57,218.63,Muller2025A&A...699A.207M,5058.25,0.0,0.0,28.52,0.03,0.03,5053.32,5808.58,5432.48,177.35,,Muller2018A&A...615A..96M,-10.79,0.3,0.3,6.55,,,,,,,m_083,1,1,17.73,0.3,0.3,Muller2018A&A...615A..96M,0.281,,,413.46,,,413.46,,,,,,,,,,25.86,,,,,,,0.316,0.0301666666666666,0.0301666666666666,1.23,0.13,0.18,,,,,,Muller2015A&A...583A..79M,,Muller2015A&A...583A..79M,-1.71,0.19,0.19,spectroscopic,-1.71,0.19,0.19,,,,,Muller2025A&A...699A.207M,-2.27,0.4,0.4,Muller2018A&A...615A..96M,,,,,,,,,,,,
cena_dw1341-29,dw1341-29,205.33416666666665,-29.5675,315.7401234,32.0601801,-4149.15,2596.99,168.84,,,,,,,,483.4,20.6,20.6,,,,,350.09,275.49,Muller2025A&A...699A.207M,4897.79,0.0,0.0,28.45,,,4892.86,5645.81,5270.75,115.38,,Muller2024A&A...684L...6M,-8.8,,,5.75,,,,,,,ngc_5264,1,1,19.65,,,Muller2024A&A...684L...6M,,,,,,,,,,,,,,,,,,,,,,,,,,,,,,,,,,,,,,-2.21,0.13,0.13,spectroscopic,-2.21,0.13,0.13,,,,,Muller2025A&A...699A.207M,,,,,,,,,,,,,,,,
cena_dw1341-33,dw1341-33,205.30416666666665,-33.825,314.6206521,27.9143832,-3249.22,1730.1,34.63,,,,,,,,,,,,,,,,,,3681.29,,,27.83,,,3676.25,4439.14,4059.32,621.94,host,,-10.89,,,6.59,,,,,,,ngc_5128,0,0,16.94,,,Muller2015A&A...583A..79M,0.5905,,,632.33,,,632.33,,,,,,,,,,26.69,,,,,,,0.0813333333333333,0.094,0.094,0.37,0.06,0.11,,,,,,Muller2015A&A...583A..79M,,Muller2015A&A...583A..79M,,,,,,,,,,,,,,,,,,,,,,,,,,,,
cena_dw1341-43,dw1341-43,205.40417,-43.855,312.4156773,18.090785,-3344.69,1121.97,-167.45,,,,,,,,636.4,14.1,14.1,,,,,474.73,398.06,Muller2021A&A...645A..92M,3531.83,0.0,0.0,27.74,0.03,0.0,3526.63,4296.09,3913.35,243.07,,Muller2019A&A...629A..18M,-10.08,0.03,0.0,6.27,,,,,,,ngc_5128,1,1,17.66,0.03,0.0,Muller2017A&A...597A...7M,0.3367,,,345.88,,,331.76,,,0.3,,,0.08,,,,26.09,,,,,,,0.3561666666666667,0.0183333333333333,0.0183333333333333,0.46,0.08,0.15,,,,,,Muller2017A&A...597A...7M,,Muller2017A&A...597A...7M,-1.79,0.33,0.03,spectroscopic,-1.79,0.33,0.03,,,,,Muller2021A&A...645A..92M,,,,,,,,,,,,,10.0,,,Muller2021A&A...645A..92M
cena_dw1342-43,dw1342-43,205.6825,-43.25586111111111,312.7536387,18.6355522,-2736.53,944.54,-117.7,,,,,,,,510.3,8.1,8.1,,,,,350.2,273.61,Muller2021A&A...645A..92M,2897.34,0.0,0.0,27.31,0.22,0.01,2892.13,3661.78,3278.85,804.31,,Muller2019A&A...629A..18M,-9.77,0.22,0.01,6.14,,,,,,,ngc_5128,1,1,17.54,0.22,0.01,Muller2017A&A...597A...7M,0.2583,,,217.72,,,184.75,,,67.4,,,0.28,,,,25.13,,,,,,,0.2115,0.0146666666666666,0.0146666666666666,0.72,0.05,0.07,,,,,,Muller2017A&A...597A...7M,,Muller2017A&A...597A...7M,-1.69,0.19,0.13,spectroscopic,-1.69,0.19,0.13,,,,,Muller2021A&A...645A..92M,,,,,,,,,,,,,12.2,1.8,1.8,Muller2021A&A...645A..92M
cena_dw1343-34,dw1343-34,205.95416666666665,-34.93527777777778,314.9327962,26.7129008,-3285.41,1660.15,43.18,,,,,,,,,,,,,,,,,,3681.29,,,27.83,,,3676.17,4439.65,4059.6,566.68,host,,-8.99,,,5.83,,,,,,,ngc_5128,0,0,18.84,,,Muller2017A&A...597A...7M,0.315,,,337.32,,,337.32,,,,,,,,,,27.22,,,,,,,0.4236666666666667,0.0586666666666666,0.0586666666666666,0.54,0.12,0.24,,,,,,Muller2017A&A...597A...7M,,Muller2017A&A...597A...7M,,,,,,,,,,,,,,,,,,,,,,,,,,,,
cena_dw1357-28,dw1357-28,209.25,-28.92083333333333,319.8250264,31.7911528,-3126.13,1912.85,346.71,,,,,,,,,,,,,,,,,,3681.29,,,27.83,,,3676.02,4420.61,4049.2,989.89,host,,-9.38,,,5.99,,,,,,,ngc_5128,0,0,18.45,,,Muller2017A&A...597A...7M,0.26,,,278.42,,,278.42,,,,,,,,,,26.41,,,,,,,0.3548333333333333,0.0295,0.0295,0.35,0.11,0.3,,,,,,Muller2017A&A...597A...7M,,Muller2017A&A...597A...7M,,,,,,,,,,,,,,,,,,,,,,,,,,,,
cena_dw1401-32,dw1401-32,210.35416666666663,-32.629444444444445,319.5895673,27.9686557,-3248.89,1702.13,315.21,,,,,,,,,,,,,,,,,,3681.29,,,27.83,,,3675.83,4426.48,4052.4,805.56,host,,-10.45,,,6.41,,,,,,,ngc_5128,0,0,17.38,,,Muller2017A&A...597A...7M,0.28,,,299.84,,,299.84,,,,,,,,,,25.51,,,,,,,0.2858333333333333,0.0206666666666666,0.0206666666666666,0.73,0.07,0.09,,,,,,Muller2017A&A...597A...7M,,Muller2017A&A...597A...7M,,,,,,,,,,,,,,,,,,,,,,,,,,,,
cena_dw1403-33,dw1403-33,210.825,-33.403888888888886,319.7465425,27.1106042,-3274.0,1652.45,319.73,,,,,,,,,,,,,,,,,,3681.29,,,27.83,,,3675.78,4426.81,4052.58,778.01,host,,-10.2,,,6.31,,,,,,,ngc_5128,0,0,17.63,,,Muller2017A&A...597A...7M,0.3133,,,335.53,,,335.53,,,,,,,,,,26.0,,,,,,,0.3978333333333333,0.0213333333333333,0.0213333333333333,0.49,0.07,0.11,,,,,,Muller2017A&A...597A...7M,,Muller2017A&A...597A...7M,,,,,,,,,,,,,,,,,,,,,,,,,,,,
cena_dw1406-29,dw1406-29,211.6708333333333,-29.13611111111111,322.098087,30.9198593,-3147.38,1851.44,466.96,,,,,,,,,,,,,,,,,,3681.29,,,27.83,,,3675.8,4415.1,4046.19,1034.63,host,,-9.76,,,6.14,,,,,,,ngc_5128,0,0,18.07,,,Muller2017A&A...597A...7M,0.3517,,,376.58,,,376.58,,,,,,,,,,26.69,,,,,,,0.2736666666666666,0.0418333333333333,0.0418333333333333,0.59,0.15,0.32,,,,,,Muller2017A&A...597A...7M,,Muller2017A&A...597A...7M,,,,,,,,,,,,,,,,,,,,,,,,,,,,
cena_dw1409-33,dw1409-33,212.2625,-33.82777777777778,320.8651941,26.3268177,-3293.33,1600.55,379.65,,,,,,,,,,,,,,,,,,3681.29,,,27.83,,,3675.65,4423.96,4051.03,802.74,host,,-9.9,,,6.19,,,,,,,ngc_5128,0,0,17.93,,,Muller2017A&A...597A...7M,0.3333,,,356.95,,,356.95,,,,,,,,,,26.43,,,,,,,0.3025,0.0553333333333333,0.0553333333333333,0.68,0.2,0.43,,,,,,Muller2017A&A...597A...7M,,Muller2017A&A...597A...7M,,,,,,,,,,,,,,,,,,,,,,,,,,,,
cena_dw1410-34,dw1410-34,212.6958333333333,-34.868611111111115,320.8564091,25.226244,-3324.05,1537.11,374.0,,,,,,,,,,,,,,,,,,3681.29,,,27.83,,,3675.6,4424.6,4051.38,768.26,host,,-10.86,,,6.58,,,,,,,ngc_5128,0,0,16.97,,,Muller2017A&A...597A...7M,0.295,,,315.9,,,315.9,,,,,,,,,,25.21,,,,,,,0.0483333333333333,0.0395,0.0395,1.83,0.36,0.62,,,,,,Muller2017A&A...597A...7M,,Muller2017A&A...597A...7M,,,,,,,,,,,,,,,,,,,,,,,,,,,,
cena_dw1413-34,dw1413-34,213.2833333333333,-34.3925,321.5383538,25.5102929,-3313.6,1549.21,414.55,,,,,,,,,,,,,,,,,,3681.29,,,27.83,,,3675.55,4422.26,4050.1,811.58,host,,-8.77,,,5.74,,,,,,,ngc_5128,0,0,19.06,,,Muller2017A&A...597A...7M,0.1767,,,189.18,,,189.18,,,,,,,,,,26.19,,,,,,,0.1714999999999999,0.0166666666666666,0.0166666666666666,0.63,0.11,0.15,,,,,,Muller2017A&A...597A...7M,,Muller2017A&A...597A...7M,,,,,,,,,,,,,,,,,,,,,,,,,,,,
cena_dw1415-32,dw1415-32,213.9208333333333,-32.572500000000005,322.8070168,27.0271853,-3264.51,1628.46,492.97,,,,,,,,,,,,,,,,,,3681.29,,,27.83,,,3675.53,4417.05,4047.26,920.92,host,,-10.03,,,6.25,,,,,,,ngc_5128,0,0,17.8,,,Muller2017A&A...597A...7M,0.1533,,,164.2,,,164.2,,,,,,,,,,24.62,,,,,,,0.0818333333333333,0.0168333333333333,0.0168333333333333,1.18,0.14,0.17,,,,,,Muller2017A&A...597A...7M,,Muller2017A&A...597A...7M,,,,,,,,,,,,,,,,,,,,,,,,,,,,
cena_ucd-fluffy,Fluffy,199.545362,-44.157251,307.9836234,18.4520193,-3445.28,1220.78,-437.8,,,,,,,,764.3,2.42,2.42,5.89,,,,590.67,512.33,Dumont2022ApJ...929..147D,3681.29,,,27.83,,,3676.55,4452.59,4066.68,112.17,host,,-9.59,,,6.07,5.98,,,,,,ngc_5128,1,0,18.24,,,Dumont2022ApJ...929..147D,0.0276,,,29.61,,,29.61,,,,,,,,,,21.34,,,,,,,,,,,,,,,,,,Dumont2022ApJ...929..147D,,,-1.79,0.39,0.39,spectroscopic,-1.79,0.39,0.39,,,,,Dumont2022ApJ...929..147D,,,,,,,,,,,,,,,,
cena_ucd-kv19-212,KV19-212,200.790847,-43.874459,308.9571838,18.625816,-3450.94,1224.79,-377.85,,,,,,,,571.5,2.42,2.42,18.84,,,,400.69,322.66,Dumont2022ApJ...929..147D,3681.29,,,27.83,,,3676.46,4451.48,4066.07,61.38,host,,-10.25,,,6.33,6.21,,,,,,ngc_5128,1,0,17.58,,,Dumont2022ApJ...929..147D,0.0045,,,4.86,,,4.86,,,,,,,,,,16.76,,,,,,,,,,,,,,,,,,Dumont2022ApJ...929..147D,,,-1.03,0.33,0.33,spectroscopic,-1.03,0.33,0.33,,,,,Dumont2022ApJ...929..147D,,,,,,,,,,,,,,,,
cena_ucd-kv19-271,KV19-271,201.296298,-43.509212,309.3913698,18.9388671,-3448.3,1240.74,-348.85,,,,,,,,548.3,2.42,2.42,21.41,,,,379.04,301.13,Dumont2022ApJ...929..147D,3681.29,,,27.83,,,3676.42,4451.06,4065.85,31.83,host,,-10.33,,,6.37,6.23,,,,,,ngc_5128,1,0,17.5,,,Dumont2022ApJ...929..147D,0.0037,,,3.95,,,3.95,,,,,,,,,,16.22,,,,,,,,,,,,,,,,,,Dumont2022ApJ...929..147D,,,-0.42,0.32,0.32,spectroscopic,-0.42,0.32,0.32,,,,,Dumont2022ApJ...929..147D,,,,,,,,,,,,,,,,
cena_ucd-kv19-329,KV19-329,201.672201,-42.703936,309.7999522,19.6972306,-3435.68,1283.5,-317.23,,,,,,,,657.3,2.42,2.42,20.18,,,,490.05,412.23,Dumont2022ApJ...929..147D,3681.29,,,27.83,,,3676.4,4450.84,4065.72,24.61,host,,-10.17,,,6.3,6.19,,,,,,ngc_5128,1,0,17.66,,,Dumont2022ApJ...929..147D,0.0038,,,4.05,,,4.05,,,,,,,,,,16.44,,,,,,,,,,,,,,,,,,Dumont2022ApJ...929..147D,,,-0.71,0.34,0.34,spectroscopic,-0.71,0.34,0.34,,,,,Dumont2022ApJ...929..147D,,,,,,,,,,,,,,,,
cena_ucd-kv19-442,KV19-442,202.432394,-42.391404,310.4385869,19.9215305,-3435.71,1292.69,-277.06,,,,,,,,476.5,2.42,2.42,11.95,,,,311.28,233.67,Dumont2022ApJ...929..147D,3681.29,,,27.83,,,3676.34,4449.95,4065.24,64.25,host,,-10.47,,,6.42,6.05,,,,,,ngc_5128,1,0,17.36,,,Dumont2022ApJ...929..147D,0.0079,,,8.48,,,8.48,,,,,,,,,,17.74,,,,,,,,,,,,,,,,,,Dumont2022ApJ...929..147D,,,-1.35,0.34,0.34,spectroscopic,-1.35,0.34,0.34,,,,,Dumont2022ApJ...929..147D,,,,,,,,,,,,,,,,
centaurus_n,Centaurus N,207.0383,-47.565,312.749199,14.2227501,-3540.51,926.34,-185.31,,,,,,,,,,,,,,,,,,3664.38,0.0,0.0,27.82,0.05,0.05,3659.04,4423.58,4043.14,387.71,,Tully2009AJ....138..323T,-11.24,,,6.73,,,,,,,ngc_5128,1,1,16.58,,,Karachentsev2013AJ....145..101K,,,,,,,,,,,,,,,,,,,,,,,,,,,,,,,,,,,,,,,,,,,,,,,,,,,,,,,,,,,,,,,,,
cepheus_1,Cepheus1,312.790417,56.89,94.3731809,8.0115769,5596.16,495.97,5304.76,,,,,,,,33.0,7.0,7.0,,,,,275.61,341.99,Makarov2003A&A...405..951M,7726.81,,,29.44,,,7727.42,7145.71,7431.82,525.25,host,,-17.91,,,9.4,,,,,9.28,,ngc_6946,1,1,11.53,,,Makarov2014A&A...570A..13M,,,,,,,,,,,,,,,,,,,,,,,,,,,,,,136.0,10.0,10.0,,Burton1999AJ....117..194B,,,,,,,,,,,,,,,,,,,,,,,,,,,,,,,
cgcg_189m050,CGCG 189-050,199.27042,37.9525,98.0743347,77.9098879,681.96,4027.51,1007.57,,,,,,,,334.0,1.0,1.0,,,,,392.16,378.21,Karachentsev2024A&A...684L..24K,4207.27,0.0,0.0,28.12,,,4207.51,4413.86,4294.29,,,Karachentsev2024A&A...684L..24K,-12.89,,,7.39,,,,,6.95,,,1,1,15.23,,,Karachentsev2013AJ....145..101K,,,,,,,,,,,,,,,,,,,,,,,,,,,,,,2.14,,,,Karachentsev2024A&A...684L..24K,,,,,,,,,,,,,,,,,,,,,,,,,,,,,,,
cgcg_217m018,CGCG 217-018,198.215833,40.543056,106.0337693,75.8743212,1883.66,8583.74,2104.61,,,,,,,,565.0,1.0,1.0,,,,,629.28,618.57,Karachentsev2024A&A...684L..24K,9036.49,,,29.78,,,9037.05,9175.54,9098.0,250.23,host,,-15.51,0.09,0.09,8.44,,,,,7.97,,ngc_5055,1,1,14.27,0.09,0.09,Carlsten2022ApJ...933...47C,0.1878,0.0093,0.0093,493.23,24.17,24.4,493.23,24.17,24.4,,,,,,,,21.53,,,,,,,,,,,,,4.88,,,,Karachentsev2024A&A...684L..24K,Carlsten2022ApJ...933...47C,,,,,,,,,,,,,,,,,,,,,,,,,,,,,,
corvus_a,Corvus A,183.69021,-16.396367,290.3171104,45.5751079,-2083.33,2489.33,-794.73,,,,,,,,523.0,2.0,2.0,,,,,370.47,296.61,Jones2024ApJ...971L..37J,3341.95,0.0,0.0,27.62,0.07,0.07,3339.99,4055.93,3695.78,,trgb,MutluPakdil2026ApJ...997..271M,-10.93,0.1,0.1,6.61,,,,,6.55,,,1,1,16.69,0.1,0.1,MutluPakdil2026ApJ...997..271M,0.3,0.0167,0.0167,291.3,15.96,16.11,232.95,14.81,14.69,117.0,4.0,4.0,0.36,0.04,0.04,,24.48,,,,,,,,,,,,,1.36,0.05,0.05,,Jones2024ApJ...971L..37J,MutluPakdil2026ApJ...997..271M,,,,,,,,,,,,,,,,,,,,,,,,,,,,,,
ddo_006,DDO 6,12.454,-21.017,119.3807763,-83.8775613,348.5,-3407.68,-263.56,,,,,,,,295.4,5.0,5.0,,,,,309.81,347.44,Westmeier2017MNRAS.472.4832W,3435.58,0.0,0.0,27.68,0.1,0.09,3436.01,3150.68,3273.29,261.08,,Jacobs2009AJ....138..332J,-12.76,0.09,0.09,7.34,,,,,7.0,,ngc_0253,1,1,14.92,0.09,0.09,Carlsten2022ApJ...933...47C,0.6267,0.0317,0.0317,625.62,31.18,31.47,625.62,31.18,31.47,,,,,,,,24.79,,,,,,,,,,,,,3.58,0.67,0.83,,Westmeier2017MNRAS.472.4832W,Carlsten2022ApJ...933...47C,,,,,,,,,,,,,,,,,,,,,,,,,,,,,,
ddo_046,DDO 46,115.3575,40.1125,179.2327223,26.1729259,6934.68,5232.58,-5672.46,,,,,,,,362.0,2.0,2.0,,,,,356.81,370.87,Makarov2014A&A...570A..13M,10375.28,0.0,0.0,30.08,0.13,0.13,10382.57,10185.77,10273.64,,trgb,Tully2009AJ....138..323T,-16.28,,,8.75,,,,,8.57,,,1,1,13.8,,,Makarov2014A&A...570A..13M,,,,,,,,,,,,,,,,,,,,,,,,,,,,,,14.72,,,,Makarov2014A&A...570A..13M,,,,,,,,,,,,,,,,,,,,,,,,,,,,,,,
ddo_053,DDO 53,128.5362,66.1771,149.2998676,34.9521138,2952.13,2164.82,-387.77,,,,,,,,19.2,1.7,1.7,,,,,117.34,149.93,Begum2008MNRAS.386.1667B,3681.29,0.0,0.0,27.83,0.03,0.03,3687.02,3393.64,3519.06,527.3,,Tully2009AJ....138..323T,-13.64,0.09,0.09,7.69,,,,,7.84,,m_081,1,1,14.19,0.09,0.09,Carlsten2021ApJ...922..267C,0.8473,0.0417,0.0417,906.44,43.96,44.37,730.82,37.5,37.48,,,,0.35,0.02,0.02,,24.25,,,,,,,,,,,,,21.5,2.2,2.2,,Begum2008MNRAS.386.1667B,Carlsten2021ApJ...922..267C,,,,,,,,,,,,,,,,,,,,,,,,,,,,,,
ddo_078,DDO 78,156.61625,67.65666667,141.1375726,43.9970271,2500.44,2423.04,102.7,,,,,,,,55.0,10.0,10.0,,,,,164.04,191.02,,3483.37,0.0,0.0,27.71,0.03,0.03,3487.93,3273.76,3357.84,236.13,,Tully2009AJ....138..323T,-12.61,,,7.28,,,,,,,m_081,1,1,15.1,,,Karachentsev2000A&A...363..117K,1.94,,,1965.75,,,1965.75,,,,,,,,,,27.43,,,,,,,,,,,,,,,,,,Karachentsev2013AJ....145..101K,,,,,,,,,,,,,,,,,,,,,,,,,,,,,,
ddo_082,DDO 82,157.64583,70.61944,137.8957061,42.1780113,2909.62,2623.28,263.68,,,,,,,,56.0,3.0,3.0,,,,,176.16,206.68,Makarov2003A&A...405..951M,3926.45,0.0,0.0,27.97,0.01,0.01,3930.92,3674.44,3782.68,383.71,,Tully2009AJ....138..323T,-14.98,,,8.23,,,,,6.46,,m_081,1,1,12.99,,,Karachentsev2013AJ....145..101K,,,,,,,,,,,,,,,,,,,,,,,,,,,,,,0.8,,,,Karachentsev2013AJ....145..101K,,,,,,,,,,,,,,,,,,,,,,,,,,,,,,,
ddo_126,DDO 126,186.77125,37.1425,148.5971067,78.7434929,950.81,4861.57,348.55,,,,,,,,217.0,17.0,17.0,,,,,247.46,230.15,Kovac2009MNRAS.400..743K,4965.92,0.0,0.0,28.48,0.07,0.07,4967.28,5177.0,5057.68,,trgb,Tully2009AJ....138..323T,-14.73,,,8.13,,,,,8.03,,,1,1,13.75,,,Karachentsev2013AJ....145..101K,,,,,,,,,,,,,,,,,,,,,,,,,,,,,,18.54,,,,Kovac2009MNRAS.400..743K,,,,,,,,,,,,,,,,,,,,,,,,,,,,,,,
ddo_127,DDO 127,187.11875,37.233333,147.1235585,78.7937178,904.16,4619.59,355.27,,,,,,,,275.0,17.0,17.0,,,,,306.44,289.28,Kovac2009MNRAS.400..743K,4720.63,0.0,0.0,28.37,0.07,0.07,4721.96,4933.52,4812.62,,trgb,Tully2009AJ....138..323T,-13.77,,,7.74,,,,,7.67,,,1,1,14.6,,,Karachentsev2013AJ....145..101K,,,,,,,,,,,,,,,,,,,,,,,,,,,,,,8.87,,,,Kovac2009MNRAS.400..743K,,,,,,,,,,,,,,,,,,,,,,,,,,,,,,,
ddo_133,DDO 133,188.227,31.5389,164.2965948,84.02124,452.76,4844.61,305.2,,,,,,,,331.0,,,,,,,344.37,319.61,Karachentsev2013AJ....145..101K,4875.28,0.0,0.0,28.44,0.05,0.05,4876.11,5157.92,5003.55,,trgb,Tully2009AJ....138..323T,-15.4,0.09,0.09,8.39,,,,,8.25,,,1,1,13.04,0.09,0.09,Carlsten2021ApJ...922..267C,1.7593,0.0845,0.0845,2492.54,118.07,119.16,1708.66,89.87,88.71,,,,0.53,0.02,0.02,,24.33,,,,,,,,,,,,,31.67,0.05,0.05,,Karachentsev2013AJ....145..101K,Carlsten2021ApJ...922..267C,,,,,,,,,,,,,,,,,,,,,,,,,,,,,,
ddo_153,DDO 153,193.486722,-12.1054537,303.9015155,50.7615704,-5874.66,7506.54,-584.19,,,,,,,,821.0,1.0,1.0,,,,,702.63,632.83,Warren2007AJ....134.1849W,9549.93,,,29.9,,,9547.06,10234.15,9890.32,574.91,host,,-15.85,0.03,0.03,8.57,,,,,8.69,,ngc_4594,1,1,14.05,0.03,0.03,Warren2007AJ....134.1849W,,,,,,,,,,,,,,,,,,,,,,,,,,,,,,22.8,1.3,1.3,,Warren2007AJ....134.1849W,,,,,,,,,,,,,,,,,,,,,,,,,,,,,,,
ddo_154,DDO 154,193.52167,27.14861,35.0614838,89.4103597,-8.86,4007.24,484.65,,,,,,,,374.0,1.0,1.0,,,,,383.34,353.68,Haynes2011AJ....142..170H,4036.45,0.0,0.0,28.03,0.03,0.03,4036.39,4381.3,4194.48,,,Tully2009AJ....138..323T,-14.31,,,7.96,,,,,8.28,,,1,1,13.72,,,Karachentsev2013AJ....145..101K,,,,,,,,,,,,,,,,,,,,,,,,,,,,,,49.659,,,,Haynes2011AJ....142..170H,,,,,,,,,,,,,,,,,,,,,,,,,,,,,,,
ddo_161,DDO 161,195.82,-17.423056,306.9532253,45.3562087,-4164.38,4345.37,-288.98,,,,,,,,744.0,18.0,18.0,,,,,617.07,544.57,Doyle2005MNRAS.361...34D,6025.6,0.0,0.0,28.9,0.09,0.09,6022.17,6740.9,6381.45,,trgb,Karachentsev2018ApJ...858...62K,-16.28,,,8.75,,,,,8.83,,,1,1,12.62,,,Karachentsev2013AJ....145..101K,0.8383,0.0617,0.0617,1467.17,106.5,107.48,842.83,61.18,61.74,114.0,,,0.67,,,,21.92,,,,,,,,,,,,,78.7,,,,Doyle2005MNRAS.361...34D,Li2026ApJS..282...16L,,,,,,,,,,,,,,,,,,,,,,,,,,,,,,
ddo_165,DDO 165,196.61167,67.70417,120.7472656,49.3603688,3014.68,3544.2,1298.06,,,,,,,,30.7,0.2,0.2,,,,,169.78,195.67,Huchtmeier2003A&A...401..483H,4830.59,0.0,0.0,28.42,0.02,0.02,4833.3,4635.5,4718.12,,trgb,Tully2009AJ....138..323T,-15.65,0.09,0.09,8.49,,,,,8.08,,,1,1,12.77,0.09,0.09,Carlsten2021ApJ...922..267C,1.129,0.0538,0.0538,1584.86,74.53,75.22,1120.63,57.94,57.27,,,,0.5,0.02,0.02,,23.17,,,,,,,,,,,,,22.1,,,,Huchtmeier2003A&A...401..483H,Carlsten2021ApJ...922..267C,,,,,,,,,,,,,,,,,,,,,,,,,,,,,,
ddo_167,DDO 167,198.345,46.31972,111.6241725,70.3237931,1287.78,3905.6,1057.4,,,,,,,,150.2,1.7,1.7,,,,,232.8,230.03,Begum2008MNRAS.386.1667B,4246.2,0.0,0.0,28.14,0.16,0.16,4247.21,4345.1,4278.36,,trgb,Tully2009AJ....138..323T,-12.96,0.09,0.09,7.42,,,,,7.2,,,1,1,15.18,0.09,0.09,Carlsten2021ApJ...922..267C,0.3925,0.0202,0.0202,484.29,24.54,24.77,368.85,19.99,19.84,,,,0.42,0.02,0.02,,23.44,,,,,,,,,,,,,3.7,0.4,0.4,,Begum2008MNRAS.386.1667B,Carlsten2021ApJ...922..267C,,,,,,,,,,,,,,,,,,,,,,,,,,,,,,
ddo_168,DDO 168,198.619167,45.919444,110.761739,70.6605429,1257.26,3912.92,1067.04,,,,,,,,191.0,8.0,8.0,,,,,272.88,269.62,Stil2002A&A...389...29S,4246.2,0.0,0.0,28.14,0.08,0.08,4247.16,4350.11,4280.91,,trgb,Tully2009AJ....138..323T,-15.55,,,8.45,,,,,8.33,,,1,1,12.59,,,Karachentsev2013AJ....145..101K,,,,,,,,,,,,,,,,,,,,,,,,,,,,,,50.58,,,,Stil2002A&A...389...29S,,,,,,,,,,,,,,,,,,,,,,,,,,,,,,,
ddo_169,DDO 169,198.87792,47.49639,111.4819059,69.0930819,1414.36,4014.92,1135.28,,,,,,,,262.0,5.2,5.2,,,,,349.14,348.1,Simpson2000AJ....120.2975S,4405.55,0.0,0.0,28.22,0.05,0.05,4406.62,4485.95,4428.95,,trgb,Tully2009AJ....138..323T,-14.17,0.09,0.09,7.9,,,,,6.75,,,1,1,14.05,0.09,0.09,Carlsten2021ApJ...922..267C,0.7098,0.0348,0.0348,908.74,43.98,44.39,513.86,29.78,29.57,,,,0.68,0.02,0.02,,22.95,,,,,,,,,,,,,1.22,,,,Simpson2000AJ....120.2975S,Carlsten2021ApJ...922..267C,,,,,,,,,,,,,,,,,,,,,,,,,,,,,,
ddo_169_nw,DDO 169NW,198.83375,47.543611,111.596962,69.0552538,1392.3,3940.81,1112.83,,,,,,,,242.0,1.6,1.6,,,,,329.2,328.21,Simpson2000AJ....120.2975S,4325.14,0.0,0.0,28.18,0.13,0.13,4326.21,4406.19,4348.56,,trgb,Tully2009AJ....138..323T,-10.53,,,6.45,,,,,7.0,,,1,1,17.65,,,Karachentsev2013AJ....145..101K,,,,,,,,,,,,,,,,,,,,,,,,,,,,,,2.25,,,,Simpson2000AJ....120.2975S,,,,,,,,,,,,,,,,,,,,,,,,,,,,,,,
ddo_181,DDO 181,204.9736,40.7399,89.7368919,73.1164433,607.6,2879.36,989.15,,,,,,,,213.6,1.7,1.7,,,,,292.39,283.91,Begum2008MNRAS.386.1667B,3104.56,0.0,0.0,27.46,0.04,0.04,3104.56,3290.33,3175.15,,,Tully2009AJ....138..323T,-13.46,0.09,0.09,7.62,,,,,7.44,,,1,1,14.0,0.09,0.09,Carlsten2021ApJ...922..267C,0.7258,0.0355,0.0355,654.82,31.59,31.88,448.87,23.94,23.69,,,,0.53,0.02,0.02,,23.37,,,,,,,,,,,,,12.2,1.2,1.2,,Begum2008MNRAS.386.1667B,Carlsten2021ApJ...922..267C,,,,,,,,,,,,,,,,,,,,,,,,,,,,,,
ddo_183,DDO 183,207.7121,38.0198,77.7916651,73.4478193,477.68,3065.25,1157.94,,,,,,,,188.4,1.7,1.7,,,,,265.02,253.93,Begum2008MNRAS.386.1667B,3311.31,0.0,0.0,27.6,0.05,0.05,3310.83,3519.89,3395.07,1352.48,,Tully2009AJ....138..323T,-13.51,0.09,0.09,7.64,,,,,7.43,,m_094,1,1,14.09,0.09,0.09,Carlsten2021ApJ...922..267C,0.785,0.0385,0.0385,755.36,36.54,36.87,377.22,23.73,23.87,,,,0.75,0.02,0.02,,22.94,,,,,,,,,,,,,10.5,1.1,1.1,,Begum2008MNRAS.386.1667B,Carlsten2021ApJ...922..267C,,,,,,,,,,,,,,,,,,,,,,,,,,,,,,
ddo_226,DDO 226,10.76583,-22.25028,101.1819535,-84.7645855,362.36,-4899.27,-275.9,,,,,,,,361.0,2.0,2.0,,,,,375.01,411.42,Huchtmeier2000A&AS..141..469H,4920.4,0.0,0.0,28.46,0.13,0.13,4920.55,4626.69,4760.02,,trgb,Tully2009AJ....138..323T,-14.46,0.09,0.09,8.02,,,,,7.34,,,1,1,14.0,0.09,0.09,Carlsten2021ApJ...922..267C,0.6723,0.0328,0.0328,961.33,46.3,46.73,568.59,32.02,31.72,,,,0.65,0.02,0.02,,22.88,,,,,,,,,,,,,3.84,,,,Huchtmeier2000A&AS..141..469H,Carlsten2021ApJ...922..267C,,,,,,,,,,,,,,,,,,,,,,,,,,,,,,
donatiello_1,Donatiello I,17.91820833,34.60088889,127.6508734,-28.0853837,2879.46,-1603.74,318.58,,,,,,,,,,,,,,,,,,3311.31,0.0,0.0,27.6,0.2,0.2,3315.7,2546.88,2928.34,,,MartinezDelgado2018A&A...620A.126M,-8.3,0.3,0.3,5.55,,,,,,5.59,,0,0,19.3,0.3,0.3,MartinezDelgado2018A&A...620A.126M,0.48,0.15,0.15,459.48,141.95,143.72,259.65,80.1,81.81,,,,0.68,0.01,0.01,,27.34,,,,,,,0.345,0.005,0.005,0.73,0.02,0.02,,,,0.15,MartinezDelgado2018A&A...620A.126M,MartinezDelgado2018A&A...620A.126M,,MartinezDelgado2018A&A...620A.126M,,,,,,,,,,,,,,,,,,,,,,,,,,,,
donatiello_3,Donatiello III,17.3524,-27.34707,217.0942386,-85.9995023,41.98,-3318.72,-600.51,,,,,,,,,,,,,,,,,,3372.87,0.0,0.0,27.64,0.11,0.11,3373.33,3176.94,3253.31,330.75,,MutluPakdil2024ApJ...966..188M,-8.91,0.11,0.11,5.8,,,,,,6.27,ngc_0253,1,1,18.73,0.11,0.11,MutluPakdil2024ApJ...966..188M,0.21,0.0133,0.0133,205.77,12.89,13.01,131.71,8.37,8.57,-10.4,1.6,1.6,0.59,0.01,0.01,,25.26,,,,,,,0.1408333333333333,0.0028333333333333,0.0028333333333333,0.56,0.01,0.01,,,,0.69,MutluPakdil2024ApJ...966..188M,MutluPakdil2024ApJ...966..188M,,MartinezDelgado2021A&A...652A..48M,,,,,,,,,,,,,,,,,,,,,,,,,,,,
donatiello_4,Donatiello IV,11.76255,-21.68071,112.3099902,-84.4617389,344.86,-3920.05,-271.93,,,,,,,,,,,,,,,,,,3944.57,0.0,0.0,27.98,0.33,0.33,3944.88,3657.55,3783.92,531.02,,MutluPakdil2024ApJ...966..188M,-8.61,0.34,0.34,5.68,,,,,,6.54,ngc_0253,1,1,19.37,0.34,0.34,MutluPakdil2024ApJ...966..188M,0.27,0.035,0.035,308.97,39.57,39.93,239.01,30.99,31.77,24.0,3.7,3.7,0.4,0.03,0.03,,26.85,,,,,,,0.1701666666666667,0.0108333333333333,0.0108333333333333,0.85,0.12,0.12,,,,0.94,MutluPakdil2024ApJ...966..188M,MutluPakdil2024ApJ...966..188M,,MartinezDelgado2021A&A...652A..48M,,,,,,,,,,,,,,,,,,,,,,,,,,,,
donatiello_5,Donatiello V,8.243,-23.279194,74.5874894,-84.3211068,156.93,-3462.97,-76.56,,,,,,,,,,,,,,,,,,3467.37,,,27.7,,,3467.16,3211.68,3319.37,234.9,host,,-7.43,0.03,0.03,5.21,,,,,,,ngc_0253,0,0,20.27,0.03,0.03,MartinezDelgado2026A&A...705A..77M,0.15,0.0083,0.0083,151.12,8.28,8.36,84.15,4.84,4.84,34.0,1.0,1.0,0.69,0.01,0.01,,25.77,,,,,,,0.15,0.0083333333333333,0.0083333333333333,0.7,0.07,0.07,,,,,,MartinezDelgado2026A&A...705A..77M,,MartinezDelgado2026A&A...705A..77M,,,,,,,,,,,,,,,,,,,,,,,,,,,,
donatiello_6,Donatiello VI,8.732,-21.99481,85.8745677,-83.6416679,239.07,-3458.18,-80.67,,,,,,,,,,,,,,,,,,3467.37,,,27.7,,,3467.31,3194.58,3311.1,265.12,host,,-8.23,0.02,0.02,5.53,,,,,,,ngc_0253,0,0,19.47,0.02,0.02,MartinezDelgado2026A&A...705A..77M,0.1267,0.0017,0.0017,127.72,1.66,1.67,87.48,1.24,1.22,-44.0,0.7,0.7,0.531,0.005,0.005,,25.05,,,,,,,0.1266666666666666,0.0016666666666666,0.0016666666666666,0.64,0.02,0.02,,,,,,MartinezDelgado2026A&A...705A..77M,,MartinezDelgado2026A&A...705A..77M,,,,,,,,,,,,,,,,,,,,,,,,,,,,
donatiello_7,Donatiello VII,9.395083,-29.4791,354.498645,-86.1493867,-185.65,-3453.99,-241.13,,,,,,,,,,,,,,,,,,3467.37,,,27.7,,,3466.84,3294.07,3359.49,286.72,host,,-7.26,0.02,0.02,5.14,,,,,,,ngc_0253,0,0,20.44,0.02,0.02,MartinezDelgado2026A&A...705A..77M,0.1267,0.005,0.005,127.65,4.97,5.01,92.94,4.06,4.01,-57.0,2.0,2.0,0.47,0.02,0.02,,26.15,,,,,,,0.1266666666666666,0.005,0.005,0.43,0.03,0.03,,,,,,MartinezDelgado2026A&A...705A..77M,,MartinezDelgado2026A&A...705A..77M,,,,,,,,,,,,,,,,,,,,,,,,,,,,
donatiello_8,Donatiello VIII,10.1454167,-20.5571111,101.6729418,-82.9763614,328.83,-3292.5,-126.95,,,,,,,,,,,,,,,,,,3311.31,0.0,0.0,27.6,0.16,0.16,3311.52,3023.25,3146.72,334.04,trgb,Fielder2025arXiv251202118F,-8.26,0.17,0.17,5.54,,,,,,6.17,ngc_0253,1,1,19.34,0.17,0.17,Fielder2025arXiv251202118F,0.212,0.0062,0.0062,204.08,5.85,5.91,113.83,3.72,3.64,12.9,0.8,0.8,0.689,0.009,0.009,,25.59,,,,,,,0.4,0.0333333333333333,0.0333333333333333,1.09,0.08,0.08,,,,0.57,Fielder2025arXiv251202118F,Fielder2025arXiv251202118F,,MartinezDelgado2026A&A...705A..77M,,,,,,,,,,,,,,,,,,,,,,,,,,,,
donatiello_9,Donatiello IX,10.676,-23.76961,92.0418775,-86.1056738,165.56,-3456.77,-214.36,,,,,,,,,,,,,,,,,,3467.37,,,27.7,,,3467.4,3217.64,3322.25,113.56,host,,-7.95,0.03,0.03,5.41,,,,,,,ngc_0253,0,0,19.75,0.03,0.03,MartinezDelgado2026A&A...705A..77M,0.2583,0.0133,0.0133,260.28,13.25,13.37,170.67,8.9,9.0,-27.0,2.0,2.0,0.57,0.01,0.01,,26.78,,,,,,,0.2583333333333333,0.0133333333333333,0.0133333333333333,0.76,0.05,0.05,,,,,,MartinezDelgado2026A&A...705A..77M,,MartinezDelgado2026A&A...705A..77M,,,,,,,,,,,,,,,,,,,,,,,,,,,,
dw0741p4005,dw0741p4005,115.3924,40.0843,179.2705915,26.1917156,6865.93,5188.01,-5623.65,,,,,,,,,,,,,,,,,,10280.16,0.0,0.0,30.06,0.46,0.48,10287.45,10091.41,10178.83,95.38,sbf,Li2025arXiv250408030L,-11.72,0.1,0.1,6.92,,,,,,,ddo_046,1,1,18.34,0.1,0.1,Li2025arXiv250408030L,0.0937,0.0067,,280.1,,,280.1,,,,,,,,,,24.09,,,,,,,,,,,,,,,,,,Li2025arXiv250408030L,,,,,,,,,,,,,,,,,,,,,,,,,,,,,,
dw1008p7038b,dw1008p7038b,152.2005,70.6456,139.5162681,40.8412168,8026.36,6934.03,465.33,,,,,,,,,,,,,,,,,,10616.96,0.0,0.0,30.13,0.25,0.28,10621.63,10309.2,10457.02,1746.66,sbf,Li2025arXiv250408030L,-12.47,0.1,0.1,7.22,,,,,,,ugc_05423,1,1,17.66,0.1,0.1,Li2025arXiv250408030L,10.5,0.7,0.7,32382.9,2130.03,2149.63,32382.9,2130.03,2149.63,,,,,,,,33.65,,,,,,,,,,,,,,,,,,Li2025arXiv250408030L,,,,,,,,,,,,,,,,,,,,,,,,,,,,,,
dw1009p7032,dw1009p7032,152.3942,70.5489,139.559453,40.9526888,6788.51,5888.37,391.04,,,,,,,,,,,,,,,,,,8994.98,0.0,0.0,29.77,,,8999.65,8693.15,8836.84,137.37,trgb,Karachentsev2013AJ....145..101K,-12.01,0.1,0.1,7.04,,,,,,,ugc_05423,1,1,17.76,0.1,0.1,Li2025arXiv250408030L,12.8,0.9,0.9,33442.88,2320.23,2341.58,33442.88,2320.23,2341.58,,,,,,,,34.18,,,,,,,,,,,,,,,,,,Li2025arXiv250408030L,,,,,,,,,,,,,,,,,,,,,,,,,,,,,,
dw1242p4115,dw1242p4115,190.547,41.2525,130.0100708,75.7483764,1939.37,7624.45,1096.47,,,,,,,,,,,,,,,,,,7943.28,0.0,0.0,29.5,0.22,0.2,7944.57,8081.09,8003.07,288.11,sbf,Li2025arXiv250408030L,-11.57,0.1,0.1,6.86,,,,,,,ngc_4618,1,1,17.93,0.1,0.1,Li2025arXiv250408030L,12.8,1.1,1.1,29523.17,2504.27,2527.31,29523.17,2504.27,2527.31,,,,,,,,34.35,,,,,,,,,,,,,,,,,,Li2025arXiv250408030L,,,,,,,,,,,,,,,,,,,,,,,,,,,,,,
dw1250p5056,dw1250p5056,192.7354,50.9346,123.1256449,66.1934657,3051.0,7006.15,1555.23,,,,,,,,,,,,,,,,,,7798.3,0.0,0.0,29.46,0.4,0.47,7800.1,7806.89,7792.94,1283.31,sbf,Li2025arXiv250408030L,-10.69,0.11,0.11,6.51,,,,,,,ngc_4707,1,1,18.77,0.11,0.11,Li2025arXiv250408030L,4.11,0.3,0.3,9309.18,670.52,676.69,9309.18,670.52,676.69,,,,,,,,32.73,,,,,,,,,,,,,,,,,,Li2025arXiv250408030L,,,,,,,,,,,,,,,,,,,,,,,,,,,,,,
dw1259m1735,dw1259m1735,194.9186,-17.5966,305.7194427,45.2305638,-4118.03,4306.34,-377.34,,,,,,,,,,,,,,,,,,5970.35,0.0,0.0,28.88,0.12,0.13,5967.02,6687.21,6327.01,107.14,sbf,Li2026ApJ...998L..24L,-11.6,0.09,0.09,6.87,,,,,,,ddo_161,1,1,17.28,0.09,0.09,Li2026ApJ...998L..24L,0.2567,0.0167,0.0167,445.16,28.52,28.78,445.16,28.52,28.78,,,,,,,,25.21,,,,,,,,,,,,,,,,,,Li2026ApJ...998L..24L,,,,,,,,,,,,,,,,,,,,,,,,,,,,,,
dw1301m1627,dw1301m1627,195.3665,-16.4598,306.4157819,46.344102,-4276.3,4628.34,-320.13,,,,,,,,,,,,,,,,,,6309.57,0.0,0.0,29.0,0.17,0.18,6306.25,7020.08,6662.97,305.89,sbf,Li2026ApJ...998L..24L,-11.36,0.1,0.1,6.78,,,,,,,ddo_161,1,1,17.64,0.1,0.1,Li2026ApJ...998L..24L,0.285,0.0167,0.0167,522.45,30.14,30.42,522.45,30.14,30.42,,,,,,,,25.8,,,,,,,,,,,,,,,,,,Li2026ApJ...998L..24L,,,,,,,,,,,,,,,,,,,,,,,,,,,,,,
dw1305m1715,dw1305m1715,196.2662,-17.2573,307.5752024,45.4915567,-4298.82,4492.64,-249.09,,,,,,,,,,,,,,,,,,6223.0,0.0,0.0,28.97,0.14,0.15,6219.54,6936.91,6578.17,203.36,sbf,Li2026ApJ...998L..24L,-12.36,0.09,0.09,7.18,,,,,,,ddo_161,1,1,16.61,0.09,0.09,Li2026ApJ...998L..24L,0.1367,0.005,0.005,247.21,8.92,9.0,247.21,8.92,9.0,,,,,,,,23.18,,,,,,,,,,,,,,,,,,Li2026ApJ...998L..24L,,,,,,,,,,,,,,,,,,,,,,,,,,,,,,
dw1343+58,dw1343+58,205.779167,58.227778,110.2367956,57.6085671,2668.62,4547.37,1879.56,,,,,,,,195.0,1.0,1.0,,,,,322.63,337.67,Karunakaran2020AJ....159...37K,5597.58,0.0,0.0,28.74,,,5599.09,5512.12,5541.44,,trgb,Tully2009AJ....138..323T,-13.42,,,7.6,,,,,6.66,,,1,1,15.32,,,Muller2017A&A...602A.119M,0.4767,0.0217,0.0217,775.41,34.76,35.08,775.41,34.76,35.08,,,,,,,,24.6,,,,,,,,,,,,,0.62,0.12,0.12,,Karunakaran2020AJ....159...37K,Muller2017A&A...602A.119M,,,,,,,,,,,,,,,,,,,,,,,,,,,,,,
dw_0128-4116,Dw0128-4116,22.179167,-41.276111,276.8787439,-73.9124327,-846.74,-3757.52,-1143.54,,,,,,,,,,,,,,,,,,4017.91,,,28.02,,,4017.65,4000.89,3990.58,84.53,host,,-10.65,,,6.49,,,,,,,ngc_0625,0,0,17.37,,,Karachentsev2025PASA...42...26K,0.68,,,794.76,,,550.62,,,,,,0.52,,,,26.62,,,,,,,,,,,,,,,,,,Karachentsev2025PASA...42...26K,,,,,,,,,,,,,,,,,,,,,,,,,,,,,,
dw_0312-6643,Dw0312-6643,48.087917,-66.721111,284.1494723,-44.9246677,-2550.1,-2837.96,-1994.57,,,,,,,,,,,,,,,,,,4305.27,,,28.17,,,4303.87,4648.67,4463.41,47.13,host,,-7.48,,,5.23,,,,,,,ngc_1313,0,0,20.69,,,Karachentsev2025PASA...42...26K,0.64,,,801.5,,,487.54,,,,,,0.63,,,,29.53,,,,,,,,,,,,,,,,,,Karachentsev2025PASA...42...26K,,,,,,,,,,,,,,,,,,,,,,,,,,,,,,
dw_1105-3041,Dw1105-3041,166.447917,-30.688611,277.5273276,26.919723,-4544.04,3404.17,-3437.85,,,,,,,,,,,,,,,,,,6637.43,,,29.11,,,6636.49,7362.1,6998.36,393.48,host,,-9.42,,,6.0,,,,,,,ngc_3621,0,0,19.69,,,Karachentsev2025PASA...42...26K,0.77,,,1486.68,,,594.67,,,,,,0.84,,,,28.02,,,,,,,,,,,,,,,,,,Karachentsev2025PASA...42...26K,,,,,,,,,,,,,,,,,,,,,,,,,,,,,,
dw_1128-3225,Dw1128-3225,172.242083,-32.423056,283.3903705,27.300095,-4890.94,3388.64,-2941.3,,,,,,,,,,,,,,,,,,6637.43,,,29.11,,,6635.76,7382.71,7009.21,264.84,host,,-8.92,,,5.8,,,,,,,ngc_3621,0,0,20.19,,,Karachentsev2025PASA...42...26K,0.47,,,907.45,,,608.74,,,,,,0.55,,,,28.57,,,,,,,,,,,,,,,,,,Karachentsev2025PASA...42...26K,,,,,,,,,,,,,,,,,,,,,,,,,,,,,,
dw_1231-1216,Dw1231-1216,187.775,-12.27,295.1411543,50.2938445,-5647.55,7556.47,-1485.24,,,,,,,,,,,,,,,,,,9549.93,,,29.9,,,9547.72,10235.11,9890.81,377.9,host,,-11.51,,,6.84,,,,,,,ngc_4594,0,0,18.39,,,Karachentsev2025PASA...42...26K,0.72,,,2000.13,,,1039.3,,,,,,0.73,,,,27.14,,,,,,,,,,,,,,,,,,Karachentsev2025PASA...42...26K,,,,,,,,,,,,,,,,,,,,,,,,,,,,,,
dw_1244-0842,Dw1244-0842,191.007917,-8.713056,299.8086727,54.1137721,-5337.06,7876.09,-827.07,,,,,,,,,,,,,,,,,,9549.93,,,29.9,,,9547.56,10212.76,9879.26,512.57,host,,-10.61,,,6.48,,,,,,,ngc_4594,0,0,19.29,,,Karachentsev2025PASA...42...26K,0.56,,,1555.66,,,1008.18,,,,,,0.58,,,,27.98,,,,,,,,,,,,,,,,,,Karachentsev2025PASA...42...26K,,,,,,,,,,,,,,,,,,,,,,,,,,,,,,
dw_1244-0951,Dw1244-0951,191.020833,-9.85,299.9224075,52.9787662,-5485.56,7768.23,-874.25,,,,,,,,,,,,,,,,,,9549.93,,,29.9,,,9547.49,10220.38,9883.2,339.81,host,,-8.41,,,5.6,,,,,,,ngc_4594,0,0,21.49,,,Karachentsev2025PASA...42...26K,0.24,,,666.71,,,333.36,,,,,,0.75,,,,27.78,,,,,,,,,,,,,,,,,,Karachentsev2025PASA...42...26K,,,,,,,,,,,,,,,,,,,,,,,,,,,,,,
dw_1245-1332,Dw1245-1332,191.477083,-13.541944,300.8703784,49.3076685,-5970.12,7391.62,-960.55,,,,,,,,,,,,,,,,,,9549.93,,,29.9,,,9547.21,10243.38,9895.09,400.37,host,,-11.41,,,6.8,,,,,,,ngc_4594,0,0,18.49,,,Karachentsev2025PASA...42...26K,0.87,,,2416.83,,,1323.75,,,,,,0.7,,,,27.77,,,,,,,,,,,,,,,,,,Karachentsev2025PASA...42...26K,,,,,,,,,,,,,,,,,,,,,,,,,,,,,,
dw_1249-0928,Dw1249-0928,192.312917,-9.468889,302.0277097,53.3990202,-5491.11,7786.0,-653.43,,,,,,,,,,,,,,,,,,9549.93,,,29.9,,,9547.36,10217.65,9881.78,522.43,host,,-8.71,,,5.72,,,,,,,ngc_4594,0,0,21.19,,,Karachentsev2025PASA...42...26K,0.51,,,1416.76,,,896.04,,,,,,0.6,,,,29.62,,,,,,,,,,,,,,,,,,Karachentsev2025PASA...42...26K,,,,,,,,,,,,,,,,,,,,,,,,,,,,,,
dw_1258-0948,Dw1258-0948,194.6,-9.815,305.7836559,53.0181937,-5627.8,7709.39,-307.03,,,,,,,,,,,,,,,,,,9549.93,,,29.9,,,9547.07,10218.91,9882.44,811.67,host,,-8.81,,,5.76,,,,,,,ngc_4594,0,0,21.09,,,Karachentsev2025PASA...42...26K,0.53,,,1472.32,,,832.87,,,,,,0.68,,,,29.36,,,,,,,,,,,,,,,,,,Karachentsev2025PASA...42...26K,,,,,,,,,,,,,,,,,,,,,,,,,,,,,,
dw_1259-1407,Dw1259-1407,194.975833,-14.123056,306.0422628,48.6975606,-6180.48,7266.94,-440.82,,,,,,,,,,,,,,,,,,9549.93,,,29.9,,,9546.77,10245.33,9896.1,909.7,host,,-9.51,,,6.04,,,,,,,ngc_4594,0,0,20.39,,,Karachentsev2025PASA...42...26K,0.61,,,1694.56,,,535.87,,,,,,0.9,,,,27.71,,,,,,,,,,,,,,,,,,Karachentsev2025PASA...42...26K,,,,,,,,,,,,,,,,,,,,,,,,,,,,,,
dw_1259-1429,Dw1259-1429,194.755833,-14.483889,305.6951191,48.3471574,-6215.72,7233.59,-491.07,,,,,,,,,,,,,,,,,,9549.93,,,29.9,,,9546.78,10247.55,9897.25,907.65,host,,-11.11,,,6.68,,,,,,,ngc_4594,0,0,18.79,,,Karachentsev2025PASA...42...26K,0.66,,,1833.45,,,1037.16,,,,,,0.68,,,,27.54,,,,,,,,,,,,,,,,,,Karachentsev2025PASA...42...26K,,,,,,,,,,,,,,,,,,,,,,,,,,,,,,
dw_1301-1627,Dw1301-1627,195.367083,-16.461111,306.4164834,46.3427616,-3492.04,3779.33,-261.4,,,,,,,,,,,,,,,,,,5152.29,,,28.56,,,5148.96,5864.33,5506.12,554.19,host,,-9.97,,,6.22,,,,,,,ngc_5068,0,0,18.59,,,Karachentsev2025PASA...42...26K,0.76,,,1139.04,,,711.33,,,,,,0.61,,,,27.86,,,,,,,,,,,,,,,,,,Karachentsev2025PASA...42...26K,,,,,,,,,,,,,,,,,,,,,,,,,,,,,,
dw_1309-1721,Dw1309-1721,197.325,-17.365,308.9958973,45.2963323,-3585.68,3697.86,-121.51,,,,,,,,,,,,,,,,,,5152.29,,,28.56,,,5148.7,5867.12,5507.6,388.33,host,,-8.97,,,5.82,,,,,,,ngc_5068,0,0,19.59,,,Karachentsev2025PASA...42...26K,0.52,,,779.34,,,365.54,,,,,,0.78,,,,27.42,,,,,,,,,,,,,,,,,,Karachentsev2025PASA...42...26K,,,,,,,,,,,,,,,,,,,,,,,,,,,,,,
dw_1314-1817,Dw1314-1817,198.645833,-18.288889,310.6102722,44.2375146,-3665.72,3620.4,-36.18,,,,,,,,,,,,,,,,,,5152.29,,,28.56,,,5148.5,5870.08,5509.18,263.79,host,,-10.87,,,6.58,,,,,,,ngc_5068,0,0,17.69,,,Karachentsev2025PASA...42...26K,0.83,,,1243.95,,,542.23,,,,,,0.81,,,,26.37,,,,,,,,,,,,,,,,,,Karachentsev2025PASA...42...26K,,,,,,,,,,,,,,,,,,,,,,,,,,,,,,
dw_1321-1935,Dw1321-1935,200.495833,-19.591944,312.739607,42.6973603,-3774.29,3506.32,80.78,,,,,,,,,,,,,,,,,,5152.29,,,28.56,,,5148.24,5873.6,5511.05,145.26,host,,-10.25,,,6.33,,,,,,,ngc_5068,0,0,18.31,,,Karachentsev2025PASA...42...26K,0.89,,,1333.88,,,326.73,,,,,,0.94,,,,25.89,,,,,,,,,,,,,,,,,,Karachentsev2025PASA...42...26K,,,,,,,,,,,,,,,,,,,,,,,,,,,,,,
dw_1321-2202,Dw1321-2202,200.267083,-22.033056,311.9500177,40.3192763,-3910.8,3354.35,-1.82,,,,,,,,,,,,,,,,,,5152.29,,,28.56,,,5148.15,5884.16,5516.68,100.01,host,,-10.81,,,6.56,,,,,,,ngc_5068,0,0,17.75,,,Karachentsev2025PASA...42...26K,0.84,,,1258.94,,,641.94,,,,,,0.74,,,,26.8,,,,,,,,,,,,,,,,,,Karachentsev2025PASA...42...26K,,,,,,,,,,,,,,,,,,,,,,,,,,,,,,
dw_1324-2017,Dw1324-2017,201.225833,-20.298056,313.4943493,41.8863154,-3826.96,3447.58,120.99,,,,,,,,,,,,,,,,,,5152.29,,,28.56,,,5148.13,5875.6,5512.12,142.37,host,,-8.37,,,5.58,,,,,,,ngc_5068,0,0,20.19,,,Karachentsev2025PASA...42...26K,0.41,,,614.48,,,336.57,,,,,,0.7,,,,27.84,,,,,,,,,,,,,,,,,,Karachentsev2025PASA...42...26K,,,,,,,,,,,,,,,,,,,,,,,,,,,,,,
dw_1844-6232,Dw1844-6232,281.227083,-62.546944,333.0077852,-23.1379769,-8417.83,-3972.05,1930.77,,,,,,,,,,,,,,,,,,9506.05,,,29.89,,,9499.39,9977.81,9737.04,512.84,host,,-10.16,,,6.3,,,,,,,ngc_6744,0,0,19.73,,,Karachentsev2025PASA...42...26K,0.46,,,1271.99,,,475.94,,,,,,0.86,,,,26.8,,,,,,,,,,,,,,,,,,Karachentsev2025PASA...42...26K,,,,,,,,,,,,,,,,,,,,,,,,,,,,,,
dw_1851-6355,Dw1851-6355,282.929167,-63.92,331.7485371,-24.2068407,-8398.61,-4111.1,1710.89,,,,,,,,,,,,,,,,,,9506.05,,,29.89,,,9499.52,9975.93,9736.07,329.55,host,,-9.2,,,5.91,,,,,,,ngc_6744,0,0,20.69,,,Karachentsev2025PASA...42...26K,0.38,,,1050.77,,,469.92,,,,,,0.8,,,,27.73,,,,,,,,,,,,,,,,,,Karachentsev2025PASA...42...26K,,,,,,,,,,,,,,,,,,,,,,,,,,,,,,
dw_1851-6356,Dw1851-6356,282.925833,-63.935,331.7321377,-24.2086912,-8399.1,-4111.11,1708.43,,,,,,,,,,,,,,,,,,9506.05,,,29.89,,,9499.52,9976.0,9736.11,329.79,host,,-8.4,,,5.59,,,,,,,ngc_6744,0,0,21.49,,,Karachentsev2025PASA...42...26K,0.28,,,774.26,,,299.87,,,,,,0.85,,,,27.56,,,,,,,,,,,,,,,,,,Karachentsev2025PASA...42...26K,,,,,,,,,,,,,,,,,,,,,,,,,,,,,,
dw_1851-6400,Dw1851-6400,282.792917,-64.008056,331.6399755,-24.1678109,-8405.25,-4103.55,1696.37,,,,,,,,,,,,,,,,,,9506.05,,,29.89,,,9499.53,9976.86,9736.55,339.71,host,,-11.92,,,7.0,,,,,,,ngc_6744,0,0,17.97,,,Karachentsev2025PASA...42...26K,0.53,,,1465.55,,,463.45,,,,,,0.9,,,,24.98,,,,,,,,,,,,,,,,,,Karachentsev2025PASA...42...26K,,,,,,,,,,,,,,,,,,,,,,,,,,,,,,
dw_1851-6511,Dw1851-6511,282.912917,-65.193889,330.3811357,-24.4727046,-8429.88,-4128.47,1502.58,,,,,,,,,,,,,,,,,,9506.05,,,29.89,,,9499.62,9981.09,9738.72,391.7,host,,-8.7,,,5.71,,,,,,,ngc_6744,0,0,21.19,,,Karachentsev2025PASA...42...26K,0.56,,,1548.51,,,409.7,,,,,,0.93,,,,27.93,,,,,,,,,,,,,,,,,,Karachentsev2025PASA...42...26K,,,,,,,,,,,,,,,,,,,,,,,,,,,,,,
dw_2140-5544,Dw2140-5544,325.247083,-55.746944,339.3931966,-45.6100492,-6164.62,-7026.19,1730.64,,,,,,,,,,,,,,,,,,9506.05,,,29.89,,,9500.73,9727.89,9609.77,224.48,host,,-11.3,,,6.75,,,,,,,ngc_7090,0,0,18.59,,,Karachentsev2025PASA...42...26K,0.88,,,2433.37,,,1519.64,,,,,,0.61,,,,28.18,,,,,,,,,,,,,,,,,,Karachentsev2025PASA...42...26K,,,,,,,,,,,,,,,,,,,,,,,,,,,,,,
dw_2256-4107,Dw2256-4107,344.057917,-41.128611,354.8443356,-62.5439913,-3608.95,-9003.27,1786.44,,,,,,,,,,,,,,,,,,9862.79,,,29.97,,,9859.07,9837.18,9842.34,36.24,host,,-13.28,,,7.55,,,,,,,ngc_7424,0,0,16.69,,,Karachentsev2025PASA...42...26K,3.0,,,8606.91,,,6777.09,,,,,,0.38,,,,29.45,,,,,,,,,,,,,,,,,,Karachentsev2025PASA...42...26K,,,,,,,,,,,,,,,,,,,,,,,,,,,,,,
dw_2256-4250,Dw2256-4250,344.159167,-42.843889,351.3936753,-61.939114,-3845.29,-8936.28,1622.14,,,,,,,,,,,,,,,,,,9862.79,,,29.97,,,9859.02,9858.71,9853.11,305.97,host,,-13.08,,,7.47,,,,,,,ngc_7424,0,0,16.89,,,Karachentsev2025PASA...42...26K,1.42,,,4073.94,,,2304.57,,,,,,0.68,,,,27.3,,,,,,,,,,,,,,,,,,Karachentsev2025PASA...42...26K,,,,,,,,,,,,,,,,,,,,,,,,,,,,,,
eso_059-001,ESO 059-001,112.830417,-68.186111,279.7732466,-21.4735022,-3417.12,-1396.58,-2801.99,,,,,,,,530.0,3.0,3.0,,,,,303.95,246.77,Kirby2012MNRAS.420.2924K,4634.47,0.0,0.0,28.33,0.03,0.03,4633.19,5187.43,4903.37,,trgb,Tully2009AJ....138..323T,-15.33,,,8.37,,,,,8.0,,,1,1,13.0,,,Karachentsev2013AJ....145..101K,,,,,,,,,,,,,,,,,,,,,,,,,,,,,,19.6,2.2,2.2,,Kirby2012MNRAS.420.2924K,,,,,,,,,,,,,,,,,,,,,,,,,,,,,,,
eso_104-044,ESO104-044,287.84625,-64.219167,331.8544437,-26.3750175,-8437.9,-4535.06,1690.8,,,,,,,,750.0,,,,,,,652.94,613.72,Karachentsev2013AJ....145..101K,9727.47,0.0,0.0,29.94,0.18,0.18,9721.06,10177.41,9947.4,231.5,trgb,Tully2009AJ....138..323T,-15.71,0.09,0.09,8.52,,,,,8.47,,ngc_6744,1,1,14.23,0.09,0.09,Carlsten2022ApJ...933...47C,0.5983,0.03,0.03,1691.29,83.64,84.41,1691.29,83.64,84.41,,,,,,,,24.0,,,,,,,,,,,,,13.2,,,,Karachentsev2013AJ....145..101K,Carlsten2022ApJ...933...47C,,,,,,,,,,,,,,,,,,,,,,,,,,,,,,
eso_115-021,ESO 115-021,39.4375,-61.341111,282.800862,-51.4302026,-2608.84,-3751.01,-2224.08,,,,,,,,515.0,2.0,2.0,,,,,361.38,338.57,Koribalski2004AJ....128...16K,5081.59,0.0,0.0,28.53,0.02,0.02,5080.48,5338.32,5197.06,,trgb,Tully2009AJ....138..323T,-15.78,0.09,0.09,8.55,,,,,8.58,,,1,1,12.75,0.09,0.09,Carlsten2021ApJ...922..267C,1.5958,0.0762,0.0762,2356.59,110.93,111.95,847.93,78.12,76.27,,,,0.87,0.02,0.02,,22.43,,,,,,,,,,,,,62.517,,,,Koribalski2004AJ....128...16K,Carlsten2021ApJ...922..267C,,,,,,,,,,,,,,,,,,,,,,,,,,,,,,
eso_121-020,ESO 121-020,93.977083,-57.726389,266.5064027,-27.3171299,-3410.3,-2312.52,-4472.68,,,,,,,,587.0,2.0,2.0,,,,,364.93,318.84,Kirby2012MNRAS.420.2924K,6081.35,0.0,0.0,28.92,0.05,0.05,6081.8,6512.13,6288.44,,trgb,Tully2009AJ....138..323T,-13.64,0.09,0.09,7.69,,,,,7.94,,,1,1,15.28,0.09,0.09,Carlsten2021ApJ...922..267C,0.3418,0.0175,0.0175,604.06,30.5,30.78,508.99,26.7,26.93,,,,0.29,0.02,0.02,,23.46,,,,,,,,,,,,,10.0,1.2,1.2,,Kirby2012MNRAS.420.2924K,Carlsten2021ApJ...922..267C,,,,,,,,,,,,,,,,,,,,,,,,,,,,,,
eso_137-018,ESO 137-018,245.247083,-60.4875,326.1061312,-7.4259132,-5744.79,-850.12,794.03,,,,,,,,603.0,1.0,1.0,,,,,476.8,418.19,Kirby2012MNRAS.420.2924K,5861.38,0.0,0.0,28.84,0.08,0.08,5854.7,6491.15,6172.08,,trgb,Tully2009AJ....138..323T,-18.21,,,9.52,,,,,8.59,,,1,1,10.63,,,Karachentsev2013AJ....145..101K,,,,,,,,,,,,,,,,,,,,,,,,,,,,,,47.8,1.5,1.5,,Kirby2012MNRAS.420.2924K,,,,,,,,,,,,,,,,,,,,,,,,,,,,,,,
eso_154-023,ESO 154-023,44.21,-54.573056,271.8087792,-54.3050415,-2394.46,-4462.5,-2951.01,,,,,,,,574.0,2.0,2.0,,,,,424.69,408.01,Koribalski2004AJ....128...16K,5861.38,0.0,0.0,28.84,0.02,0.02,5861.24,6045.14,5941.3,,trgb,Tully2009AJ....138..323T,-16.76,,,8.94,,,,,9.14,,,1,1,12.08,,,Karachentsev2013AJ....145..101K,1.7217,0.2667,0.2667,2926.04,447.98,452.1,2089.61,319.92,322.86,39.0,,,0.49,,,,23.41,,,,,,,,,,,,,169.0,,,,Koribalski2004AJ....128...16K,Li2026ApJS..282...16L,,,,,,,,,,,,,,,,,,,,,,,,,,,,,,
eso_199-007,ESO 199-007,44.517083,-49.3825,263.9952274,-57.0662083,-1954.35,-4737.13,-3169.85,,,,,,,,630.0,18.0,18.0,,,,,489.94,479.23,Doyle2005MNRAS.361...34D,6025.6,0.0,0.0,28.9,0.06,0.06,6026.06,6147.47,6074.45,,trgb,Tully2009AJ....138..323T,-12.63,0.09,0.09,7.29,,,,,7.25,,,1,1,16.27,0.09,0.09,Carlsten2021ApJ...922..267C,0.2737,0.0153,0.0153,479.12,26.48,26.72,291.41,18.1,17.92,,,,0.63,0.02,0.02,,23.26,,,,,,,,,,,,,2.1,,,,Doyle2005MNRAS.361...34D,Carlsten2021ApJ...922..267C,,,,,,,,,,,,,,,,,,,,,,,,,,,,,,
eso_215-009,ESO 215-009,164.375833,-48.178889,284.0635666,10.4747483,-4495.48,1313.59,-2826.27,,,,,,,,598.0,1.0,1.0,,,,,368.23,289.78,Kirby2012MNRAS.420.2924K,5470.16,0.0,0.0,28.69,0.02,0.02,5468.22,6206.04,5836.77,2704.84,trgb,Tully2009AJ....138..323T,-13.92,,,7.8,,,,,8.85,,ngc_5128,1,1,14.77,,,Karachentsev2013AJ....145..101K,0.4717,0.01,0.01,750.19,15.68,15.82,750.19,15.68,15.82,,,,,,,,24.03,,,,,,,,,,,,,100.9,3.1,3.1,,Kirby2012MNRAS.420.2924K,Warren2004AJ....128.1152W,,,,,,,,,,,,,,,,,,,,,,,,,,,,,,
eso_219-010,ESO219-010,194.04,-50.143889,303.7074825,12.7207476,-4536.71,1168.93,-980.07,,,,,,,,,,,,,,,,,,4786.3,0.0,0.0,28.4,0.18,0.18,4781.91,5553.99,5169.8,1276.05,sbf,Jerjen2000AJ....119..166J,-16.07,,,8.66,,,,,,,ngc_5128,1,1,12.33,,,Karachentsev2013AJ....145..101K,,,,,,,,,,,,,,,,,,,,,,,,,,,,,,,,,,,,,,,,,,,,,,,,,,,,,,,,,,,,,,,,,
eso_222-010,ESO 222-010,218.7624999999999,-49.42166666666667,319.7054425,10.0458485,-3096.91,531.84,185.98,,,,,,,,620.0,18.0,18.0,,,,,474.65,403.3,Doyle2005MNRAS.361...34D,3147.75,0.0,0.0,27.49,,,3141.65,3881.63,3512.39,,,Anand2021AJ....162...80A,-13.6,,,7.67,,,,,7.25,,,1,1,13.89,,,Karachentsev2013AJ....145..101K,,,,,,,,,,,,,,,,,,,,,,,,,,,,,,7.586,,,,Doyle2005MNRAS.361...34D,,,,,,,,,,,,,,,,,,,,,,,,,,,,,,,
eso_245-005,ESO 245-005,26.265,-43.5981,273.0762675,-70.2893807,-1103.44,-4158.4,-1543.71,,,,,,,,393.0,1.0,1.0,,,,,303.2,307.43,Kirby2012MNRAS.420.2924K,4570.88,0.0,0.0,28.3,0.06,0.06,4570.74,4582.81,4560.37,,trgb,Tully2009AJ....138..323T,-16.27,0.09,0.09,8.74,,,,,8.6,,,1,1,12.03,0.09,0.09,Carlsten2021ApJ...922..267C,1.7305,0.0822,0.0822,2298.64,107.64,108.63,1780.47,89.12,89.15,,,,0.4,0.02,0.02,,23.55,,,,,,,,,,,,,81.6,2.6,2.6,,Kirby2012MNRAS.420.2924K,Carlsten2021ApJ...922..267C,,,,,,,,,,,,,,,,,,,,,,,,,,,,,,
eso_269-037,ESO 269-037,195.8882925,-46.586861,305.0994396,16.2338925,-3092.38,989.89,-567.06,,,,,,,,743.8,2.1,2.1,,,,,560.17,481.24,Karachentsev2013AJ....145..101K,3296.1,0.0,0.0,27.59,0.06,0.06,3291.62,4068.3,3681.96,501.24,,Tully2009AJ....138..323T,-12.08,,,7.07,,,,,5.55,,ngc_5128,1,1,15.51,,,Karachentsev2013AJ....145..101K,,,,,,,,,,,,,,,,,,,,,,,,,,,,,,0.14,0.02,0.02,,Karachentsev2013AJ....145..101K,,,,,,,,,,,,,,,,,,,,,,,,,,,,,,,
eso_269-058,ESO 269-058,197.637083,-46.99083,306.3160632,15.7553077,-3541.9,1088.14,-575.65,,,,,,,,400.0,18.0,18.0,,,,,219.01,140.49,Banks1999ApJ...524..612B,3749.73,0.0,0.0,27.87,0.01,0.01,3745.11,4520.34,4134.75,316.68,,Tully2009AJ....138..323T,-15.35,,,8.37,,,,,7.37,,ngc_5128,1,1,12.52,,,Karachentsev2013AJ....145..101K,,,,,,,,,,,,,,,,,,,,,,,,,,,,,,7.112,,,,Banks1999ApJ...524..612B,,,,,,,,,,,,,,,,,,,,,,,,,,,,,,,
eso_269-066,ESO 269-066,198.2883333,-44.89,306.9689998,17.811461,-3576.62,1233.48,-523.9,,,,,,,,784.0,31.0,31.0,,,,,606.95,528.36,Jerjen2000AJ....119..166J,3819.44,0.0,0.0,27.91,,,3814.8,4591.38,4205.19,234.92,,Karachentsev2013AJ....145..101K,-13.89,,,7.79,,,,,,4.92,ngc_5128,1,1,14.02,,,Karachentsev2013AJ....145..101K,0.6767,,,751.8,,,751.8,,,,,,,,,,24.06,,,,,,,,,,,,,,,,0.024,Karachentsev2013AJ....145..101K,Muller2017A&A...597A...7M,,,,,,,,,,,,,,,,,,,,,,,,,,,,,,
eso_272-025,ESO 272-025,220.85625,-44.705278,323.0211866,13.7540585,-3777.89,882.44,473.85,,,,,,,,631.0,18.0,18.0,,,,,499.36,429.03,Doyle2005MNRAS.361...34D,3908.41,0.0,0.0,27.96,,,3902.11,4636.37,4270.24,,,Tully2009AJ....138..323T,-14.57,,,8.06,,,,,6.74,,,1,1,13.39,,,Karachentsev2013AJ....145..101K,,,,,,,,,,,,,,,,,,,,,,,,,,,,,,1.514,,,,Doyle2005MNRAS.361...34D,,,,,,,,,,,,,,,,,,,,,,,,,,,,,,,
eso_273-014,ESO 273-014,224.62625,-47.698611,324.0128616,9.9045324,-9695.12,1569.65,1309.86,,,,,,,,1052.0,2.0,2.0,,,,,921.46,852.84,Makarov2014A&A...570A..13M,9908.32,0.0,0.0,29.98,,,9901.85,10617.77,10261.82,,tf,Karachentsev2013AJ....145..101K,-18.96,,,9.82,,,,,9.6,,,1,1,11.02,,,Makarov2014A&A...570A..13M,,,,,,,,,,,,,,,,,,,,,,,,,,,,,,173.8,,,,Makarov2014A&A...570A..13M,,,,,,,,,,,,,,,,,,,,,,,,,,,,,,,
eso_290-028,ESO 290-028,344.288333,-42.805,351.3844599,-62.0414294,-3832.82,-8943.48,1611.96,,,,,,,,929.0,3.0,3.0,,,,,910.86,918.71,Makarov2014A&A...570A..13M,9862.79,,,29.97,,,9859.03,9857.78,9852.65,298.57,host,,-16.3,,,8.75,,,,,8.63,,ngc_7424,1,1,13.67,,,Makarov2014A&A...570A..13M,5.63,,,16152.31,,,15323.42,,,,,,0.1,,,,28.2,,,,,,,,,,,,,18.5,,,,Makarov2014A&A...570A..13M,Karachentsev2025PASA...42...26K,,,,,,,,,,,,,,,,,,,,,,,,,,,,,,
eso_300-016,ESO 300-016,47.54375,-40.003056,246.0991705,-58.6179837,-1560.47,-7412.26,-5451.58,,,,,,,,710.0,3.0,3.0,,,,,583.71,582.43,Makarov2014A&A...570A..13M,9332.54,0.0,0.0,29.85,,,9334.26,9336.33,9326.37,378.93,trgb,Anand2021AJ....162...80A,-14.37,0.09,0.09,7.98,,,,,7.9,,ngc_1291,1,1,15.48,0.09,0.09,Carlsten2022ApJ...933...47C,0.3533,0.0183,0.0183,958.17,49.04,49.49,958.17,49.04,49.49,,,,,,,,24.11,,,,,,,,,,,,,3.9,,,,Makarov2014A&A...570A..13M,Carlsten2022ApJ...933...47C,,,,,,,,,,,,,,,,,,,,,,,,,,,,,,
eso_301-007,ESO 301-007,50.352,-41.998,248.7642482,-56.0870212,-1789.03,-6747.87,-5341.69,,,,,,,,,,,,,,,,,,8790.23,0.0,0.0,29.72,0.25,0.24,8791.87,8833.18,8803.18,341.28,sbf,Carlsten2022ApJ...933...47C,-13.77,0.09,0.09,7.74,,,,,,,ngc_1291,1,1,15.95,0.09,0.09,Carlsten2022ApJ...933...47C,0.3067,0.0167,0.0167,783.26,41.99,42.38,783.26,41.99,42.38,,,,,,,,24.27,,,,,,,,,,,,,,,,,,Carlsten2022ApJ...933...47C,,,,,,,,,,,,,,,,,,,,,,,,,,,,,,
eso_301-010,ESO 301-010,50.817,-40.678,246.3201952,-56.036327,-1395.39,-5892.97,-4741.52,,,,,,,,,,,,,,,,,,7691.3,0.0,0.0,29.43,0.32,0.28,7693.13,7725.8,7698.79,1398.0,sbf,Carlsten2022ApJ...933...47C,-14.2,0.09,0.09,7.91,,,,,,,ngc_1291,1,1,15.23,0.09,0.09,Carlsten2022ApJ...933...47C,0.2683,0.015,0.015,599.65,33.07,33.37,599.65,33.07,33.37,,,,,,,,23.26,,,,,,,,,,,,,,,,,,Carlsten2022ApJ...933...47C,,,,,,,,,,,,,,,,,,,,,,,,,,,,,,
eso_320-014,ESO 320-014,174.4725,-39.220556,287.7082338,21.4671427,-4850.39,2485.78,-2503.9,,,,,,,,654.2,18.0,18.0,,,,,442.97,362.38,Doyle2005MNRAS.361...34D,5997.91,0.0,0.0,28.89,0.04,0.04,5995.62,6757.79,6377.33,,trgb,Tully2009AJ....138..323T,-13.97,,,7.82,,,,,7.32,,,1,1,14.92,,,Karachentsev2013AJ....145..101K,,,,,,,,,,,,,,,,,,,,,,,,,,,,,,2.44,,,,Karachentsev2013AJ....145..101K,,,,,,,,,,,,,,,,,,,,,,,,,,,,,,,
eso_321-014,ESO 321-014,183.4566667,-38.2313889,294.8532481,24.0496495,-2806.24,1475.5,-1007.04,,,,,,,,609.4,1.7,1.7,,,,,414.01,333.24,Begum2008MNRAS.386.1667B,3326.6,0.0,0.0,27.61,0.09,0.09,3323.49,4099.01,3712.58,945.06,,Tully2009AJ....138..323T,-13.11,,,7.48,,,,,6.53,,ngc_5128,1,1,14.5,,,Karachentsev2013AJ....145..101K,0.5767,0.0383,0.0383,557.25,36.55,36.88,435.23,28.55,28.81,22.0,,,0.39,,,,23.65,,,,,,,,,,,,,1.3,0.1,0.1,,Begum2008MNRAS.386.1667B,Li2026ApJS..282...16L,,,,,,,,,,,,,,,,,,,,,,,,,,,,,,
eso_324-024,ESO 324-024,201.90583,-41.48056,310.174893,20.8817268,-3508.01,1389.47,-291.68,,,,,,,,514.0,18.0,18.0,,,,,349.22,271.47,Doyle2005MNRAS.361...34D,3784.43,0.0,0.0,27.89,0.05,0.05,3779.54,4553.73,4168.73,146.0,,Tully2009AJ....138..323T,-15.8,,,8.55,,,,,8.18,,ngc_5128,1,1,12.09,,,Karachentsev2013AJ....145..101K,,,,,,,,,,,,,,,,,,,,,,,,,,,,,,44.463,,,,Doyle2005MNRAS.361...34D,,,,,,,,,,,,,,,,,,,,,,,,,,,,,,,
eso_325-011,ESO 325-011,206.2520833,-41.8611111,313.5037785,19.9083186,-3193.37,1175.86,-86.9,,,,,,,,544.0,1.0,1.0,,,,,387.5,311.13,Kirby2012MNRAS.420.2924K,3404.08,0.0,0.0,27.66,0.03,0.03,3398.83,4167.29,3785.0,362.56,,Tully2009AJ....138..323T,-14.51,,,8.04,,,,,7.87,,ngc_5128,1,1,13.15,,,Muller2017A&A...597A...7M,0.7683,,,760.81,,,760.81,,,,,,,,,,23.47,,,,,,,,,,,,,27.1,0.9,0.9,,Kirby2012MNRAS.420.2924K,Muller2017A&A...597A...7M,,,,,,,,,,,,,,,,,,,,,,,,,,,,,,
eso_346-007,ESO 346-007,343.34875,-38.799722,0.0264235,-62.7901619,-3316.62,-9054.44,2071.69,,,,,,,,890.0,15.0,15.0,,,,,889.03,902.13,Makarov2014A&A...570A..13M,9862.79,,,29.97,,,9859.08,9810.06,9828.8,411.63,host,,-15.22,,,8.32,,,,,7.51,,ngc_7424,1,1,14.75,,,Karachentsev2025PASA...42...26K,1.6,,,4590.35,,,2596.7,,,,,,0.68,,,,25.42,,,,,,,,,,,,,1.4,,,,Makarov2014A&A...570A..13M,Karachentsev2025PASA...42...26K,,,,,,,,,,,,,,,,,,,,,,,,,,,,,,
eso_349-031,ESO 349-031,2.0554166666666664,-34.57833333333333,351.4797202,-78.1167024,-546.65,-3159.24,22.61,,,,,,,,221.0,6.0,6.0,,,,,208.52,229.61,Koribalski2004AJ....128...16K,3206.27,0.0,0.0,27.53,0.04,0.04,3204.63,3114.52,3136.81,459.18,,Tully2009AJ....138..323T,-12.34,0.09,0.09,7.17,,,,,7.13,,ngc_7793,1,1,15.19,0.09,0.09,Carlsten2021ApJ...922..267C,0.3772,0.0193,0.0193,351.4,17.77,17.93,327.74,16.97,17.15,,,,0.13,0.02,0.02,,23.81,,,,,,,,,,,,,5.598,,,,Koribalski2004AJ....128...16K,Carlsten2021ApJ...922..267C,,,-1.5,,,isochrone,,,,,,,,,-1.5,,,Lianou2013A&A...549A..47L,,,,,,,,,,,,
eso_379-007,ESO 379-007,178.679167,-33.558056,289.5840257,27.8392458,-4259.65,2774.41,-1950.97,,,,,,,,644.0,1.7,1.7,,,,,446.85,366.56,Begum2008MNRAS.386.1667B,5445.03,0.0,0.0,28.68,0.06,0.06,5442.62,6205.81,5824.88,,trgb,Tully2009AJ....138..323T,-12.71,,,7.32,,,,,7.54,,,1,1,15.97,,,Karachentsev2013AJ....145..101K,,,,,,,,,,,,,,,,,,,,,,,,,,,,,,5.0,,,,Begum2008MNRAS.386.1667B,,,,,,,,,,,,,,,,,,,,,,,,,,,,,,,
eso_379-024,ESO 379-024,181.23625,-35.743056,292.4329382,26.1790529,-4451.37,2626.49,-1791.52,,,,,,,,632.4,18.0,18.0,,,,,436.52,355.9,Doyle2005MNRAS.361...34D,5470.16,0.0,0.0,28.69,,,5467.38,6237.62,5853.58,,trgb,Tully2009AJ....138..323T,-12.9,,,7.39,,,,,7.38,,,1,1,15.79,,,Karachentsev2013AJ....145..101K,,,,,,,,,,,,,,,,,,,,,,,,,,,,,,3.4,,,,Doyle2005MNRAS.361...34D,,,,,,,,,,,,,,,,,,,,,,,,,,,,,,,
eso_381-018,ESO 381-018,191.17499999999995,-35.96638888888889,301.4033939,26.8853606,-4669.14,2594.37,-1056.74,,,,,,,,624.5,,,,,,,447.05,367.22,Doyle2005MNRAS.361...34D,5445.03,0.0,0.0,28.68,0.05,0.05,5441.26,6218.35,5831.57,1946.41,,Tully2009AJ....138..323T,-13.99,,,7.83,,,,,7.36,,ngc_5128,1,1,14.69,,,Muller2017A&A...597A...7M,0.2267,,,359.02,,,359.02,,,,,,,,,,22.36,,,,,,,,,,,,,3.3,,,,Doyle2005MNRAS.361...34D,Muller2017A&A...597A...7M,,,,,,,,,,,,,,,,,,,,,,,,,,,,,,
eso_381-020,ESO 381-020,191.5,-33.83694444444445,301.6405775,29.021168,-4604.21,2780.37,-996.73,,,,,,,,589.0,1.0,1.0,,,,,415.85,336.38,Kirby2012MNRAS.420.2924K,5470.16,0.0,0.0,28.69,0.05,0.05,5466.44,6240.66,5855.19,2019.38,,Tully2009AJ....138..323T,-15.13,,,8.29,,,,,8.37,,ngc_5128,1,1,13.56,,,Muller2017A&A...597A...7M,0.5317,,,845.99,,,845.99,,,,,,,,,,23.08,,,,,,,,,,,,,33.4,1.7,1.7,,Kirby2012MNRAS.420.2924K,Muller2017A&A...597A...7M,,,,,,,,,,,,,,,,,,,,,,,,,,,,,,
eso_383-087,ESO 383-087,207.3208333333333,-36.06333333333333,315.8400507,25.3542817,-2883.09,1366.83,73.91,,,,,,,,326.0,2.0,2.0,,,,,183.07,107.68,Koribalski2004AJ....128...16K,3191.54,0.0,0.0,27.52,0.02,0.02,3186.28,3949.29,3569.4,698.22,,Tully2009AJ....138..323T,-17.07,,,9.06,,,,,7.82,,ngc_5128,1,1,10.45,,,Muller2017A&A...597A...7M,1.39,,,1290.45,,,1290.45,,,,,,,,,,22.05,,,,,,,,,,,,,27.7,4.2,4.2,0.0,Koribalski2004AJ....128...16K,Muller2017A&A...597A...7M,,,,,,,,,,,,,,,,,,,,,,,,,,,,,,
eso_384-016,ESO 384-016,209.255708,-35.332972,317.732251,25.6467807,-4045.27,1927.65,239.23,,,,,,,,561.0,,,,,,,424.06,349.58,Karachentsev2013AJ....145..101K,4487.45,0.0,0.0,28.26,0.03,0.03,4482.04,5238.97,4862.22,1064.37,,Tully2009AJ....138..323T,-14.06,,,7.86,,,,,6.69,,ngc_5128,1,1,14.2,,,Muller2017A&A...597A...7M,0.2783,,,363.32,,,363.32,,,,,,,,,,22.31,,,,,,,,,,,,,1.04,,,,Karachentsev2013AJ....145..101K,Muller2017A&A...597A...7M,,,,,,,,,,,,,,,,,,,,,,,,,,,,,,
eso_443-009,ESO 443-009,193.725,-28.34083333333333,303.856553,34.5246987,-4782.69,3489.73,-769.93,,,,,,,,645.0,,,,,,,487.3,409.56,Karachentsev2013AJ....145..101K,5970.35,0.0,0.0,28.88,0.1,0.1,5966.63,6728.53,6348.87,2631.61,,Tully2009AJ....138..323T,-12.47,,,7.22,,,,,7.16,,ngc_5128,1,1,16.41,,,Muller2017A&A...597A...7M,0.2517,,,437.07,,,437.07,,,,,,,,,,24.3,,,,,,,,,,,,,1.738,,,,Karachentsev2013AJ....145..101K,Muller2017A&A...597A...7M,,,,,,,,,,,,,,,,,,,,,,,,,,,,,,
eso_444-084,ESO 444-084,204.33416666666665,-28.046111111111117,315.1204473,33.7369861,-3833.34,2563.08,132.37,,,,,,,,587.0,3.0,3.0,,,,,454.81,380.32,Koribalski2004AJ....128...16K,4613.18,0.0,0.0,28.32,0.19,0.19,4608.39,5359.28,4985.06,322.3,,Karachentsev2002A&A...385...21K,-14.01,,,7.84,,,,,7.9,,m_083,1,1,14.31,,,Muller2015A&A...583A..79M,0.53,0.0333,0.0333,710.29,44.07,44.48,594.27,36.87,37.21,310.0,,,0.3,,,,23.43,,,,,,,,,,,,,15.7,,,,Koribalski2004AJ....128...16K,Li2026ApJS..282...16L,,,,,,,,,,,,,,,,,,,,,,,,,,,,,,
eso_472-015,ESO 472-015,1.701667,-24.944722,42.7250462,-79.7435225,-105.42,-7293.67,497.68,,,,,,,,655.0,46.0,46.0,,,,,678.7,712.56,Makarov2014A&A...570A..13M,7311.39,,,29.32,,,7310.33,7040.96,7166.96,90.66,host,,-13.39,,,7.59,,,,,,,ngc_0024,1,1,15.93,,,Karachentsev2025PASA...42...26K,1.53,,,3254.0,,,2158.46,,,,,,0.56,,,,26.85,,,,,,,,,,,,,,,,,,Karachentsev2025PASA...42...26K,,,,,,,,,,,,,,,,,,,,,,,,,,,,,,
eso_540-032,ESO 540-032,12.60134,-19.90672,121.0017922,-82.7745976,438.15,-3594.22,-268.6,,,,,,,,227.7,0.9,0.9,,,,,245.62,284.57,Bouchard2005AJ....130.2058B,3630.78,0.0,0.0,27.8,0.03,0.03,3631.32,3327.08,3460.55,373.29,,Jacobs2009AJ....138..332J,-11.76,,,6.94,,,,,6.03,,ngc_0253,1,1,16.04,,,Karachentsev2013AJ....145..101K,0.48,0.0233,0.0233,506.44,24.28,24.5,392.29,18.81,18.98,-45.0,,,0.4,,,,24.78,,,,,,,,,,,,,0.346,0.019,0.019,,Bouchard2005AJ....130.2058B,Kirby2008AJ....136.1866K,,,,,,,,,,,,,,,,,,,,,,,,,,,,,,
f8d1,F8D1,146.1914583,67.44102778,144.6144447,40.9493629,2745.57,2425.43,-82.52,,,,,,,,,,,,,,,,,,3664.38,0.0,0.0,27.82,0.03,0.03,3669.38,3425.69,3525.75,131.11,,Zemaitis2023MNRAS.518.2497Z,-13.99,0.04,0.04,7.83,,,,,,,m_081,1,1,13.83,0.04,0.04,Zemaitis2023MNRAS.518.2497Z,1.98,0.01,0.01,2110.31,10.5,10.6,1979.57,14.99,14.81,90.4,5.1,5.1,0.12,0.01,0.01,,26.06,,,,,,,1.98,0.0013,0.0013,0.53,0.01,0.01,,,,,,Zemaitis2023MNRAS.518.2497Z,,Zemaitis2023MNRAS.518.2497Z,-1.14,0.09,0.09,isochrone,,,,,,,,,-1.14,0.09,0.09,Zemaitis2023MNRAS.518.2497Z,,,,,,,,,,,,
fm_1,FM1,146.2916667,68.765,143.102185,40.2885108,2872.32,2464.02,-17.19,,,,,,,,,,,,,,,,,,3784.43,0.0,0.0,27.89,0.05,0.05,3789.39,3529.23,3638.42,181.72,,Tully2009AJ....138..323T,-12.38,0.09,0.09,7.19,,,,,,,m_081,1,1,15.51,0.09,0.09,Carlsten2022ApJ...933...47C,0.5467,0.0383,0.0383,600.92,41.58,41.96,600.92,41.58,41.96,,,,,,,,25.08,,,,,,,,,,,,,,,,,,Carlsten2022ApJ...933...47C,,,,,,,,,,,,,,,,,,,,,,,,,,,,,,
galfa_dw3,GALFA Dw3,44.73541666666666,13.629277777777778,164.1419167,-38.8322703,5300.13,-4455.16,-3183.81,,,,,,,,503.0,35.0,35.0,,,,,540.73,596.19,Sand2015ApJ...806...95S,7620.79,0.0,0.0,29.41,0.08,0.08,7626.88,7048.37,7329.91,,,Bennet2022ApJ...924...98B,-12.81,0.2,0.2,7.36,,,,,6.84,,,1,1,16.6,0.2,0.2,Bennet2022ApJ...924...98B,0.2103,0.02,0.02,465.35,43.68,44.09,315.42,31.57,31.54,56.4,1.7,1.7,0.54,0.03,0.03,,23.26,,,,,,,,,,,,,0.51,,,,Saul2012ApJ...758...44S,Bennet2022ApJ...924...98B,,,,,,,,,,,,,,,,,,,,,,,,,,,,,,
galfa_dw4,GALFA Dw4,86.43624999999999,10.771027777777778,195.6607317,-9.3216726,1610.24,-212.91,-2645.77,,,,,,,,607.0,35.0,35.0,,,,,528.06,542.39,Sand2015ApJ...806...95S,3104.56,0.0,0.0,27.46,0.12,0.12,3112.28,2961.56,3008.98,,,Bennet2022ApJ...924...98B,-11.76,0.2,0.2,6.94,,,,,6.08,,,1,1,15.7,0.2,0.2,Bennet2022ApJ...924...98B,0.1137,0.01,0.01,102.46,8.9,8.98,66.24,7.01,7.04,100.4,1.8,1.8,0.58,0.05,0.05,,20.92,,,,,,,,,,,,,0.53,,,,Saul2012ApJ...758...44S,Bennet2022ApJ...924...98B,,,,,,,,,,,,,,,,,,,,,,,,,,,,,,
garland,GARLAND,150.925,68.693,141.9152194,41.7121911,2842.23,2550.84,55.19,,,,,,,,43.0,17.0,17.0,,,,,153.69,182.98,Karachentsev1985MNRAS.217..731K,3819.44,0.0,0.0,27.91,0.24,0.24,3824.22,3576.61,3679.61,35.51,,Karachentsev2002A&A...383..125K,-11.71,,,6.92,,,,,,,ngc_3077,1,0,16.2,,,Karachentsev2013AJ....145..101K,,,,,,,,,,,,,,,,,,,,,,,,,,,,,,,,,,,,,,,,,,,,,,,,,,,,,,,,,,,,,,,,,
ghosts_1,GHOSTS I,148.3070833333333,69.50073055555555,141.7768718,40.481925,9117.52,7835.11,160.82,,,,,,,,,,,,,,,,,,12022.64,0.0,0.0,30.4,0.4,0.33,12027.5,11715.16,11863.56,,,Monachesi2014ApJ...780..179M,-9.8,0.28,0.28,6.15,,,,,,,,1,1,20.6,0.28,0.28,Monachesi2014ApJ...780..179M,0.065,0.005,0.005,226.96,17.23,17.39,164.65,16.55,16.84,-39.43,10.0,10.0,0.47,0.07,0.07,,24.85,,,,,,,,,,,,,,,,,,Monachesi2014ApJ...780..179M,,,,,,,,,,,,,,,,,,,,,,,,,,,,,,
grapes,Grapes,178.023333,54.792222,140.2637857,60.2939867,2954.83,5170.65,422.39,,,,,,,,321.0,210.0,210.0,,,,,400.64,407.86,Karachentsev2013AJ....145..101K,5970.35,0.0,0.0,28.88,,,5973.45,5930.58,5937.83,,trgb,Anand2021AJ....162...80A,-10.95,,,6.61,,,,,,,,1,1,17.93,,,Karachentsev2013AJ....145..101K,,,,,,,,,,,,,,,,,,,,,,,,,,,,,,,,,,,,,,,,,,,,,,,,,,,,,,,,,,,,,,,,,
hideep_j1337-3320,HIDEEP J1337-3320,204.2525,-33.363055555555555,313.7576034,28.5489009,-3988.72,2188.93,-10.92,,,,,,,,592.1,0.8,0.8,,,,,447.83,371.82,Grossi2007MNRAS.374..107G,4549.88,0.0,0.0,28.29,0.15,0.15,4544.95,5308.18,4928.31,451.6,,Tully2009AJ....138..323T,-11.35,,,6.77,,,,,6.74,,m_083,1,1,16.94,,,Muller2015A&A...583A..79M,0.0962,,,127.28,,,127.28,,,,,,,,,,22.74,,,,,,,,,,,,,1.12,,,,Grossi2007MNRAS.374..107G,Muller2015A&A...583A..79M,,,,,,,,,,,,,,,,,,,,,,,,,,,,,,
hijass_j1021p6842,HIJASS J1021+6842,155.25083,68.7,140.5519142,42.9175389,2642.65,2462.22,124.89,,,,,,,,46.0,,,,,,,158.28,186.8,Boyce2001ApJ...560L.127B,3614.1,,,27.79,,,3618.7,3385.95,3480.32,146.34,host,,,,,,,,,,7.49,,m_081,0,0,,,,,,,,,,,,,,,,,,,,,,,,,,,,,,,,,,10.0,,,,Boyce2001ApJ...560L.127B,,,,,,,,,,,,,,,,,,,,,,,,,,,,,,,
hipass_j0630+08,HIPASS J0630+08,97.538333,8.354444,203.0760325,-0.8827963,2109.76,435.97,-4654.2,,,,,,,,367.0,1.0,1.0,,,,,258.76,259.14,Donley2005AJ....129..220D,5128.61,0.0,0.0,28.55,,,5136.09,5081.07,5090.12,,tf,Karachentsev2013AJ....145..101K,-12.81,,,7.36,,,,,7.48,,,0,0,15.74,,,Karachentsev2013AJ....145..101K,,,,,,,,,,,,,,,,,,,,,,,,,,,,,,4.875,,,,Donley2005AJ....129..220D,,,,,,,,,,,,,,,,,,,,,,,,,,,,,,,
hipass_j1131-31,HIPASS J1131-31,172.8941667,-31.67452778,283.6807287,28.1943738,-5073.43,3621.1,-3001.81,,,,,,,,716.0,1.0,1.0,,,,,512.05,432.57,Koribalski2018MNRAS.478.1611K,6918.31,0.0,0.0,29.2,0.2,0.2,6916.62,7663.39,7290.01,455.74,,Karachentsev2023MNRAS.518.5893K,-11.27,0.1,0.1,6.74,,,,,7.11,,ngc_3621,1,1,17.93,0.1,0.1,Karachentsev2023MNRAS.518.5893K,0.0603,0.0063,0.0063,121.15,12.56,12.67,79.24,9.45,9.52,115.0,5.0,5.0,0.57,0.05,0.05,,21.8,,,,,,,,,,,,,1.13,,,,Koribalski2018MNRAS.478.1611K,Karachentsev2023MNRAS.518.5893K,,,,,,,,,,,,,,,,,,,,,,,,,,,,,,
hipass_j1133-32,HIPASS J1133-32,173.295833,-32.961944,284.5349482,27.09888,-4186.96,2831.79,-2404.83,,,,,,,,709.0,18.0,18.0,,,,,503.79,424.0,Doyle2005MNRAS.361...34D,5597.58,0.0,0.0,28.74,0.06,0.06,5595.77,6346.97,5971.39,,trgb,Tully2009AJ....138..323T,-13.04,,,7.45,,,,,7.32,,,1,1,15.7,,,Karachentsev2013AJ....145..101K,,,,,,,,,,,,,,,,,,,,,,,,,,,,,,2.8,,,,Karachentsev2013AJ....145..101K,,,,,,,,,,,,,,,,,,,,,,,,,,,,,,,
hipass_j1247-77,HIPASS J1247-77,191.890842,-77.582623,302.716587,-14.7124954,-3244.6,-781.86,-940.17,,,,,,,,413.0,3.0,3.0,,,,,217.91,153.8,Koribalski2004AJ....128...16K,3467.37,0.0,0.0,27.7,0.16,0.16,3463.13,4118.55,3787.05,,,Tully2009AJ....138..323T,-13.21,,,7.52,,,,,7.19,,,1,1,14.49,,,Karachentsev2013AJ....145..101K,,,,,,,,,,,,,,,,,,,,,,,,,,,,,,5.495,,,,Koribalski2004AJ....128...16K,,,,,,,,,,,,,,,,,,,,,,,,,,,,,,,
hipass_j1337-39,HIPASS J1337-39,204.354583,-39.897778,312.431542,22.1243075,-4689.96,1946.79,-192.1,,,,,,,,492.0,4.0,4.0,,,,,335.07,258.15,Koribalski2004AJ....128...16K,5081.59,0.0,0.0,28.53,0.11,0.11,5076.52,5846.64,5463.7,1429.94,,Tully2009AJ....138..323T,-12.46,,,7.22,,,,,7.6,,ngc_5128,1,1,16.07,,,Muller2017A&A...597A...7M,0.1767,,,261.14,,,261.14,,,,,,,,,,23.2,,,,,,,,,,,,,6.6,1.8,1.8,,Koribalski2004AJ....128...16K,Muller2017A&A...597A...7M,,,,,,,,,,,,,,,,,,,,,,,,,,,,,,
hipass_j1348-37,HIPASS J1348-37,207.139792,-37.967944,315.1782399,23.5416838,-5175.38,2264.54,51.52,,,,,,,,582.4,,,,,,,435.18,359.43,Doyle2005MNRAS.361...34D,5649.37,0.0,0.0,28.76,0.06,0.06,5644.09,6407.9,6028.05,2038.67,,Tully2009AJ....138..323T,-12.15,,,7.09,,,,,7.27,,ngc_5128,1,1,16.61,,,Muller2017A&A...597A...7M,0.32,,,525.87,,,525.87,,,,,,,,,,25.02,,,,,,,,,,,,,2.5,,,,Doyle2005MNRAS.361...34D,Muller2017A&A...597A...7M,,,,,,,,,,,,,,,,,,,,,,,,,,,,,,
hipass_j1351-47,HIPASS J1351-47,207.841667,-47.0,313.4316594,14.6463281,-5528.74,1481.42,-218.88,,,,,,,,529.0,18.0,18.0,,,,,366.99,291.28,Doyle2005MNRAS.361...34D,5727.96,0.0,0.0,28.79,0.12,0.12,5722.56,6485.16,6105.94,,trgb,Tully2009AJ....138..323T,-12.22,,,7.12,,,,,7.42,,,1,1,16.57,,,Karachentsev2013AJ....145..101K,,,,,,,,,,,,,,,,,,,,,,,,,,,,,,3.4,,,,Karachentsev2013AJ....145..101K,,,,,,,,,,,,,,,,,,,,,,,,,,,,,,,
hipass_j1441-62,HIPASS J1441-62,220.427917,-62.767222,315.1711075,-2.5457468,-5311.92,-212.46,-228.74,,,,,,,,672.0,8.0,8.0,,,,,507.82,439.58,Koribalski2004AJ....128...16K,5321.08,0.0,0.0,28.63,,,5315.33,6018.98,5667.47,,nam,Karachentsev2013AJ....145..101K,-14.15,,,7.89,,,,,7.44,,,0,0,14.48,,,Karachentsev2013AJ....145..101K,,,,,,,,,,,,,,,,,,,,,,,,,,,,,,4.09,,,,Koribalski2004AJ....128...16K,,,,,,,,,,,,,,,,,,,,,,,,,,,,,,,
hizoa_j1149-62,HIZOA J1149-62,177.41,-62.183889,295.7911943,-0.1719708,-4192.18,169.07,-1649.42,,,,,,,,512.0,4.0,4.0,,,,,296.46,221.45,StaveleySmith2016AJ....151...52S,4508.17,0.0,0.0,28.27,,,4504.64,5234.32,4869.29,,btf,Karachentsev2013AJ....145..101K,,,,,,,,,7.13,,,0,0,,,,,,,,,,,,,,,,,,,,,,,,,,,,,,,,,,2.8,0.8,0.8,,StaveleySmith2016AJ....151...52S,,,,,,,,,,,,,,,,,,,,,,,,,,,,,,,
hizss-021,HIZSS-021,116.56875,-28.469722,244.2316472,-1.8308505,-1675.98,425.13,-5516.33,,,,,,,,494.0,10.0,10.0,,,,,267.08,218.52,Koribalski2004AJ....128...16K,5780.96,0.0,0.0,28.81,0.14,0.14,5784.49,6202.17,5982.68,,trgb,Anand2019ApJ...880...52A,-16.02,,,8.64,,,,,8.23,,,1,1,12.79,,,Karachentsev2013AJ....145..101K,,,,,,,,,,,,,,,,,,,,,,,,,,,,,,21.7,,,,Koribalski2004AJ....128...16K,,,,,,,,,,,,,,,,,,,,,,,,,,,,,,,
holmberg_1,Holmberg I,145.134583,71.186389,140.7249774,38.6596391,3132.09,2514.92,93.8,,,,,,,,139.4,0.1,0.1,,,,,257.87,291.22,Huchtmeier2003A&A...401..483H,4017.91,0.0,0.0,28.02,0.03,0.03,4022.82,3729.71,3857.02,436.05,,Tully2009AJ....138..323T,-14.9,,,8.19,,,,,8.05,,m_081,1,1,13.12,,,Karachentsev2013AJ....145..101K,,,,,,,,,,,,,,,,,,,,,,,,,,,,,,29.648,,,,Huchtmeier2003A&A...401..483H,,,,,,,,,,,,,,,,,,,,,,,,,,,,,,,
holmberg_2,Holmberg II,124.76666666666664,70.71416666666667,144.2839003,32.6882514,2896.99,1899.9,-143.01,,,,,,,,157.0,,,,,,,273.05,311.03,Thuan1981ApJ...247..823T,3467.37,0.0,0.0,27.7,0.02,0.02,3472.92,3133.59,3281.83,538.68,,Tully2009AJ....138..323T,-17.07,,,9.06,,,,,8.63,,m_081,1,1,10.63,,,Karachentsev2013AJ....145..101K,,,,,,,,,,,,,,,,,,,,,,,,,,,,,,151.356,,,,Karachentsev2013AJ....145..101K,,,,,,,,,,,,,,,,,,,,,,,,,,,,,,,
holmberg_4,Holm IV,208.689,53.904,103.7014262,60.7965635,2809.31,5796.24,2524.75,,,,,,,,140.0,17.0,17.0,,,,,261.72,271.89,Broeils1994A&AS..107..129B,6918.31,0.0,0.0,29.2,0.15,0.15,6919.25,6874.94,6885.73,162.55,,Tikhonov2015AstL...41..239T,-15.94,0.09,0.09,8.61,,,,,8.32,,m_101,1,1,13.26,0.09,0.09,Carlsten2022ApJ...933...47C,1.1717,0.0567,0.0567,2355.57,112.36,113.39,2355.57,112.36,113.39,,,,,,,,24.49,,,,,,,,,,,,,18.365,17.0,,,Karachentsev2013AJ....145..101K,Carlsten2022ApJ...933...47C,,,,,,,,,,,,,,,,,,,,,,,,,,,,,,
holmberg_9,Holmberg IX,149.385,69.04306,141.9794435,41.0576476,2897.29,2542.22,46.54,,,,,,,,46.0,,,,,,,157.52,187.53,Karachentsev2004AJ....127.2031K,3854.78,0.0,0.0,27.93,0.07,0.07,3859.61,3603.42,3710.99,240.97,,Tully2009AJ....138..323T,-14.06,,,7.86,,,,,8.45,,m_081,1,1,13.87,,,Karachentsev2013AJ....145..101K,,,,,,,,,,,,,,,,,,,,,,,,,,,,,,80.91,,,,Appleton1981MNRAS.195..327A,,,,,,,,,,,,,,,,,,,,,,,,,,,,,,,
hydrus_a,Hydrus A,56.1933333,-70.3543889,285.317398,-40.3218404,-2189.61,-2028.35,-1604.05,,,,,,,,,,,,,,,,,,3388.44,0.0,0.0,27.65,0.2,0.2,3386.82,3797.38,3577.72,,trgb,Fielder2025arXiv251202118F,-9.39,0.2,0.2,5.99,,,,,,6.27,,1,1,18.26,0.2,0.2,Fielder2025arXiv251202118F,0.192,0.02,0.02,188.84,19.42,19.6,173.98,18.08,18.53,0.0,,,0.15,0.03,0.03,,25.38,,,,,,,,,,,,,,,,0.69,Fielder2025arXiv251202118F,Fielder2025arXiv251202118F,,,,,,,,,,,,,,,,,,,,,,,,,,,,,,
ic_0239,IC239,39.116,38.969,144.3321071,-19.4990551,9721.54,-3316.21,-1561.67,,,,,,,,903.0,2.0,2.0,,,,,1025.52,1096.02,Makarov2014A&A...570A..13M,10389.63,,,30.083,,,10395.85,9673.01,10030.23,139.68,host,,-19.17,,,9.9,,,,,9.24,,ngc_1023,1,1,10.91,,,Makarov2014A&A...570A..13M,,,,,,,,,,,,,,,,,,,,,,,,,,,,,,67.9,,,,Makarov2014A&A...570A..13M,,,,,,,,,,,,,,,,,,,,,,,,,,,,,,,
ic_1959,IC1959,53.299167,-50.410556,261.2766176,-51.5420336,-2149.11,-4469.17,-3711.95,,,,,,,,640.0,4.0,4.0,,,,,481.71,465.3,Koribalski2004AJ....128...16K,6194.41,0.0,0.0,28.96,0.03,0.03,6195.18,6361.69,6266.6,,trgb,Tully2009AJ....138..323T,-16.26,0.09,0.09,8.74,,,,,8.38,,,1,1,12.7,0.09,0.09,Carlsten2021ApJ...922..267C,0.6533,0.0312,0.0312,1176.07,55.33,55.84,587.37,36.41,36.52,,,,0.75,0.02,0.02,,21.16,,,,,,,,,,,,,26.8,,,,Koribalski2004AJ....128...16K,Carlsten2021ApJ...922..267C,,,,,,,,,,,,,,,,,,,,,,,,,,,,,,
ic_2574,IC 2574,157.093,68.416,140.2047332,43.6032347,2839.79,2706.94,158.33,,,,,,,,43.0,4.0,4.0,,,,,155.02,182.88,Appleton1981MNRAS.195..327A,3926.45,0.0,0.0,27.97,0.02,0.02,3930.97,3699.33,3794.79,370.9,,Tully2009AJ....138..323T,-17.1,0.03,0.03,9.07,,,,,9.04,,m_081,1,1,10.87,0.03,0.03,Wenger2000A&AS..143....9W,2.4,,,2741.18,,,2741.18,,,,,,,,,,23.66,,,,,,,,,,,,,299.0,,,,Appleton1981MNRAS.195..327A,Chiboucas2009AJ....137.3009C,,,,,,,,,,,,,,,,,,,,,,,,,,,,,,
ic_2684,IC 2684,169.254,13.099,240.6885222,63.8495127,-1128.73,10443.56,-3640.44,,,,,,,,588.0,2.0,2.0,,,,,497.82,450.79,Haynes2011AJ....142..170H,11117.32,,,30.23,,,11119.07,11549.01,11328.56,154.25,host,,-14.96,0.09,0.09,8.22,,,,,7.23,,ngc_3627,1,1,15.27,0.09,0.09,Carlsten2022ApJ...933...47C,0.2367,0.0117,0.0117,764.57,37.17,37.52,764.57,37.17,37.52,,,,,,,,23.03,,,,,,,,,,,,,0.58,,,,Haynes2011AJ....142..170H,Carlsten2022ApJ...933...47C,,,,,,,,,,,,,,,,,,,,,,,,,,,,,,
ic_2782,IC 2782,170.731,13.441,242.0363983,65.208841,-1111.69,9916.09,-3175.39,,,,,,,,853.0,8.0,8.0,,,,,766.57,719.64,Makarov2014A&A...570A..13M,10471.29,0.0,0.0,30.1,0.28,0.24,10472.89,10905.48,10683.53,662.98,sbf,Carlsten2022ApJ...933...47C,-15.82,0.09,0.09,8.56,,,,,,,ngc_3627,1,1,14.28,0.09,0.09,Carlsten2022ApJ...933...47C,0.3017,0.015,0.015,917.92,45.02,45.43,917.92,45.02,45.43,,,,,,,,22.56,,,,,,,,,,,,,,,,,,Carlsten2022ApJ...933...47C,,,,,,,,,,,,,,,,,,,,,,,,,,,,,,
ic_2787,IC 2787,170.83,13.63,241.8121978,65.3991324,-1148.95,10491.7,-3326.51,,,,,,,,842.0,58.0,58.0,,,,,756.42,709.7,Makarov2014A&A...570A..13M,11066.24,0.0,0.0,30.22,0.24,0.21,11067.84,11497.74,11277.36,196.97,sbf,Carlsten2022ApJ...933...47C,-15.45,0.09,0.09,8.41,,,,,7.33,,ngc_3627,1,1,14.77,0.09,0.09,Carlsten2022ApJ...933...47C,0.3117,0.015,0.015,1002.27,47.58,48.01,1002.27,47.58,48.01,,,,,,,,23.13,,,,,,,,,,,,,0.74,,,,Karachentsev2013AJ....145..101K,Carlsten2022ApJ...933...47C,,,,,,,,,,,,,,,,,,,,,,,,,,,,,,
ic_2791,IC 2791,170.907,12.896,243.311871,65.0132486,-1154.87,9412.63,-3025.2,,,,,,,,666.0,3.0,3.0,,,,,577.91,530.34,Haynes2011AJ....142..170H,9954.05,0.0,0.0,29.99,0.22,0.21,9955.6,10395.48,10169.74,1173.17,sbf,Carlsten2022ApJ...933...47C,-13.61,0.09,0.09,7.68,,,,,6.8,,ngc_3627,1,1,16.38,0.09,0.09,Carlsten2022ApJ...933...47C,0.1867,0.01,0.01,539.9,28.53,28.79,539.9,28.53,28.79,,,,,,,,23.62,,,,,,,,,,,,,0.27,,,,Makarov2014A&A...570A..13M,Carlsten2022ApJ...933...47C,,,,,,,,,,,,,,,,,,,,,,,,,,,,,,
ic_3571,IC3571,189.084,26.084,229.269374,86.4666885,-24.11,11789.2,574.24,,,,,,,,1175.0,33.0,33.0,,,,,1170.78,1138.96,Makarov2014A&A...570A..13M,11803.21,,,30.36,,,11803.54,12123.13,11957.93,19.87,host,,-13.87,0.01,0.01,7.78,,,,,8.26,,ngc_4565,1,1,16.49,0.01,0.01,Carlsten2022ApJ...933...47C,0.1467,0.0017,0.0017,503.45,5.64,5.69,503.45,5.64,5.69,,,,,,,,23.21,,,,,,,,,,,,,5.6,,,,Makarov2014A&A...570A..13M,Carlsten2022ApJ...933...47C,,,,,,,,,,,,,,,,,,,,,,,,,,,,,,
ic_3687,IC 3687,190.563,38.503,131.9532287,78.4638787,910.03,4441.83,578.77,,,,,,,,349.7,17.0,17.0,,,,,392.13,377.13,Kovac2009MNRAS.400..743K,4570.88,0.0,0.0,28.3,0.07,0.07,4571.97,4770.32,4655.51,293.58,,Tully2009AJ....138..323T,-15.0,0.09,0.09,8.23,,,,,7.9,,m_094,1,1,13.3,0.09,0.09,Carlsten2022ApJ...933...47C,0.825,0.04,0.04,1095.83,52.4,52.88,1095.83,52.4,52.88,,,,,,,,23.77,,,,,,,,,,,,,16.1,,,,Kovac2009MNRAS.400..743K,Carlsten2022ApJ...933...47C,,,,,,,,,,,,,,,,,,,,,,,,,,,,,,
ic_3840,IC 3840,192.942083,21.735278,303.7482939,84.6065018,-545.4,5922.35,522.95,,,,,,,,557.0,,,,,,,546.22,509.59,Eder2000ApJS..131...47E,5970.35,0.0,0.0,28.88,0.08,0.08,5969.93,6360.07,6156.06,1568.22,trgb,Karachentsev2018ApJ...858...62K,-9.87,0.09,0.09,6.18,,,,,7.28,,ngc_4826,1,1,19.01,0.09,0.09,Carlsten2022ApJ...933...47C,0.2767,0.015,0.015,479.95,25.67,25.9,479.95,25.67,25.9,,,,,,,,27.11,,,,,,,,,,,,,2.27,,,,Eder2000ApJS..131...47E,Carlsten2022ApJ...933...47C,,,,,,,,,,,,,,,,,,,,,,,,,,,,,,
ic_4182,IC 4182,196.455417,37.605833,107.7064009,79.0937183,714.37,4195.9,874.07,,,,,,,,324.0,,,,,,,375.16,360.04,Karachentsev2013AJ....145..101K,4345.1,0.0,0.0,28.19,0.03,0.03,4345.58,4556.76,4435.24,,trgb,Tully2009AJ....138..323T,-16.54,,,8.85,,,,,8.29,,,1,1,11.65,,,Karachentsev2013AJ....145..101K,,,,,,,,,,,,,,,,,,,,,,,,,,,,,,43.65,,,,Karachentsev2013AJ....145..101K,,,,,,,,,,,,,,,,,,,,,,,,,,,,,,,
ic_4247,IC 4247,201.685,-30.3625,311.9022172,31.8936094,-4374.64,2764.22,-115.16,,,,,,,,420.0,,,,,,,276.23,200.07,Banks1999ApJ...524..612B,5176.07,0.0,0.0,28.57,0.03,0.03,5171.47,5932.05,5553.34,342.57,,Tully2009AJ....138..323T,-14.96,,,8.22,,,,,7.6,,m_083,1,1,13.61,,,Muller2015A&A...583A..79M,0.3267,0.0067,0.0067,491.64,9.89,9.98,380.82,7.66,7.73,333.0,,,0.4,,,,21.51,,,,,,,,,,,,,6.3,,,,Banks1999ApJ...524..612B,Li2026ApJS..282...16L,,,,,,,,,,,,,,,,,,,,,,,,,,,,,,
ic_4316,IC 4316,205.07541666666663,-28.89444444444445,315.6592351,32.7668098,-3652.08,2349.38,150.46,,,,,,,,576.3,1.7,1.7,,,,,443.93,369.44,Begum2008MNRAS.386.1667B,4345.1,0.0,0.0,28.19,0.03,0.03,4340.22,5092.37,4717.55,561.21,,Tully2009AJ....138..323T,-15.02,,,8.24,,,,,6.99,,m_083,1,1,13.17,,,Muller2015A&A...583A..79M,0.554,,,700.22,,,700.22,,,,,,,,,,22.78,,,,,,,,,,,,,2.2,0.2,0.2,,Begum2008MNRAS.386.1667B,Muller2015A&A...583A..79M,,,,,,,,,,,,,,,,,,,,,,,,,,,,,,
ic_5052,IC 5052,313.025833,-69.203889,325.1727968,-35.8074035,-4415.45,-3262.22,247.45,,,,,,,,584.0,3.0,3.0,,,,,474.28,440.11,Koribalski2004AJ....128...16K,5495.41,0.0,0.0,28.7,0.06,0.06,5490.01,5902.92,5689.57,,trgb,Tully2009AJ....138..323T,-18.18,,,9.51,,,,,8.81,,,1,1,10.52,,,Karachentsev2013AJ....145..101K,,,,,,,,,,,,,,,,,,,,,,,,,,,,,,90.4,,,,Karachentsev2013AJ....145..101K,,,,,,,,,,,,,,,,,,,,,,,,,,,,,,,
ikn,IKN,152.0208333,68.42113889,141.8749894,42.1953993,2769.44,2527.26,60.37,,,,,,,,,,,,,,,,,,3749.73,0.0,0.0,27.87,0.02,0.02,3754.47,3514.14,3613.07,159.47,,Tully2009AJ....138..323T,-14.29,0.49,0.49,7.95,,,,,,,m_081,1,1,13.58,0.49,0.49,Okamoto2019ApJ...884..128O,1.32,0.01,0.01,1439.57,10.75,10.85,1365.69,10.2,10.29,174.6,,,0.1,,,,24.96,0.4,0.1,0.1,8.5,0.4,0.4,,,,,,,,,,,,Okamoto2019ApJ...884..128O,Okamoto2019ApJ...884..128O,,-1.17,0.23,0.23,isochrone,,,,,,,,,-1.17,0.23,0.23,Okamoto2019ApJ...884..128O,,,,,,,,,,,,
jkb_083,JKB83,148.9569,69.3326,141.7848518,40.7655125,2729.15,2368.73,50.35,,,,,,,,55.5,10.0,10.0,,,,,167.98,198.42,James2017MNRAS.465.3977J,3614.1,,,27.79,,,3618.94,3363.43,3469.38,16.93,host,,-8.7,,,5.71,,,,,,,m_081,1,1,19.09,,,Karachentsev2013AJ....145..101K,,,,,,,,,,,,,,,,,,,,,,,,,,,,,,,,,,,,,,,,,,,,,,,,,,,,,,,,,,,,,,,,,
jkb_129,JKB129,5.1725,8.61694,110.0897891,-53.4863872,4713.24,-7387.15,1627.32,,,,,,,,692.0,1.0,1.0,,,,,820.35,889.0,Haynes2018ApJ...861...49H,8912.51,0.0,0.0,29.75,,,8914.17,8272.4,8589.67,,,Karachentsev2013AJ....145..101K,-13.16,,,7.5,,,,,7.59,,,1,1,16.59,,,Karachentsev2013AJ....145..101K,,,,,,,,,,,,,,,,,,,,,,,,,,,,,,2.09,0.05,0.05,,Haynes2018ApJ...861...49H,,,,,,,,,,,,,,,,,,,,,,,,,,,,,,,
jkb_142,JKB142,26.4495,16.378139,141.3701079,-44.5386921,7479.88,-7275.94,-1332.1,,,,,,,,722.0,2.0,2.0,,,,,818.65,886.73,Karachentsev2013AJ....145..101K,10519.62,0.0,0.0,30.11,,,10524.14,9843.42,10179.76,,,Karachentsev2013AJ....145..101K,-12.21,,,7.12,,,,,7.65,,,1,1,17.9,,,Karachentsev2013AJ....145..101K,,,,,,,,,,,,,,,,,,,,,,,,,,,,,,1.722,,,,Karachentsev2013AJ....145..101K,,,,,,,,,,,,,,,,,,,,,,,,,,,,,,,
kamino_1,Kamino,63.95506,-60.73106,272.0575278,-42.1472386,-3112.93,-3635.55,-3568.97,,,,,,,,526.0,21.0,21.0,,,,,339.15,307.1,MutluPakdil2026ApJ...997..271M,5970.35,0.0,0.0,28.88,0.09,0.09,5970.14,6288.36,6119.11,,trgb,MutluPakdil2026ApJ...997..271M,-12.02,0.12,0.12,7.04,,,,,,7.3,,1,1,16.86,0.12,0.12,MutluPakdil2026ApJ...997..271M,0.3167,0.0167,0.0167,549.36,28.52,28.78,380.54,23.26,22.97,74.0,3.0,3.0,0.52,0.03,0.03,,24.45,,,,,,,,,,,,,,,,2.38,MutluPakdil2026ApJ...997..271M,MutluPakdil2026ApJ...997..271M,,,,,,,,,,,,,,,,,,,,,,,,,,,,,,
kdg_002,KDG 2,12.33734,-18.07542,119.7801348,-80.9343837,535.38,-3517.28,-218.79,,,,,,,,223.5,2.7,2.7,,,,,248.4,289.61,Bouchard2005AJ....130.2058B,3564.51,0.0,0.0,27.76,0.04,0.04,3565.16,3238.53,3383.24,453.54,,Jacobs2009AJ....138..332J,-11.8,,,6.95,,,,,5.99,,ngc_0253,1,1,15.96,,,Karachentsev2013AJ....145..101K,1.4,0.6267,0.6267,1447.24,618.41,643.9,1357.63,580.12,604.03,0.0,,,0.12,,,,27.43,,,,,,,,,,,,,0.327,0.025,0.025,,Bouchard2005AJ....130.2058B,Li2026ApJS..282...16L,,,,,,,,,,,,,,,,,,,,,,,,,,,,,,
kdg_052,KDG 52,125.9854,71.0308,143.8173833,33.0140153,2849.49,1887.38,-114.94,,,,,,,,116.0,1.7,1.7,,,,,233.09,270.99,Begum2008MNRAS.386.1667B,3419.79,0.0,0.0,27.67,0.05,0.05,3425.3,3088.76,3235.3,527.85,,Tully2009AJ....138..323T,-11.3,0.09,0.09,6.75,,,,,7.02,,m_081,1,1,16.37,0.09,0.09,Carlsten2021ApJ...922..267C,0.4008,0.0225,0.0225,398.28,22.05,22.26,362.78,20.49,20.81,,,,0.17,0.02,0.02,,25.07,,,,,,,,,,,,,3.8,0.4,0.4,,Begum2008MNRAS.386.1667B,Carlsten2021ApJ...922..267C,,,,,,,,,,,,,,,,,,,,,,,,,,,,,,
kdg_056,KDG 56,142.55375,19.991667,210.5096407,43.6355329,1896.89,6886.9,-5534.5,,,,,,,,561.4,1.3,1.3,,,,,468.48,440.81,Huchtmeier2003A&A...401..483H,9036.49,0.0,0.0,29.78,0.13,0.12,9041.56,9258.05,9139.7,280.06,sbf,Carlsten2022ApJ...933...47C,-13.34,0.09,0.09,7.57,,,,,7.19,,ngc_2903,1,1,16.44,0.09,0.09,Carlsten2022ApJ...933...47C,0.2117,0.0122,0.0122,555.73,31.51,31.8,555.73,31.51,31.8,,,,,,,,23.95,,,,,,,,,,,,,0.8,,,,Huchtmeier2003A&A...401..483H,Carlsten2022ApJ...933...47C,,,,,,,,,,,,,,,,,,,,,,,,,,,,,,
kdg_061,KDG 61,149.2633333,68.59288889,142.5003639,41.2830918,2742.6,2430.09,21.4,,,,,,,,221.0,3.0,3.0,,,,,330.79,360.3,Makarova2010MNRAS.406.1152M,3664.38,0.0,0.0,27.82,0.02,0.02,3669.22,3421.59,3523.76,59.18,,Tully2009AJ....138..323T,-13.42,0.52,0.52,7.6,,,,,,,m_081,1,1,14.4,0.52,0.52,Okamoto2019ApJ...884..128O,1.36,0.01,0.01,1449.44,10.5,10.6,1229.89,8.91,8.99,53.1,,,0.28,,,,25.6,1.1,0.2,0.2,4.1,0.3,0.3,1.36,0.01,0.01,0.4,0.01,0.01,,,,,,Okamoto2019ApJ...884..128O,Okamoto2019ApJ...884..128O,Okamoto2019ApJ...884..128O,-1.29,0.21,0.21,isochrone,,,,,,,,,-1.29,0.21,0.21,Okamoto2019ApJ...884..128O,,,,,,,,,,,,
kdg_063,KDG 63,151.28042,66.555,144.1305278,43.0956883,2644.96,2511.44,-37.31,,,,,,,,,,,,,,,,,,3647.54,0.0,0.0,27.81,0.01,0.01,3652.35,3433.53,3520.83,172.29,,Tully2009AJ....138..323T,-13.19,0.09,0.09,7.51,,,,,,,m_081,1,1,14.62,0.09,0.09,Carlsten2021ApJ...922..267C,0.6813,0.0345,0.0345,722.15,36.07,36.4,608.52,31.64,31.88,,,,0.29,0.02,0.02,,24.3,,,,,,,,,,,,,,,,,,Carlsten2021ApJ...922..267C,,,,,,,,,,,,,,,,,,,,,,,,,,,,,,
kdg_064,KDG 64,151.7583333,67.82872222,142.588919,42.4818183,2753.93,2544.7,28.75,,,,,,,,-18.4,3.4,3.4,16.8,0.1,0.1,,89.34,117.42,Afanasiev2023MNRAS.520.6312A,3749.73,0.0,0.0,27.87,0.02,0.02,3754.49,3520.23,3616.03,171.15,,Tully2009AJ....138..323T,-13.34,0.55,0.55,7.57,8.41,0.01,0.01,,,,m_081,1,1,14.53,0.55,0.55,Okamoto2019ApJ...884..128O,1.11,0.03,0.03,1210.06,32.24,32.54,975.58,25.99,26.23,22.3,,,0.35,,,,25.18,1.0,0.2,0.2,4.1,0.3,0.3,1.11,0.03,0.03,0.7,0.07,0.07,,,,,,Okamoto2019ApJ...884..128O,Okamoto2019ApJ...884..128O,Okamoto2019ApJ...884..128O,-1.33,0.26,0.26,spectroscopic,-1.33,0.26,0.26,,,,,Afanasiev2023MNRAS.520.6312A,-1.32,0.3,0.3,Okamoto2019ApJ...884..128O,,,,,,,,,10.9,1.0,1.0,Afanasiev2023MNRAS.520.6312A
kdg_073,KDG 73,163.2333825,69.547753,136.8819778,44.2324185,2800.34,2707.2,323.83,,,,,,,,115.8,0.5,0.5,,,,,234.76,263.22,Huchtmeier2003A&A...401..483H,3908.41,0.0,0.0,27.96,0.14,0.14,3912.66,3680.05,3776.06,444.51,,Tully2009AJ....138..323T,-11.19,,,6.71,,,,,6.56,,m_081,1,1,16.77,,,Karachentsev2013AJ....145..101K,,,,,,,,,,,,,,,,,,,,,,,,,,,,,,1.0,,,,Huchtmeier2003A&A...401..483H,,,,,,,,,,,,,,,,,,,,,,,,,,,,,,,
kdg_074,KDG 74,165.59083,70.26389,135.3807975,44.1339099,2592.33,2491.43,366.52,,,,,,,,,,,,,,,,,,3614.1,,,27.79,,,3618.25,3386.85,3480.75,372.42,host,,-9.58,,,6.07,,,,,,,m_081,1,1,18.21,,,Karachentsev2013AJ....145..101K,,,,,,,,,,,,,,,,,,,,,,,,,,,,,,,,,,,,,,,,,,,,,,,,,,,,,,,,,,,,,,,,,
kdg_215,KDG 215,193.91875,19.209167,310.157231,82.0214076,-665.19,4764.02,442.94,,,,,,,,419.0,9.0,9.0,,,,,401.81,362.3,Schombert1997ApJS..111..233S,4830.59,0.0,0.0,28.42,0.06,0.06,4829.87,5255.9,5032.77,,trgb,Tully2009AJ....138..323T,-12.66,0.09,0.09,7.3,,,,,7.38,,,1,1,15.76,0.09,0.09,Carlsten2022ApJ...933...47C,0.6297,0.034,0.034,883.79,47.07,47.51,883.79,47.07,47.51,,,,,,,,25.64,,,,,,,,,,,,,4.41,,,,Schombert1997ApJS..111..233S,Carlsten2022ApJ...933...47C,,,,,,,,,,,,,,,,,,,,,,,,,,,,,,
kk_016,KK 16,28.835833,27.954167,139.7487602,-32.8221324,4721.6,-3007.96,-530.48,,,,,,,,207.0,2.0,2.0,,,,,327.87,400.46,Haynes2011AJ....142..170H,5623.41,0.0,0.0,28.75,0.04,0.04,5628.63,4900.82,5260.23,294.98,trgb,Tully2009AJ....138..323T,-12.98,0.09,0.09,7.43,,,,,6.86,,ngc_0784,1,1,15.77,0.09,0.09,Carlsten2021ApJ...922..267C,0.3323,0.0178,0.0178,543.02,28.74,29.01,325.71,19.64,19.43,,,,0.64,0.02,0.02,,23.15,,,,,,,,,,,,,0.98,,,,Haynes2011AJ....142..170H,Carlsten2021ApJ...922..267C,,,,,,,,,,,,,,,,,,,,,,,,,,,,,,
kk_017,KK 17,330.042042,28.8311692,83.4278785,-20.6106767,2761.18,-2171.01,3575.12,,,,,,,,168.0,2.0,2.0,,,,,395.01,466.71,Huchtmeier2003A&A...401..483H,5011.87,0.0,0.0,28.5,0.05,0.05,5011.01,4399.87,4699.83,,trgb,Tully2009AJ....138..323T,-11.77,0.09,0.09,6.94,,,,,6.76,,,1,1,16.73,0.09,0.09,Carlsten2021ApJ...922..267C,0.2767,0.0165,0.0165,402.85,23.7,23.92,279.06,17.52,17.53,,,,0.52,0.02,0.02,,24.03,,,,,,,,,,,,,0.964,,,,Huchtmeier2003A&A...401..483H,Carlsten2021ApJ...922..267C,,,,,,,,,,,,,,,,,,,,,,,,,,,,,,
kk_027,KK 27,50.2625,-66.319722,282.912652,-44.5507701,-2483.59,-2759.57,-2020.26,,,,,,,,533.0,,,,,,,359.0,327.18,Karachentsev2013AJ....145..101K,4226.69,0.0,0.0,28.13,0.05,0.05,4225.4,4572.1,4385.63,,trgb,Tully2009AJ....138..323T,-12.27,,,7.14,,,,,5.93,,,1,1,15.86,,,Karachentsev2013AJ....145..101K,,,,,,,,,,,,,,,,,,,,,,,,,,,,,,0.2,,,,Karachentsev2013AJ....145..101K,,,,,,,,,,,,,,,,,,,,,,,,,,,,,,,
kk_035,KK 35,56.3025,67.863889,138.2010743,10.3049183,4026.17,734.09,22.54,,,,,,,,-66.0,3.0,3.0,,,,,86.99,148.59,,4092.61,0.0,0.0,28.06,,,4098.57,3494.51,3785.5,,trgb,Anand2021AJ....162...80A,-15.17,,,8.3,,,,,,,,1,1,12.89,,,Karachentsev2013AJ....145..101K,,,,,,,,,,,,,,,,,,,,,,,,,,,,,,,,,,,,,,,,,,,,,,,,,,,,,,,,,,,,,,,,,
kk_069,KK 69,133.21125,33.797778,189.9861236,38.856001,4392.2,6425.35,-5071.62,,,,,,,,462.0,1.7,1.7,,,,,423.82,418.31,Begum2008MNRAS.386.1667B,9289.66,0.0,0.0,29.84,0.06,0.06,9295.89,9298.01,9285.73,531.64,trgb,Tully2009AJ....138..323T,-13.66,0.09,0.09,7.7,,,,,7.67,,ngc_2683,1,1,16.18,0.09,0.09,Carlsten2022ApJ...933...47C,0.875,0.0483,0.0483,2361.77,128.69,129.87,2361.77,128.69,129.87,,,,,,,,26.78,,,,,,,,,,,,,2.29,,,,Begum2008MNRAS.386.1667B,Carlsten2022ApJ...933...47C,,,,,,,,,,,,,,,,,,,,,,,,,,,,,,
kk_070,KK 70,133.8470835,33.559,190.4018012,39.3386098,4261.42,6395.88,-4987.88,,,,,,,,,,,,,,,,,,9162.2,0.0,0.0,29.81,0.05,0.05,9168.38,9178.03,9161.9,662.32,trgb,Tully2009AJ....138..323T,-13.49,0.09,0.09,7.63,,,,,,,ngc_2683,1,1,16.32,0.09,0.09,Carlsten2022ApJ...933...47C,0.3717,0.0217,0.0217,989.36,56.9,57.42,989.36,56.9,57.42,,,,,,,,25.06,,,,,,,,,,,,,,,,,,Carlsten2022ApJ...933...47C,,,,,,,,,,,,,,,,,,,,,,,,,,,,,,
kk_077,KK 77,147.54167,67.5067,144.1785769,41.3545333,2833.71,2533.95,-59.75,,,,,,,,,,,,,,,,,,3801.89,0.0,0.0,27.9,0.02,0.02,3806.84,3563.52,3664.14,215.57,,Tully2009AJ....138..323T,-13.17,0.09,0.09,7.5,,,,,,,m_081,1,1,14.73,0.09,0.09,Carlsten2021ApJ...922..267C,0.9077,0.0462,0.0462,1002.76,50.31,50.77,802.25,42.49,42.45,,,,0.36,0.02,0.02,,24.92,,,,,,,,,,,,,,,,,,Carlsten2021ApJ...922..267C,,,,,,,,,,,,,,,,,,,,,,,,,,,,,,
kk_101,KK 101,169.185833,-32.651111,280.8129508,26.1212309,-4787.06,3295.26,-3206.36,,,,,,,,,,,,,,,,,,6637.43,,,29.11,,,6636.07,7375.14,7005.22,41.55,host,,-11.86,,,6.98,,,,,,,ngc_3621,0,0,17.25,,,Karachentsev2025PASA...42...26K,1.06,,,2046.6,,,1082.96,,,,,,0.72,,,,26.88,,,,,,,,,,,,,,,,,,Karachentsev2025PASA...42...26K,,,,,,,,,,,,,,,,,,,,,,,,,,,,,,
kk_108,KK 108,175.015,46.478611,154.2770163,66.0677965,1936.28,4597.01,-83.01,,,,,,,,,,,,,,,,,,4988.84,0.0,0.0,28.49,,,4991.82,5064.29,5011.7,,,Karachentsev2013AJ....145..101K,-11.17,,,6.7,,,,,,,,0,0,17.32,,,Karachentsev2013AJ....145..101K,,,,,,,,,,,,,,,,,,,,,,,,,,,,,,,,,,,,,,,,,,,,,,,,,,,,,,,,,,,,,,,,,
kk_109,KK 109,176.796667,43.671944,156.8502064,68.9824892,1524.31,4242.02,-72.67,,,,,,,,210.7,1.7,1.7,,,,,248.34,239.95,Begum2008MNRAS.386.1667B,4508.17,0.0,0.0,28.27,0.17,0.17,4510.85,4629.52,4552.73,,trgb,Karachentsev2003A&A...398..467K,-10.46,0.1,0.1,6.42,,,,,6.56,,,1,1,17.81,0.1,0.1,Carlsten2021ApJ...922..267C,0.1848,0.013,0.013,242.03,16.8,16.95,169.34,12.98,12.9,,,,0.51,0.03,0.03,,24.25,,,,,,,,,,,,,0.76,0.08,0.08,,Begum2008MNRAS.386.1667B,Carlsten2021ApJ...922..267C,,,,,,,,,,,,,,,,,,,,,,,,,,,,,,
kk_132,KK 132,184.777083,47.730833,137.8512097,68.4500265,2685.47,6761.46,726.17,,,,,,,,,,,,,,,,,,7311.39,0.0,0.0,29.32,0.06,0.06,7313.61,7363.92,7327.43,364.34,trgb,Cohen2018ApJ...868...96C,-11.35,0.16,0.16,6.77,,,,,,,ngc_4248,1,1,17.97,0.16,0.16,Carlsten2022ApJ...933...47C,0.2282,0.0208,0.0208,484.35,43.66,44.06,484.35,43.66,44.06,,,,,,,,25.65,,,,,,,,,,,,,,,,,,Carlsten2022ApJ...933...47C,,,,,,,,,,,,,,,,,,,,,,,,,,,,,,
kk_135,KK 135,184.8944985,58.0439485,131.0196335,58.5812242,2834.04,4605.03,827.36,,,,,,,,215.0,40.0,40.0,,,,,313.82,325.65,Karachentsev2015Ap.....58..309K,5470.16,0.0,0.0,28.69,,,5472.94,5397.61,5420.13,,trgb,Tully2009AJ....138..323T,-11.6,,,6.87,,,,,,,,1,1,17.09,,,Karachentsev2013AJ....145..101K,,,,,,,,,,,,,,,,,,,,,,,,,,,,,,,,,,,,,,,,,,,,,,,,,,,,,,,,,,,,,,,,,
kk_144,KK 144,186.370584,28.4845833,198.135386,84.1031958,300.95,5989.11,122.31,,,,,,,,480.0,1.7,1.7,,,,,478.63,449.62,Begum2008MNRAS.386.1667B,5997.91,0.0,0.0,28.89,0.08,0.08,5998.71,6307.37,6142.33,,trgb,Karachentsev2018ApJ...858...62K,-13.12,0.09,0.09,7.48,,,,,7.84,,,1,1,15.77,0.09,0.09,Carlsten2021ApJ...922..267C,0.404,0.0215,0.0215,704.09,36.96,37.3,502.77,28.37,28.24,,,,0.49,0.02,0.02,,23.96,,,,,,,,,,,,,8.2,,,,Karachentsev2013AJ....145..101K,Carlsten2021ApJ...922..267C,,,,,,,,,,,,,,,,,,,,,,,,,,,,,,
kk_160,KK 160,190.989,43.662,127.6722052,73.3973224,1218.18,4096.71,663.18,,,,,,,,293.3,0.6,0.6,,,,,354.05,346.25,Huchtmeier2003A&A...401..483H,4325.14,0.0,0.0,28.18,0.11,0.11,4326.56,4461.28,4376.56,231.29,,Tully2009AJ....138..323T,-11.38,0.09,0.09,6.79,,,,,6.6,,m_094,1,1,16.8,0.09,0.09,Carlsten2022ApJ...933...47C,0.2333,0.0133,0.0133,293.22,16.53,16.68,293.22,16.53,16.68,,,,,,,,24.53,,,,,,,,,,,,,0.895,,,,Huchtmeier2003A&A...401..483H,Carlsten2022ApJ...933...47C,,,,,,,,,,,,,,,,,,,,,,,,,,,,,,
kk_165,KK 165,192.219583,31.970278,129.3342319,85.1261181,635.25,7468.02,917.35,,,,,,,,,,,,,,,,,,7550.92,0.0,0.0,29.39,0.19,0.21,7551.36,7810.09,7671.78,286.72,sbf,Carlsten2022ApJ...933...47C,-12.47,0.09,0.09,7.22,,,,,,,ngc_4631,1,1,16.92,0.09,0.09,Carlsten2022ApJ...933...47C,0.2605,0.0163,0.0163,571.44,35.35,35.67,571.44,35.35,35.67,,,,,,,,24.89,,,,,,,,,,,,,,,,,,Carlsten2022ApJ...933...47C,,,,,,,,,,,,,,,,,,,,,,,,,,,,,,
kk_166,KK 166,192.30065,35.61258,126.0078196,81.5023183,635.31,4296.75,604.33,,,,,,,,,,,,,,,,,,4385.31,0.0,0.0,28.21,0.16,0.16,4386.02,4623.57,4489.26,,trgb,Tully2009AJ....138..323T,-10.96,,,6.62,,,,,,,,1,1,17.25,,,Karachentsev2013AJ....145..101K,0.1995,,,254.49,,,238.73,,,67.09,,,0.12,,,,24.5,,,,,,,,,,,,,,,,,,Zaritsky2023ApJS..267...27Z,,,,,,,,,,,,,,,,,,,,,,,,,,,,,,
kk_176,KK 176,194.984583,-19.413056,305.6914995,43.4131404,-5177.28,5089.1,-513.04,,,,,,,,827.0,1.0,1.0,,,,,692.92,619.14,Kurapati2024MNRAS.533.1178K,7277.8,0.0,0.0,29.31,0.09,0.09,7274.36,8002.08,7638.64,,trgb,Karachentsev2018ApJ...858...62K,-13.28,,,7.55,,,,,7.75,,,1,1,16.03,,,Karachentsev2013AJ....145..101K,0.5883,0.0367,0.0367,1243.91,76.48,77.19,1243.91,76.48,77.19,,,,,,,,25.76,,,,,,,,,,,,,4.49,0.14,0.14,,Kurapati2024MNRAS.533.1178K,Dudley2025arXiv250915340D,,,,,,,,,,,,,,,,,,,,,,,,,,,,,,
kk_177,KK 177,195.674583,21.9975,330.0501406,84.2665302,-470.81,4765.55,634.38,,,,,,,,267.0,60.0,60.0,,,,,263.61,227.94,Kim2014ApJS..215...22K,4830.59,0.0,0.0,28.42,0.07,0.07,4829.89,5224.11,5016.19,440.11,trgb,Karachentsev2018ApJ...858...62K,-12.66,0.09,0.09,7.3,,,,,,,ngc_4826,1,1,15.76,0.09,0.09,Carlsten2022ApJ...933...47C,0.3248,0.018,0.018,455.92,24.92,25.15,455.92,24.92,25.15,,,,,,,,24.21,,,,,,,,,,,,,,,,,,Carlsten2022ApJ...933...47C,,,,,,,,,,,,,,,,,,,,,,,,,,,,,,
kk_180,KK 180,196.124583,17.758889,321.4339079,80.1582029,-751.14,4308.46,530.87,,,,,,,,,,,,,,,,,,4405.55,,,28.22,,,4404.47,4848.66,4616.1,332.84,host,,-11.33,,,6.77,,,,,,,ngc_4826,1,1,16.89,,,Karachentsev2013AJ....145..101K,,,,,,,,,,,,,,,,,,,,,,,,,,,,,,,,,,,,,,,,,,,,,,,,,,,,,,,,,,,,,,,,,
kk_182,KK 182,196.25833333333333,-40.08277777777778,305.7505788,22.7145521,-5369.65,2402.4,-844.8,,,,,,,,617.0,4.0,4.0,,,,,443.09,363.93,Koribalski2004AJ....128...16K,5942.92,0.0,0.0,28.87,0.13,0.13,5938.55,6717.15,6329.95,2295.58,,Tully2009AJ....138..323T,-13.39,,,7.59,,,,,7.63,,ngc_5128,1,1,15.48,,,Muller2017A&A...597A...7M,0.25,,,432.18,,,432.18,,,,,,,,,,23.36,,,,,,,,,,,,,5.1,1.9,1.9,,Koribalski2004AJ....128...16K,Muller2017A&A...597A...7M,,,,,,,,,,,,,,,,,,,,,,,,,,,,,,
kk_186,KK 186,197.44,-23.543056,308.3480516,39.1359323,-3946.93,3301.15,-264.9,,,,,,,,,,,,,,,,,,5152.29,,,28.56,,,5148.38,5893.18,5521.5,294.93,host,,-11.47,,,6.82,,,,,,,ngc_5068,0,0,17.09,,,Karachentsev2025PASA...42...26K,1.25,,,1873.42,,,1108.33,,,,,,0.65,,,,27.32,,,,,,,,,,,,,,,,,,Karachentsev2025PASA...42...26K,,,,,,,,,,,,,,,,,,,,,,,,,,,,,,
kk_189,KK 189,198.1875,-41.831944444444446,307.1782051,20.8640204,-3887.22,1573.12,-528.89,,,,,,,,752.6,4.0,4.0,,,,,579.8,501.06,Muller2021A&A...645A..92M,4226.69,0.0,0.0,28.13,0.09,0.09,4222.11,4999.75,4613.06,574.68,,Tully2009AJ....138..323T,-11.76,,,6.94,,,,,,,ngc_5128,1,1,16.37,,,Muller2017A&A...597A...7M,0.24,,,295.08,,,295.08,,,,,,,,,,24.16,,,,,,,,,,,,,,,,,,Muller2017A&A...597A...7M,,,-1.43,0.07,0.07,spectroscopic,-1.43,0.07,0.07,,,,,Muller2021A&A...645A..92M,,,,,,,,,,,,,7.6,1.2,1.2,Muller2021A&A...645A..92M
kk_191,KK 191,198.415417,42.044167,107.4165926,74.4079061,1928.16,7803.96,1982.25,,,,,,,,,,,,,,,,,,8279.42,0.0,0.0,29.59,0.08,0.08,8280.08,8401.41,8331.6,759.49,trgb,Tully2009AJ....138..323T,-12.06,0.1,0.1,7.06,,,,,,,ngc_5055,1,1,17.53,0.1,0.1,Carlsten2022ApJ...933...47C,0.2583,0.0182,0.0182,621.26,43.11,43.51,621.26,43.11,43.51,,,,,,,,25.48,,,,,,,,,,,,,,,,,,Carlsten2022ApJ...933...47C,,,,,,,,,,,,,,,,,,,,,,,,,,,,,,
kk_193,KK 193,198.87417,41.50223,105.5132533,74.8022422,2146.1,9097.88,2349.36,,,,,,,,,,,,,,,,,,9638.29,0.0,0.0,29.92,0.16,0.14,9638.86,9762.02,9692.58,607.97,sbf,Carlsten2022ApJ...933...47C,-12.36,0.1,0.1,7.18,,,,,,,ngc_5055,1,1,17.56,0.1,0.1,Carlsten2022ApJ...933...47C,0.3078,0.0208,0.0208,861.85,57.55,58.08,861.85,57.55,58.08,,,,,,,,25.89,,,,,,,,,,,,,,,,,,Carlsten2022ApJ...933...47C,,,,,,,,,,,,,,,,,,,,,,,,,,,,,,
kk_195,KK 195,200.28416666666664,-31.529722222222222,310.3083163,30.9162965,-4787.84,2936.96,-271.45,,,,,,,,571.9,1.7,1.7,,,,,422.38,345.47,Begum2008MNRAS.386.1667B,5623.41,0.0,0.0,28.75,0.1,0.1,5618.91,6383.7,6003.02,804.5,,Tully2009AJ....138..323T,-12.07,,,7.06,,,,,7.55,,m_083,1,1,16.68,,,Muller2017A&A...597A...7M,0.3067,,,501.64,,,501.64,,,,,,,,,,25.0,,,,,,,,,,,,,4.8,0.5,0.5,,Begum2008MNRAS.386.1667B,Muller2017A&A...597A...7M,,,,,,,,,,,,,,,,,,,,,,,,,,,,,,
kk_196,KK 196,200.44625,-45.06333333,308.5425704,17.4775577,-3735.07,1246.77,-445.51,,,,,,,,741.0,,,,,,,567.78,489.72,Karachentsev2013AJ....145..101K,3962.78,0.0,0.0,27.99,0.06,0.06,3957.96,4732.61,4347.39,315.93,,Tully2009AJ....138..323T,-12.81,,,7.36,,,,,,,ngc_5128,1,1,15.18,,,Muller2017A&A...597A...7M,0.2667,,,307.39,,,307.39,,,,,,,,,,23.2,,,,,,,,,,,,,,,,,,Muller2017A&A...597A...7M,,,,,,,,,,,,,,,,,,,,,,,,,,,,,,
kk_197,KK 197,200.5075,-42.53555556,308.9214607,19.9801332,-3566.99,1361.46,-382.27,,,,,,,,642.7,2.9,2.9,,,,,473.4,395.25,Muller2021A&A...645A..92M,3837.07,0.0,0.0,27.92,0.02,0.02,3832.28,4607.91,4222.22,164.29,,Tully2009AJ....138..323T,-12.96,,,7.42,,,,,,,ngc_5128,1,1,14.96,,,Muller2021A&A...645A..92M,0.74,,,825.96,,,825.96,,,,,,,,,,25.2,,,,,,,,,,,,,,,,,,Muller2017A&A...597A...7M,,,-1.15,0.01,0.12,spectroscopic,-1.15,0.01,0.12,,,,,Muller2021A&A...645A..92M,,,,,,,,,,,,,11.7,0.1,2.2,Muller2021A&A...645A..92M
kk_200,KK 200,201.15,-30.97167,311.2570494,31.3634396,-4045.03,2512.27,-157.62,,,,,,,,493.69,,,,,,,347.35,270.85,Begum2008MNRAS.386.1667B,4764.31,0.0,0.0,28.39,0.06,0.06,4759.74,5522.63,5142.78,277.97,,Tully2009AJ....138..323T,-13.56,,,7.66,,,,,6.93,,m_083,1,1,14.83,,,Muller2017A&A...597A...7M,0.3517,,,487.37,,,487.37,,,,,,,,,,23.45,,,,,,,,,,,,,1.6,0.2,0.2,,Begum2008MNRAS.386.1667B,Muller2017A&A...597A...7M,,,,,,,,,,,,,,,,,,,,,,,,,,,,,,
kk_203,KK 203,201.8670833333333,-45.3525,309.540587,17.0564085,-3567.78,1152.21,-365.98,,,,,,,,305.9,9.5,9.5,,,,,134.96,57.31,Muller2021A&A...645A..92M,3767.04,0.0,0.0,27.88,0.14,0.14,3762.1,4535.19,4150.71,175.88,,Tully2009AJ....138..323T,-11.7,,,6.91,,,,,,,ngc_5128,1,1,16.18,,,Muller2021A&A...645A..92M,0.33,,,361.61,,,361.61,,,,,,,,,,24.66,,,,,,,,,,,,,,,,,,Muller2021A&A...645A..92M,,,-1.75,0.28,0.11,spectroscopic,-1.75,0.28,0.11,,,,,Muller2021A&A...645A..92M,,,,,,,,,,,,,9.7,,,Muller2021A&A...645A..92M
kk_207,KK 207,203.3570833333333,56.5,111.441408,59.6816622,3155.34,5794.35,2185.23,,,,,,,,,,,,,,,,,,6950.24,0.0,0.0,29.21,,,6951.75,6880.51,6904.57,,,Karachentsev2013AJ....145..101K,-10.8,,,6.55,,,,,,,,0,0,18.41,,,Karachentsev2013AJ....145..101K,,,,,,,,,,,,,,,,,,,,,,,,,,,,,,,,,,,,,,,,,,,,,,,,,,,,,,,,,,,,,,,,,
kk_208,KK 208,204.14791666666665,-29.570833333333333,314.54928,32.2802703,-4232.13,2683.33,87.4,,,,,,,,439.9,15.6,15.6,,,,,303.73,228.68,Muller2025A&A...699A.207M,5011.87,0.0,0.0,28.5,0.08,0.08,5007.06,5762.03,5386.0,117.19,,Tully2009AJ....138..323T,-13.45,,,7.61,,,,,,6.69,m_083,1,1,15.05,,,Karachentsev2013AJ....145..101K,,,,,,,,,,,,,,,,,,,,,,,,,,,,,,,,,0.832,Karachentsev2013AJ....145..101K,,,,-1.53,0.23,0.23,spectroscopic,-1.53,0.23,0.23,,,,,Muller2025A&A...699A.207M,,,,,,,,,,,,,,,,
kk_211,KK 211,205.523,-45.205,312.2145964,16.7518048,-3510.8,1089.47,-198.03,,,,,,,,,,,,,,,,,,3681.29,0.0,0.0,27.83,0.08,0.08,3676.07,4444.68,4062.35,237.53,,Tully2009AJ....138..323T,-12.3,,,7.15,,,,,,,ngc_5128,1,1,15.53,,,Karachentsev2013AJ....145..101K,0.3633,,,389.07,,,389.07,,,,,,,,,,24.22,,,,,,,,,,,,,,,,,,Muller2017A&A...597A...7M,,,,,,,,,,,,,,,,,,,,,,,,,,,,,,
kk_213,KK 213,205.89916666666667,-43.76916666666666,312.8020163,18.1007023,-3569.24,1194.65,-154.6,,,,,,,,,,,,,,,,,,3767.04,0.0,0.0,27.88,0.11,0.11,3761.8,4530.41,4148.1,235.51,,Tully2009AJ....138..323T,-11.68,,,6.91,,,,,,,ngc_5128,1,1,16.2,,,Muller2017A&A...597A...7M,0.3417,,,374.39,,,374.39,,,,,,,,,,24.76,,,,,,,,,,,,,,,,,,Muller2017A&A...597A...7M,,,,,,,,,,,,,,,,,,,,,,,,,,,,,,
kk_217,KK 217,206.57166666666663,-45.68472222222222,312.8584284,16.1272168,-3351.32,995.25,-155.82,,,,,,,,,,,,,,,,,,3499.45,0.0,0.0,27.72,0.2,0.2,3494.15,4261.04,3879.5,339.39,,Tully2009AJ....138..323T,-10.98,,,6.63,,,,,,,ngc_5128,1,1,16.74,,,Karachentsev2013AJ....145..101K,0.2283,,,232.43,,,232.43,,,,,,,,,,24.42,,,,,,,,,,,,,,,,,,Jerjen2000AJ....119..593J,,,,,,,,,,,,,,,,,,,,,,,,,,,,,,
kk_218,KK 218,206.66458,-29.979167,316.9436971,31.3856845,-4219.72,2562.16,252.18,,,,,,,,594.9,9.0,9.0,,,,,463.86,389.66,Muller2025A&A...699A.207M,4943.11,0.0,0.0,28.47,0.06,0.06,4938.04,5689.42,5315.17,185.54,,Tully2009AJ....138..323T,-11.67,,,6.9,,,,,,,m_083,1,1,16.8,,,Muller2017A&A...597A...7M,0.2833,,,407.4,,,407.4,,,,,,,,,,24.95,,,,,,,,,,,,,,,,,,Muller2017A&A...597A...7M,,,-1.68,0.08,0.08,spectroscopic,-1.68,0.08,0.08,,,,,Muller2025A&A...699A.207M,,,,,,,,,,,,,8.3,1.4,1.4,Muller2025A&A...699A.207M
kk_221,KK 221,207.1933333,-46.99694444,312.9878225,14.7522513,-3682.74,997.74,-173.44,,,,,,,,,,,,,,,,,,3819.44,0.0,0.0,27.91,0.04,0.04,3814.09,4578.8,4198.33,399.09,,Tully2009AJ....138..323T,-11.52,,,6.84,,,,,,,ngc_5128,1,1,16.39,,,Karachentsev2013AJ....145..101K,0.3967,,,440.71,,,440.71,,,,,,,,,,25.27,,,,,,,,,,,,,,,,,,Jerjen2000AJ....119..593J,,,-1.4,0.2,0.2,isochrone,,,,,,,,,-1.4,0.2,0.2,Rejkuba2006A&A...448..983R,,,,,,,,,,,,
kk_242,KK 242,268.201875,70.1373333333,100.5402964,30.3561964,4459.43,2875.5,3678.58,,,,,,,,-66.0,10.0,10.0,,,,,144.25,192.52,Pustilnik2022MNRAS.516.6180P,6456.54,0.0,0.0,29.05,0.11,0.11,6457.83,6051.85,6245.43,207.23,,Karachentsev2022AJ....163...51K,-10.94,,,6.61,,,,,,5.99,ngc_6503,1,1,18.11,,,Koda2015ApJ...802L..24K,0.26,,,488.31,,,381.39,,,-2.6,,,0.39,,,,25.54,,,,,,,,,,,,,,,,0.1,Karachentsev2022AJ....163...51K,Koda2015ApJ...802L..24K,,,,,,,,,,,,,,,,,,,,,,,,,,,,,,
kkh_05,KKH 5,16.885417,51.440278,125.4902277,-11.3514592,5081.8,-1153.86,947.77,,,,,,,,61.0,8.0,8.0,,,,,248.19,326.03,Karachentsev2001A&A...366..428K,5296.63,0.0,0.0,28.62,,,5301.26,4537.15,4916.26,,trgb,Tully2009AJ....138..323T,-13.05,,,7.45,,,,,7.06,,,1,1,15.57,,,Karachentsev2013AJ....145..101K,,,,,,,,,,,,,,,,,,,,,,,,,,,,,,1.74,,,,Karachentsev2001A&A...366..428K,,,,,,,,,,,,,,,,,,,,,,,,,,,,,,,
kkh_06,KKH 6,23.715,52.0917,129.68401,-10.2098664,3289.64,-643.09,375.45,,,,,,,,59.9,1.7,1.7,,,,,236.43,312.6,Begum2008MNRAS.386.1667B,3372.87,0.0,0.0,27.64,0.07,0.07,3377.98,2626.39,2997.77,,,Tully2009AJ....138..323T,-12.47,,,7.22,,,,,6.91,,,1,1,15.17,,,Karachentsev2013AJ....145..101K,,,,,,,,,,,,,,,,,,,,,,,,,,,,,,3.0,0.3,0.3,,Begum2008MNRAS.386.1667B,,,,,,,,,,,,,,,,,,,,,,,,,,,,,,,
kkh_11,KKH 11,36.145833,56.011667,135.7401564,-4.5263198,6087.9,-498.28,119.1,,,,,,,,111.0,10.0,10.0,,,,,272.05,343.53,Karachentsev2025MNRAS.537L..21K,6109.42,0.0,0.0,28.93,,,6115.22,5398.36,5751.8,,nam,Karachentsev2025MNRAS.537L..21K,-15.17,,,8.3,,,,,8.28,,,1,1,13.76,,,Karachentsev2013AJ....145..101K,,,,,,,,,,,,,,,,,,,,,,,,,,,,,,21.68,,,,Karachentsev2013AJ....145..101K,,,,,,,,,,,,,,,,,,,,,,,,,,,,,,,
kkh_12,KKH 12,36.8625,57.487778,135.5787086,-3.0073433,5561.46,-309.69,140.69,,,,,,,,70.0,1.7,1.7,,,,,232.06,302.96,Begum2008MNRAS.386.1667B,5571.86,0.0,0.0,28.73,,,5577.65,4868.34,5217.54,,nam,Karachentsev2013AJ....145..101K,-14.68,,,8.11,,,,,7.77,,,1,1,14.05,,,Karachentsev2013AJ....145..101K,,,,,,,,,,,,,,,,,,,,,,,,,,,,,,8.1,,,,Karachentsev2013AJ....145..101K,,,,,,,,,,,,,,,,,,,,,,,,,,,,,,,
kkh_18,KKH 18,45.774583,33.694444,152.0338755,-21.6323805,4304.27,-1629.76,-1313.69,,,,,,,,216.0,,,,,,,309.6,374.9,Karachentsev2013AJ....145..101K,4786.3,0.0,0.0,28.4,0.13,0.13,4792.97,4121.89,4449.59,,trgb,Tully2009AJ....138..323T,-12.87,,,7.38,,,,,7.14,,,1,1,15.53,,,Karachentsev2013AJ....145..101K,,,,,,,,,,,,,,,,,,,,,,,,,,,,,,2.54,,,,Karachentsev2013AJ....145..101K,,,,,,,,,,,,,,,,,,,,,,,,,,,,,,,
kkh_22,KKH 22,56.23583333,72.06444444,135.4980903,13.5689375,3030.22,716.39,178.98,,,,,,,,30.0,10.0,10.0,,,,,190.23,250.76,Karachentsev2020A&A...638A.111K,3118.89,0.0,0.0,27.47,0.13,0.13,3124.53,2550.84,2822.51,848.49,,Karachentsev2020A&A...638A.111K,-12.19,0.12,0.12,7.11,,,,,,6.34,ic_0342,1,1,15.28,0.12,0.12,Karachentsev2020A&A...638A.111K,,,,,,,,,,,,,0.48,,,,,,,,,,,,,,,,,,,,0.95,Karachentsev2020A&A...638A.111K,Karachentsev2020A&A...638A.111K,,,,,,,,,,,,,,,,,,,,,,,,,,,,,,
kkh_30,KKH 30,79.425,81.624167,131.3152063,23.5508048,4109.61,1742.36,631.55,,,,,,,,,,,,,,,,,,4508.17,0.0,0.0,28.27,,,4513.09,4010.16,4248.76,,,Karachentsev2013AJ....145..101K,-11.39,,,6.79,,,,,,,,1,1,16.88,,,Karachentsev2013AJ....145..101K,,,,,,,,,,,,,,,,,,,,,,,,,,,,,,,,,,,,,,,,,,,,,,,,,,,,,,,,,,,,,,,,,
kkh_34,KKH 34,89.921667,73.4275,140.4231058,22.3464909,6721.69,2789.72,-51.74,,,,,,,,106.0,2.0,2.0,,,,,244.49,294.88,Begum2008MNRAS.386.1667B,7277.8,0.0,0.0,29.31,0.11,0.11,7283.59,6780.41,7022.8,,trgb,Karachentsev2020A&A...638A.111K,-13.18,,,7.51,,,,,7.15,,,1,1,16.13,,,Karachentsev2013AJ....145..101K,,,,,,,,,,,,,,,,,,,,,,,,,,,,,,1.14,,,,Begum2008MNRAS.386.1667B,,,,,,,,,,,,,,,,,,,,,,,,,,,,,,,
kkh_37,KKH 37,101.9405,80.1235,133.9839053,26.5371293,3068.26,1505.63,349.41,,,,,,,,11.0,7.0,7.0,,,,,164.56,214.05,Makarov2003A&A...405..951M,3435.58,0.0,0.0,27.68,0.04,0.04,3440.63,2992.51,3198.22,987.88,,Tully2009AJ....138..323T,-12.4,0.09,0.09,7.19,,,,,6.71,,m_081,1,1,15.28,0.09,0.09,Carlsten2021ApJ...922..267C,0.3083,0.016,0.016,307.81,15.75,15.9,251.97,13.5,13.53,,,,0.33,0.02,0.02,,23.18,,,,,,,,,,,,,1.837,,,,Karachentsev2013AJ....145..101K,Carlsten2021ApJ...922..267C,,,,,,,,,,,,,,,,,,,,,,,,,,,,,,
kkh_57,KKH 57,150.064167,63.183722,148.40558,44.5524648,2574.81,2622.23,-214.8,,,,,,,,,,,,,,,,,,3681.29,0.0,0.0,27.83,0.11,0.11,3686.23,3501.63,3571.56,381.43,,Tully2009AJ....138..323T,-10.36,,,6.38,,,,,,,m_081,1,1,17.47,,,Karachentsev2013AJ....145..101K,,,,,,,,,,,,,,,,,,,,,,,,,,,,,,,,,,,,,,,,,,,,,,,,,,,,,,,,,,,,,,,,,
kkh_78,KKH 78,184.4369,33.3457,170.3584273,80.4356086,1175.34,8349.56,157.15,,,,,,,,,,,,,,,,,,8433.35,0.0,0.0,29.63,0.08,0.12,8434.68,8668.88,8543.1,,trgb,Hai2026ApJ...998...20H,-11.2,0.5,0.8,6.71,,,,,,6.18,,1,1,18.43,0.5,0.8,Hai2026ApJ...998...20H,0.4433,0.0283,0.0333,1086.0,74.53,75.21,988.93,67.82,68.67,-81.0,4.0,5.0,0.1707,0.001,0.0008,,27.35,,,,,,,,,,,,,,,,0.09,Hai2026ApJ...998...20H,Hai2026ApJ...998...20H,,,,,,,,,,,,,,,,,,,,,,,,,,,,,,
kks_51,KKs 51,191.0895833,-42.9396944,301.5539275,19.9131103,-3254.35,1319.32,-781.39,,,,,,,,,,,,,,,,,,3597.49,0.0,0.0,27.78,,,3593.5,4373.46,3985.44,484.42,,Karachentsev2013AJ....145..101K,-11.15,,,6.69,,,,,,,ngc_5128,1,1,16.63,,,Muller2017A&A...597A...7M,0.2117,,,221.5,,,221.5,,,,,,,,,,24.15,,,,,,,,,,,,,,,,,,Muller2017A&A...597A...7M,,,,,,,,,,,,,,,,,,,,,,,,,,,,,,
kks_54,KKs 54,200.3825,-31.88605556,310.3489226,30.551943,-3204.94,1937.93,-182.49,,,,,,,,621.3,10.6,10.6,,,,,471.26,394.29,Muller2021A&A...645A..92M,3749.73,0.0,0.0,27.87,0.12,0.01,3745.21,4511.49,4129.91,725.63,,Muller2019A&A...629A..18M,-10.41,0.1,0.1,6.4,,,,,,,ngc_5128,1,1,17.46,0.1,0.1,Jerjen2000AJ....119..593J,0.545,,,594.46,,,528.37,,,96.8,,,0.21,,,,26.78,,,,,,,,,,,,,,,,,,Jerjen2000AJ....119..593J,,,-1.81,0.26,0.07,spectroscopic,-1.81,0.26,0.07,,,,,Muller2021A&A...645A..92M,,,,,,,,,,,,,,,,
kks_55,KKs 55,200.5516667,-42.73083333,308.9295073,19.7823151,-3588.01,1355.32,-385.57,,,,,,,,550.0,23.7,23.7,,,,,380.48,302.35,Muller2021A&A...645A..92M,3854.78,0.0,0.0,27.93,0.04,0.04,3849.99,4625.54,4239.89,178.91,,Tully2009AJ....138..323T,-12.4,,,7.19,,,,,,,ngc_5128,1,1,15.53,,,,0.6067,,,680.26,,,680.26,,,,,,,,,,25.33,,,,,,,,,,,,,,,,,,Muller2017A&A...597A...7M,,,-1.14,0.3,0.04,spectroscopic,-1.14,0.3,0.04,,,,,Muller2021A&A...645A..92M,,,,,,,,,,,,,5.8,0.5,3.3,Muller2021A&A...645A..92M
kks_57,KKs 57,205.40875,-42.581944,312.6935194,19.3363517,-3608.57,1295.28,-153.53,,,,,,,,511.3,16.8,16.8,,,,,351.8,275.12,Muller2021A&A...645A..92M,3837.07,0.0,0.0,27.92,0.25,0.25,3831.88,4601.4,4218.67,250.69,,Tully2009AJ....138..323T,-10.6,,,6.47,,,,,,,ngc_5128,1,1,17.32,,,Muller2017A&A...597A...7M,0.2,,,223.23,,,223.23,,,,,,,,,,24.71,,,,,,,12.23,0.91,0.91,0.68,0.06,0.06,,,,,,Muller2017A&A...597A...7M,,Muller2017A&A...597A...7M,-1.9,0.27,0.07,spectroscopic,-1.9,0.27,0.07,,,,,Muller2021A&A...645A..92M,,,,,,,,,,,,,12.35,,,Muller2021A&A...645A..92M
kks_58,KKs 58,206.5016667,-36.32846667,315.0599164,25.2548492,-3034.01,1437.18,36.03,,,,,,,,476.5,5.2,5.2,,,,,331.18,255.42,Muller2021A&A...645A..92M,3357.38,0.0,0.0,27.63,0.01,0.12,3352.18,4116.79,3736.2,575.76,,Muller2019A&A...629A..18M,-11.93,0.07,0.07,7.01,,,,,,,ngc_5128,1,1,15.7,0.07,0.07,Muller2019A&A...629A..18M,0.44,,,429.71,,,398.5,,,,,,0.14,,,,24.64,,,,,,,,,,,,,,,,,,Jerjen2000AJ....119..593J,,,-1.49,0.09,0.07,spectroscopic,-1.49,0.09,0.07,,,,,Muller2021A&A...645A..92M,,,,,,,,,,,,,14.0,2.3,0.0,Muller2021A&A...645A..92M
kks_59,KKs 59,206.990417,-53.3511,311.4071227,8.5879731,-3537.91,574.62,-308.15,,,,,,,,686.0,1.0,1.0,,,,,513.46,438.46,Kirby2012MNRAS.420.2924K,3597.49,0.0,0.0,27.78,,,3592.19,4347.99,3971.48,701.62,,Karachentsev2013AJ....145..101K,-16.02,,,8.64,,,,,8.17,,ngc_5128,1,1,11.76,,,Karachentsev2013AJ....145..101K,,,,,,,,,,,,,,,,,,,,,,,,,,,,,,48.8,2.6,2.6,,Kirby2012MNRAS.420.2924K,,,,,,,,,,,,,,,,,,,,,,,,,,,,,,,
kks_70,KKs 70,286.745417,-63.965833,332.0513533,-25.8609692,-6364.38,-3353.32,1306.25,,,,,,,,,,,,,,,,,,7311.39,0.0,0.0,29.32,0.28,0.25,7304.94,7771.13,7534.76,2195.16,sbf,Carlsten2022ApJ...933...47C,-13.61,0.09,0.09,7.68,,,,,,,ngc_6744,0,0,15.71,0.09,0.09,Carlsten2022ApJ...933...47C,0.355,0.02,0.02,754.13,41.91,42.3,754.13,41.91,42.3,,,,,,,,24.35,,,,,,,,,,,,,,,,,,Carlsten2022ApJ...933...47C,,,,,,,,,,,,,,,,,,,,,,,,,,,,,,
kks_71,KKs 71,287.183333,-63.731389,332.3430194,-26.0140091,-4619.63,-2455.6,971.08,,,,,,,,,,,,,,,,,,5321.08,0.0,0.0,28.63,0.23,0.24,5314.62,5787.16,5545.43,4185.02,sbf,Carlsten2022ApJ...933...47C,-15.34,0.09,0.09,8.37,,,,,,,ngc_6744,0,0,13.29,0.09,0.09,Carlsten2022ApJ...933...47C,1.1133,0.055,0.055,1721.5,83.88,84.65,1721.5,83.88,84.65,,,,,,,,24.41,,,,,,,,,,,,,,,,,,Carlsten2022ApJ...933...47C,,,,,,,,,,,,,,,,,,,,,,,,,,,,,,
kks_73,KKs73,290.4425,-60.683333,335.9612941,-27.0707221,-8022.91,-4596.89,2206.03,,,,,,,,,,,,,,,,,,9506.05,,,29.89,,,9499.44,9926.43,9710.74,575.15,host,,-13.3,,,7.55,,,,,,,ngc_6744,0,0,16.59,,,Karachentsev2025PASA...42...26K,1.24,,,3428.84,,,2057.31,,,,,,0.64,,,,26.84,,,,,,,,,,,,,,,,,,Karachentsev2025PASA...42...26K,,,,,,,,,,,,,,,,,,,,,,,,,,,,,,
kks_74,KKs 74,291.93,-61.010556,335.6961947,-27.8301823,-7980.17,-4701.92,2138.64,,,,,,,,,,,,,,,,,,9506.05,,,29.89,,,9499.5,9921.35,9708.15,584.36,host,,-12.6,,,7.27,,,,,,,ngc_6744,0,0,17.29,,,Karachentsev2025PASA...42...26K,1.11,,,3069.37,,,2357.63,,,,,,0.41,,,,27.83,,,,,,,,,,,,,,,,,,Karachentsev2025PASA...42...26K,,,,,,,,,,,,,,,,,,,,,,,,,,,,,,
leda_486718,LEDA 486718,49.4090833,-48.5065806,259.9880351,-54.6105689,-1501.05,-3637.95,-2762.76,,,,,,,,,,,,,,,,,,4808.39,0.0,0.0,28.41,0.08,0.08,4809.22,4950.84,4864.67,2937.9,trgb,Fielder2025arXiv251202118F,-11.62,0.14,0.14,6.88,,,,,,6.58,ngc_0253,1,1,16.79,0.14,0.14,Fielder2025arXiv251202118F,0.2023,0.0023,0.0023,282.94,3.22,3.25,253.04,4.28,4.25,18.74,0.67,0.67,0.2,0.02,0.02,,23.97,,,,,,,,,,,,,,,,0.7,Fielder2025arXiv251202118F,Fielder2025arXiv251202118F,,,,,,,,,,,,,,,,,,,,,,,,,,,,,,
lv_j0055-2310,LV J0055-2310,13.754,-23.169,134.6830703,-85.9588486,254.42,-3584.52,-384.99,,,,,,,,249.6,5.0,5.0,,,,,253.51,288.18,Westmeier2017MNRAS.472.4832W,3614.1,0.0,0.0,27.79,0.11,0.11,3614.51,3353.88,3464.76,222.98,,Karachentsev2021AJ....161..205K,-10.5,0.1,0.1,6.43,,,,,6.63,,ngc_0253,1,1,17.29,0.1,0.1,Carlsten2022ApJ...933...47C,0.27,0.0183,0.0183,283.45,18.99,19.16,283.45,18.99,19.16,,,,,,,,25.33,,,,,,,,,,,,,1.4,,,,Westmeier2017MNRAS.472.4832W,Carlsten2022ApJ...933...47C,,,,,,,,,,,,,,,,,,,,,,,,,,,,,,
lv_j0616-5745,LV J0616-5745,94.0371667,-57.7646111,266.5541509,-27.2908817,-3414.6,-2310.26,-4470.57,,,,,,,,554.0,4.0,4.0,,,,,331.88,285.74,Warren2006AJ....131.2056W,6081.35,,,28.92,,,6081.79,6512.64,6288.71,5.3,host,,-12.39,,,7.19,,,,,7.37,,eso_121-020,1,1,16.53,,,Karachentsev2013AJ....145..101K,,,,,,,,,,,,,,,,,,,,,,,,,,,,,,2.7,,,,Karachentsev2013AJ....145..101K,,,,,,,,,,,,,,,,,,,,,,,,,,,,,,,
lv_j1149+1715,LV J1149+1715,177.273333,17.255833,244.1390427,72.5421674,-507.33,5742.75,-1057.92,,,,,,,,623.0,29.0,29.0,,,,,562.43,519.15,Karachentsev2013AJ....145..101K,5861.38,0.0,0.0,28.84,,,5862.45,6287.44,6065.73,,nam,Karachentsev2013AJ....145..101K,-11.07,,,6.66,,,,,,,,1,1,17.77,,,Karachentsev2013AJ....145..101K,,,,,,,,,,,,,,,,,,,,,,,,,,,,,,,,,,,,,,,,,,,,,,,,,,,,,,,,,,,,,,,,,
lv_j1157+5638,LV J1157+5638,179.4745833,56.63805556,137.2332018,58.9788451,4743.57,7838.86,879.58,,,,,,,,416.3,1.4,1.4,,,,,504.03,513.81,Makarova2018MNRAS.474.3221M,9204.5,0.0,0.0,29.82,0.09,0.09,9207.57,9124.01,9156.12,,,Makarova2018MNRAS.474.3221M,-13.26,0.1,0.1,7.54,,,,,,,,1,1,16.56,0.1,0.1,Makarova2018MNRAS.474.3221M,0.1007,0.0058,0.0058,269.21,15.39,15.53,236.21,13.83,13.98,,,,0.23,0.02,0.02,,22.18,,,,,,,,,,,,,,,,,,Carlsten2021ApJ...922..267C,,,-2.3,0.07,0.07,isochrone,,,,,,,,,-2.3,0.07,0.07,Makarova2018MNRAS.474.3221M,,,,,,,,,,,,
lv_j1157+5638-sat,LV J1157+5638 sat,179.4708333,56.61361111,137.2558483,59.0004242,4611.4,7627.15,853.98,,,,,,,,,,,,,,,,,,8953.65,0.0,0.0,29.76,0.11,0.11,8956.72,8874.4,8905.66,250.88,,Makarova2018MNRAS.474.3221M,-9.38,0.13,0.13,5.99,,,,,,,lv_j1157+5638,1,1,20.38,0.13,0.13,Makarova2018MNRAS.474.3221M,0.0389,0.0008,0.0008,101.32,2.16,2.18,101.32,2.16,2.18,,,,,,,,24.22,,,,,,,,,,,,,,,,,,Makarova2018MNRAS.474.3221M,,,-2.08,0.1,0.1,isochrone,,,,,,,,,-2.08,0.1,0.1,Makarova2018MNRAS.474.3221M,,,,,,,,,,,,
lv_j1158+1535,LV J1158+1535,179.668333,15.592778,253.5308683,73.1728196,-639.68,4911.47,-766.23,,,,,,,,565.0,2.0,2.0,,,,,503.21,457.86,Karachentsev2013AJ....145..101K,5011.87,0.0,0.0,28.5,,,5012.55,5465.48,5229.19,,nam,Karachentsev2013AJ....145..101K,-10.85,,,6.57,,,,,,,,1,1,17.65,,,Karachentsev2013AJ....145..101K,,,,,,,,,,,,,,,,,,,,,,,,,,,,,,,,,,,,,,,,,,,,,,,,,,,,,,,,,,,,,,,,,
lv_j1228+4358,LV J1228+4358,187.1866667,43.96833333,136.6559686,72.5502017,1221.52,3861.03,442.94,,,,,,,,225.8,16.0,16.0,,,,,280.96,273.16,Toloba2016ApJ...824...35T,4073.8,0.0,0.0,28.05,,,4075.58,4209.22,4123.84,192.35,trgb,MartinezDelgado2012ApJ...748L..24M,-13.03,0.2,0.2,7.45,,,,,,,ngc_4449,1,1,15.02,0.2,0.2,Garling2021MNRAS.507.4764G,1.1167,0.1667,0.1667,1319.19,194.6,196.39,691.13,125.71,130.96,,,,0.72,0.06,0.06,,24.74,,,,,,,1.1167,0.1667,0.1667,0.62,0.1,0.1,,,,,,Garling2021MNRAS.507.4764G,,Garling2021MNRAS.507.4764G,-1.37,0.41,0.41,spectroscopic,-1.37,0.41,0.41,,,,,Toloba2016ApJ...824...35T,,,,,,,,,,,,,,,,
lv_j1243p4127,LV J1243+4127,190.98,41.457,128.5996938,75.5884134,1182.75,4608.7,694.02,,,,,,,,402.0,2.0,2.0,,,,,455.3,444.44,Huchtmeier2009A&A...506..677H,4808.39,0.0,0.0,28.41,0.11,0.11,4809.66,4966.77,4872.78,417.24,,Karachentsev2018ApJ...858...62K,-12.0,0.09,0.09,7.03,,,,,6.82,,m_094,1,1,16.41,0.09,0.09,Carlsten2022ApJ...933...47C,0.3833,0.0217,0.0217,535.54,29.86,30.13,535.54,29.86,30.13,,,,,,,,25.21,,,,,,,,,,,,,1.2,0.12,0.12,,Huchtmeier2009A&A...506..677H,Carlsten2022ApJ...933...47C,,,,,,,,,,,,,,,,,,,,,,,,,,,,,,
lv_j1313p1003,LV J1313+1003,198.447083,10.053056,321.13806,72.1302144,-1158.76,3571.56,472.35,,,,,,,,472.0,24.0,24.0,,,,,435.2,386.47,Karachentsev2013AJ....145..101K,3784.43,0.0,0.0,27.89,,,3782.49,4307.73,4035.9,,,Karachentsev2013AJ....145..101K,-11.47,,,6.82,,,,,,,,1,1,16.42,,,Karachentsev2013AJ....145..101K,,,,,,,,,,,,,,,,,,,,,,,,,,,,,,,,,,,,,,,,,,,,,,,,,,,,,,,,,,,,,,,,,
m_081-d0926+70,d0926+70,141.61625,70.50666667,142.2163968,38.0075399,2672.59,2108.32,5.52,,,,,,,,,,,,,,,,,,3404.08,0.0,0.0,27.66,0.15,0.12,3409.15,3126.18,3244.96,274.76,,Chiboucas2013AJ....146..126C,-10.4,0.4,0.4,6.39,,,,,,,m_081,1,1,17.26,0.4,0.4,Chiboucas2013AJ....146..126C,0.2383,,,236.0,,,213.71,,,-23.9,,,0.18,,,,24.82,,,,,,,0.2383333333333333,,,0.42,,,,,,,,Chiboucas2009AJ....137.3009C,,Chiboucas2009AJ....137.3009C,,,,,,,,,,,,,,,,,,,,,,,,,,,,
m_081-d0934+70,d0934+70,143.5154167,70.21583333,142.143392,38.7065851,2348.47,1898.58,12.97,,,,,,,,,,,,,,,,,,3019.95,0.0,0.0,27.4,0.08,0.7,3024.96,2761.13,2867.3,607.46,,Chiboucas2013AJ....146..126C,-9.5,0.4,0.4,6.03,,,,,,,m_081,1,1,17.9,0.4,0.4,Chiboucas2013AJ....146..126C,0.255,,,224.01,,,216.03,,,63.5,,,0.07,,,,25.74,,,,,,,0.255,,,0.42,,,,,,,,Chiboucas2009AJ....137.3009C,,Chiboucas2009AJ....137.3009C,,,,,,,,,,,,,,,,,,,,,,,,,,,,
m_081-d0939+71,d0939+71,144.81625,71.31166667,140.6597296,38.5061324,2929.48,2338.92,89.63,,,,,,,,,,,,,,,,,,3749.73,0.0,0.0,27.87,0.22,0.32,3754.65,3464.42,3588.98,216.93,,Chiboucas2013AJ....146..126C,-8.6,0.4,0.4,5.67,,,,,,,m_081,1,1,19.27,0.4,0.4,Chiboucas2013AJ....146..126C,0.255,,,278.14,,,271.1,,,-80.9,,,0.05,,,,27.14,,,,,,,0.255,,,0.42,,,,,,,,Chiboucas2009AJ....137.3009C,,Chiboucas2009AJ....137.3009C,,,,,,,,,,,,,,,,,,,,,,,,,,,,
m_081-d0944+69,d0944+69,146.09375,69.21111111,142.6574089,39.9911248,2887.08,2446.76,2.17,,,,,,,,,,,,,,,,,,3784.43,0.0,0.0,27.89,0.19,0.37,3789.38,3523.9,3635.84,182.28,,Chiboucas2013AJ....146..126C,-8.1,0.4,0.4,5.47,,,,,,,m_081,1,1,19.79,0.4,0.4,Chiboucas2013AJ....146..126C,0.0817,,,89.9,,,85.76,,,-9.7,,,0.09,,,,25.14,,,,,,,0.0816666666666666,,,0.78,,,,,,,,Chiboucas2009AJ....137.3009C,,Chiboucas2009AJ....137.3009C,,,,,,,,,,,,,,,,,,,,,,,,,,,,
m_081-d0944+71,d0944+71,146.1432083,71.48211111,140.1814379,38.7681598,2614.55,2103.65,103.81,,,,,,,,-38.3,9.8,9.8,,,,,81.47,114.95,Toloba2016ApJ...830L..21T,3357.38,0.0,0.0,27.63,0.06,0.06,3362.25,3082.47,3199.41,301.09,,Chiboucas2013AJ....146..126C,-12.2,0.4,0.4,7.11,,,,,,,m_081,1,1,15.43,0.4,0.4,Chiboucas2013AJ....146..126C,0.3567,0.0067,0.0067,348.19,6.42,6.47,328.49,6.05,6.11,3.6,,,0.11,,,,23.95,,,,,,,0.3566666666666666,0.0066666666666666,0.0066666666666666,0.67,,,,,,,,Chiboucas2013AJ....146..126C,,Chiboucas2013AJ....146..126C,-1.3,0.6,0.3,spectroscopic,-1.3,0.6,0.3,,,,,Toloba2016ApJ...830L..21T,,,,,,,,,,,,,,,,
m_081-d0955+70,d0955+70,148.8095833,70.40672222,140.6780543,40.0972484,2635.79,2226.29,93.29,,,,,,,,,,,,,,,,,,3451.44,0.0,0.0,27.69,0.31,0.35,3456.25,3192.37,3301.7,182.48,,Chiboucas2013AJ....146..126C,-10.36,0.47,0.47,6.38,,,,,,,m_081,1,1,17.33,0.47,0.47,Okamoto2019ApJ...884..128O,0.44,0.02,0.02,441.34,19.78,19.97,425.61,19.08,19.25,178.9,,,0.07,,,,26.36,0.58,0.07,0.07,1.5,0.1,0.1,0.44,0.02,0.02,0.51,0.07,0.07,,,,,,Okamoto2019ApJ...884..128O,Okamoto2019ApJ...884..128O,Okamoto2019ApJ...884..128O,-1.55,0.23,0.23,isochrone,,,,,,,,,-1.55,0.23,0.23,Okamoto2019ApJ...884..128O,,,,,,,,,,,,
m_081-d0958+66,d0958+66,149.7020833,66.84972222,144.2931826,42.4158034,2799.22,2598.0,-54.23,,,,,,,,,,,,,,,,,,3819.44,0.0,0.0,27.91,0.06,0.06,3824.32,3594.1,3688.12,251.39,,Chiboucas2013AJ....146..126C,-12.7,0.4,0.4,7.31,,,,,,,m_081,1,1,15.21,0.4,0.4,Chiboucas2013AJ....146..126C,0.1933,,,214.8,,,171.84,,,-6.9,,,0.36,,,,22.05,,,,,,,0.1933333333333333,,,0.71,,,,,,,,Chiboucas2009AJ....137.3009C,,Chiboucas2009AJ....137.3009C,,,,,,,,,,,,,,,,,,,,,,,,,,,,
m_081-d0959+68,d0959+68,149.8879167,68.65694444,142.2543727,41.4308451,3114.15,2771.02,39.15,,,,,,,,,,,,,,,,,,4168.69,0.0,0.0,28.1,0.15,0.15,4173.51,3917.28,4026.29,555.82,,Chiboucas2013AJ....146..126C,-10.8,0.4,0.4,6.55,,,,,,,m_081,1,1,17.3,0.4,0.4,Chiboucas2013AJ....146..126C,0.4433,,,537.6,,,510.01,,,35.1,,,0.1,,,,26.31,,,,,,,0.4433333333333333,,,0.21,,,,,,,,Chiboucas2009AJ....137.3009C,,Chiboucas2009AJ....137.3009C,,,,,,,,,,,,,,,,,,,,,,,,,,,,
m_081-d1005+68,d1005+68,151.3845833,68.23813889,142.264307,42.1219214,2942.07,2681.65,43.53,,,,,,,,,,,,,,,,,,3981.07,0.0,0.0,28.0,0.25,0.2,3985.84,3741.45,3843.58,375.88,,Smercina2017ApJ...843L...6S,-8.14,0.55,0.55,5.49,,,,,,,m_081,1,1,19.86,0.55,0.55,Okamoto2019ApJ...884..128O,0.3,0.05,0.05,346.22,57.05,57.58,295.81,48.74,49.19,38.4,,,0.27,,,,27.79,0.3,0.2,0.2,1.3,0.9,0.9,0.3,0.05,0.05,0.5,0.2,0.2,,,,,,Okamoto2019ApJ...884..128O,Okamoto2019ApJ...884..128O,Okamoto2019ApJ...884..128O,-1.79,0.37,0.37,isochrone,,,,,,,,,-1.79,0.37,0.37,Okamoto2019ApJ...884..128O,,,,,,,,,,,,
m_081-d1006+67,d1006+67,151.6925,67.20111111,143.289131,42.841538,2648.03,2484.05,-1.1,,,,,,,,,,,,,,,,,,3630.78,0.0,0.0,27.8,0.12,0.14,3635.56,3410.85,3501.09,136.08,,Chiboucas2013AJ....146..126C,-9.3,0.4,0.4,5.95,,,,,,,m_081,1,1,18.5,0.4,0.4,Chiboucas2013AJ....146..126C,0.3017,,,318.61,,,310.54,,,86.1,,,0.05,,,,26.73,,,,,,,0.3016666666666667,,,0.44,,,,,,,,Chiboucas2009AJ....137.3009C,,Chiboucas2009AJ....137.3009C,,,,,,,,,,,,,,,,,,,,,,,,,,,,
m_081-d1006+69,d1006+69,151.73125,69.90461111,140.4079867,41.1897072,3250.24,2850.02,142.1,,,,,,,,,,,,,,,,,,4325.14,0.0,0.0,28.18,0.1,0.1,4329.85,4061.88,4177.59,716.7,,Okamoto2019ApJ...884..128O,-8.91,0.4,0.4,5.8,,,,,,,m_081,1,1,19.27,0.4,0.4,Okamoto2019ApJ...884..128O,0.22,0.03,0.03,276.01,37.19,37.53,246.87,33.26,33.57,110.0,,,0.2,,,,26.62,0.14,0.07,0.07,1.3,0.9,0.9,0.22,0.03,0.03,1.04,0.96,0.96,,,,,,Okamoto2019ApJ...884..128O,Okamoto2019ApJ...884..128O,Okamoto2019ApJ...884..128O,-1.83,0.28,0.28,isochrone,,,,,,,,,-1.83,0.28,0.28,Okamoto2019ApJ...884..128O,,,,,,,,,,,,
m_081-d1009+68,d1009+68,152.3095833,68.75683333,141.4322796,42.0688609,2763.82,2507.27,80.21,,,,,,,,,,,,,,,,,,3732.5,0.0,0.0,27.86,0.29,0.29,3737.22,3494.16,3594.41,143.65,,Okamoto2019ApJ...884..128O,-8.73,0.45,0.45,5.73,,,,,,,m_081,1,1,19.13,0.45,0.45,Okamoto2019ApJ...884..128O,0.39,0.09,0.09,421.42,96.28,97.16,294.99,67.4,68.02,101.7,,,0.51,,,,27.19,0.22,0.11,0.11,2.6,2.0,2.0,0.39,0.09,0.09,1.28,1.47,1.47,,,,,,Okamoto2019ApJ...884..128O,Okamoto2019ApJ...884..128O,Okamoto2019ApJ...884..128O,-1.43,0.28,0.28,isochrone,,,,,,,,,-1.43,0.28,0.28,Okamoto2019ApJ...884..128O,,,,,,,,,,,,
m_081-d1014+68,d1014+68,153.7279167,68.75997222,140.9863698,42.4627699,2825.03,2594.36,107.7,,,,,,,,,,,,,,,,,,3837.07,0.0,0.0,27.92,0.2,0.18,3841.73,3599.98,3700.12,250.82,,Chiboucas2013AJ....146..126C,-11.28,0.48,0.48,6.75,,,,,,,m_081,1,1,16.64,0.48,0.48,Okamoto2019ApJ...884..128O,0.74,0.04,0.04,825.03,43.99,44.39,737.93,39.35,39.71,115.2,,,0.2,,,,26.63,0.6,0.05,0.05,3.1,0.5,0.5,0.74,0.04,0.04,0.9,0.1,0.1,,,,,,Okamoto2019ApJ...884..128O,Okamoto2019ApJ...884..128O,Okamoto2019ApJ...884..128O,-1.5,0.27,0.27,isochrone,,,,,,,,,-1.5,0.27,0.27,Okamoto2019ApJ...884..128O,,,,,,,,,,,,
m_081-d1015+69,d1015+69,153.7783333,69.03655556,140.6858542,42.2967912,2859.63,2608.53,122.21,,,,,,,,,,,,,,,,,,3872.58,0.0,0.0,27.94,0.12,0.14,3877.23,3631.72,3733.97,282.56,,Chiboucas2013AJ....146..126C,-9.2,0.41,0.41,5.91,,,,,,,m_081,1,1,18.74,0.41,0.41,Okamoto2019ApJ...884..128O,0.22,0.04,0.04,246.89,44.4,44.8,215.24,38.7,39.06,103.5,,,0.24,,,,26.04,0.09,0.03,0.03,2.5,2.0,2.0,0.22,0.04,0.04,2.5,1.5,1.5,,,,,,Okamoto2019ApJ...884..128O,Okamoto2019ApJ...884..128O,Okamoto2019ApJ...884..128O,-1.61,0.28,0.28,isochrone,,,,,,,,,-1.61,0.28,0.28,Okamoto2019ApJ...884..128O,,,,,,,,,,,,
m_081-d1028+70,d1028+70,157.1654167,70.23361111,138.4151688,42.3422087,2835.64,2574.48,233.09,,,,,,,,,,,,,,,,,,3837.07,0.0,0.0,27.92,0.06,0.06,3841.57,3590.36,3695.45,300.65,,Chiboucas2013AJ....146..126C,-12.1,0.4,0.4,7.07,,,,,,,m_081,1,1,15.82,0.4,0.4,Chiboucas2013AJ....146..126C,0.2233,,,249.28,,,222.96,,,-54.8,,,0.2,,,,23.21,,,,,,,0.2233333333333333,,,0.88,,,,,,,,Chiboucas2009AJ....137.3009C,,Chiboucas2009AJ....137.3009C,,,,,,,,,,,,,,,,,,,,,,,,,,,,
m_081-d1041+70,d1041+70,160.32,70.15083333,137.4241628,43.1293102,2699.05,2513.24,275.78,,,,,,,,,,,,,,,,,,3698.28,0.0,0.0,27.84,0.14,0.16,3702.65,3461.55,3560.79,276.09,,Chiboucas2013AJ....146..126C,-9.69,0.4,0.4,6.11,,,,,,,m_081,1,1,18.15,0.4,0.4,Chiboucas2013AJ....146..126C,0.1817,,,195.43,,,176.97,,,26.0,,,0.18,,,,25.12,,,,,,,0.1816666666666666,,,0.3,,,,,,,,Chiboucas2009AJ....137.3009C,,Chiboucas2009AJ....137.3009C,,,,,,,,,,,,,,,,,,,,,,,,,,,,
m_081-dw0827p6452,Dw 0827+6452,126.81792,64.8739,151.0175152,34.4920373,2894.65,2111.56,-473.26,,,,,,,,,,,,,,,,,,3614.1,,,27.79,,,3619.96,3332.05,3454.21,600.24,host,,-7.75,,,5.33,,,,,,,m_081,0,0,20.04,,,Karachentsev2022AstBu..77..372K,0.45,,,473.08,,,441.26,,,,,,0.13,,,,29.04,,,,,,,,,,,,,,,,,,Karachentsev2022AstBu..77..372K,,,,,,,,,,,,,,,,,,,,,,,,,,,,,,
m_081-dw0910+7326,dw0910+7326,137.5560417,73.43865278,139.6737113,35.5541314,2606.41,1864.57,101.01,,,,,,,,,,,,,,,,,,3206.27,0.0,0.0,27.53,0.28,0.28,3211.31,2894.1,3029.42,528.98,,Casey2023MNRAS.520.4715C,-11.88,0.26,0.26,6.99,,,,,,,m_081,0,0,15.65,0.26,0.26,Casey2023MNRAS.520.4715C,0.8467,0.0233,0.0233,789.21,21.44,21.64,748.64,20.74,21.15,85.1,15.0,15.0,0.1,0.01,0.01,,26.06,,,,,,,0.8466666667,0.02333333333,0.02333333333,0.65,0.02,0.02,,,,,,Casey2023MNRAS.520.4715C,,Casey2023MNRAS.520.4715C,,,,,,,,,,,,,,,,,,,,,,,,,,,,
m_081-dw1235+7050,Dw1235+7050,188.997917,70.848056,124.7620648,46.2252693,2440.03,2533.68,829.72,,,,,,,,,,,,,,,,,,3614.1,,,27.79,,,3617.31,3398.75,3486.55,856.06,host,,-9.16,,,5.9,,,,,,,m_081,0,0,18.63,,,Karachentsev2013AJ....145..101K,,,,,,,,,,,,,,,,,,,,,,,,,,,,,,,,,,,,,,,,,,,,,,,,,,,,,,,,,,,,,,,,,
m_081-dw_j0954+6821,M81-dw J0954+6821,148.5292,68.3641,142.9544915,41.1922386,2900.3,2566.15,-1.11,,,,,,,,,,,,,,,,,,3872.58,0.0,0.0,27.94,0.09,0.08,3877.46,3626.11,3731.24,262.64,trgb,Karachentsev2025arXiv250821494K,-7.26,0.25,0.25,5.14,,,,,,,m_081,1,1,20.68,0.25,0.25,Bell2022ApJ...937L...3B,0.0745,0.0076,0.0076,83.73,8.48,8.56,55.69,8.44,8.58,25.0,8.0,8.0,0.55,0.1,0.1,,25.04,,,,,,,,,,,,,,,,,,Bell2022ApJ...937L...3B,,,,,,,,,,,,,,,,,,,,,,,,,,,,,,
m_081-hs_117,HS 117,155.355,71.116,138.1368694,41.2961035,2977.01,2603.73,248.28,,,,,,,,47.0,,,,,,,168.06,199.52,Huchtmeier1998A&AS..127..269H,3962.78,0.0,0.0,27.99,0.04,0.04,3967.33,3699.73,3813.82,401.25,,Tully2009AJ....138..323T,-11.87,0.09,0.09,6.98,,,,,,,m_081,1,1,16.12,0.09,0.09,Carlsten2021ApJ...922..267C,0.5315,0.03,0.03,611.96,34.07,34.39,428.36,25.63,25.49,,,,0.51,0.02,0.02,,24.86,,,,,,,,,,,,,,,,,Huchtmeier1998A&AS..127..269H,Carlsten2021ApJ...922..267C,,,,,,,,,,,,,,,,,,,,,,,,,,,,,,
m_081-ugc_05497,UGC 5497,153.2016667,64.1075,146.2244222,45.1873191,2563.62,2639.65,-109.45,,,,,,,,150.0,50.0,50.0,,,,,244.19,267.37,Chiboucas2009AJ....137.3009C,3681.29,0.0,0.0,27.83,0.06,0.06,3686.05,3500.29,3570.9,340.34,,Chiboucas2013AJ....146..126C,-12.9,0.4,0.4,7.39,,,,,,,m_081,1,1,14.93,0.4,0.4,Chiboucas2013AJ....146..126C,0.2317,,,248.08,,,228.72,,,17.0,,,0.15,,,,22.47,,,,,,,0.2316666666666666,,,0.88,,,,,,,,Chiboucas2009AJ....137.3009C,,Chiboucas2009AJ....137.3009C,,,,,,,,,,,,,,,,,,,,,,,,,,,,
m_082-clump_1,Clump I,149.3383,68.7153,142.3465248,41.2345641,2707.62,2393.68,27.9,,,,,,,,-165.0,18.0,18.0,,,,,-54.72,-25.09,Karachentsev2011MNRAS.415L..31K,3614.1,,,27.79,,,3618.94,3371.26,3473.18,61.55,host,,-8.61,,,5.68,,,,,,,m_082,1,0,19.18,,,Karachentsev2013AJ....145..101K,,,,,,,,,,,,,,,,,,,,,,,,,,,,,,,,,,,,,,,,,,,,,,,,,,,,,,,,,,,,,,,,,
m_082-clump_3,Clump III,150.1683,68.6603,142.1704285,41.5112616,2696.84,2405.68,38.57,,,,,,,,121.0,20.0,20.0,,,,,231.32,260.72,Karachentsev2011MNRAS.415L..31K,3614.1,,,27.79,,,3618.91,3374.03,3474.52,69.81,host,,-8.61,,,5.68,,,,,,,m_082,1,0,19.18,,,Karachentsev2013AJ....145..101K,,,,,,,,,,,,,,,,,,,,,,,,,,,,,,,,,,,,,,,,,,,,,,,,,,,,,,,,,,,,,,,,,
m_094-dw1,M94-Dw1,193.760375,40.58941667,119.9962661,76.5182884,910.6,3924.28,721.28,,,,,,,,,,,,,,,,,,4092.61,0.0,0.0,28.06,0.11,0.1,4093.56,4271.64,4165.03,320.71,,Smercina2018ApJ...863..152S,-10.1,0.1,0.1,6.27,,,,,,,m_094,0,0,17.96,0.1,0.1,,0.5183,0.075,0.075,615.22,87.97,88.78,615.22,87.97,88.78,,,,,,,,27.42,,,,,,,,,,,,,,,,,,Smercina2018ApJ...863..152S,,,-2.1,0.1,0.1,isochrone,,,,,,,,,-2.1,0.1,0.1,Smercina2018ApJ...863..152S,,,,,,,,,,,,
m_094-dw1241p4103,dw1241p4103,190.254,41.053,131.0274017,75.9110127,1065.87,4234.01,588.14,,,,,,,,,,,,,,,,,,4405.55,,,28.22,,,4406.85,4574.44,4473.98,143.17,host,,-9.66,0.11,0.11,6.1,,,,,,,m_094,0,0,18.56,0.11,0.11,Carlsten2022ApJ...933...47C,0.1217,0.01,0.01,155.65,12.63,12.74,155.65,12.63,12.74,,,,,,,,24.87,,,,,,,,,,,,,,,,,,Carlsten2022ApJ...933...47C,,,,,,,,,,,,,,,,,,,,,,,,,,,,,,
m_094-dw1311p4051,dw1311p4051,197.922,40.863,107.3164797,75.6453357,1939.16,8577.66,2078.86,,,,,,,,,,,,,,,,,,9036.49,,,29.78,,,9037.1,9171.61,9096.02,220.79,host,,-11.74,0.1,0.1,6.93,,,,,6.95,,ngc_5055,1,1,18.04,0.1,0.1,Carlsten2022ApJ...933...47C,0.1217,0.0083,0.0083,319.36,21.58,21.78,319.36,21.58,21.78,,,,,,,,24.35,,,,,,,,,,,,,0.46,,,,Karachentsev2024A&A...684L..24K,Carlsten2022ApJ...933...47C,,,,,,,,,,,,,,,,,,,,,,,,,,,,,,
m_094-dw2,M94-Dw2,192.7683333,41.63608333,123.2038439,75.4919766,1141.36,4489.74,787.11,,,,,,,,,,,,,,,,,,4698.94,0.0,0.0,28.36,0.09,0.17,4700.06,4856.06,4762.35,296.26,,Smercina2018ApJ...863..152S,-9.7,0.1,0.2,6.11,,,,,,,m_094,0,0,18.66,0.1,0.2,Smercina2018ApJ...863..152S,0.2317,0.03,0.03,315.81,40.4,40.77,315.81,40.4,40.77,,,,,,,,26.37,,,,,,,,,,,,,,,,,,Smercina2018ApJ...863..152S,,,-2.1,0.1,0.1,isochrone,,,,,,,,,-2.1,0.1,0.1,Smercina2018ApJ...863..152S,,,,,,,,,,,,
m_096-df1,M96-DF1,162.054583,11.968333,234.5543553,57.390831,-702.49,9340.25,-4572.61,,,,,,,,,,,,,,,,,,10423.17,0.0,0.0,30.09,0.1,0.1,10425.72,10838.63,10625.84,70.17,trgb,Cohen2018ApJ...868...96C,-11.14,0.12,0.12,6.69,,,,,,,m_096,1,1,18.95,0.12,0.12,Carlsten2022ApJ...933...47C,0.165,0.0167,0.0167,499.23,49.79,50.25,499.23,49.79,50.25,,,,,,,,25.92,,,,,,,,,,,,,,,,,,Carlsten2022ApJ...933...47C,,,,,,,,,,,,,,,,,,,,,,,,,,,,,,
m_096-df_6,Leo I 09,161.72125,12.742639,233.0113796,57.5197137,-537.7,9139.6,-4464.47,,,,,,,,,,,,,,,,,,10185.91,0.0,0.0,30.04,0.065,0.063,10188.54,10592.38,10383.87,289.6,,Cohen2018ApJ...868...96C,-13.44,0.1,0.1,7.61,,,,,,,m_096,1,1,16.6,0.1,0.1,Cohen2018ApJ...868...96C,0.6767,0.0233,0.0233,2003.61,68.02,68.65,1688.05,58.4,59.56,,,,0.29,0.01,0.01,,26.27,,,,,,,0.6767,0.0233,0.0233,0.99,0.03,0.03,,,,,,Cohen2018ApJ...868...96C,,Cohen2018ApJ...868...96C,,,,,,,,,,,,,,,,,,,,,,,,,,,,
m_096-df_6-dw_1046+1244,dw1046+1244,161.6915,12.74986111,232.9720298,57.498563,-534.27,9137.98,-4468.2,,,,,,,,,,,,,,,,,,10185.91,,,30.04,,,10188.54,10592.17,10383.76,5.32,host,,-8.1,0.3,0.3,5.47,,,,,,,m_096-df_6,1,1,21.94,0.3,0.3,Muller2023A&A...673A.160M,0.07,0.01,0.01,206.79,29.19,29.46,206.79,29.19,29.46,,,,,,,,27.05,,,,,,,,,,,,,,,,,,Muller2023A&A...673A.160M,,,,,,,,,,,,,,,,,,,,,,,,,,,,,,
m_101-df1,M101-DF1,210.9375,53.94444444,101.4622055,60.0658996,2573.76,5279.78,2459.78,,,,,,,,,,,,,,,,,,6367.96,0.0,0.0,29.02,0.12,0.12,6368.77,6323.39,6333.83,584.27,,Danieli2017ApJ...837..136D,-9.98,0.1,0.1,6.23,,,,,,,m_101,1,1,19.04,0.1,0.1,Bennet2017ApJ...850..109B,0.2265,0.0048,0.0048,419.37,8.82,8.9,419.37,8.82,8.9,,,,,,,,26.7,,,,,,,0.2265,0.0048333333333333,0.0048333333333333,0.56,0.04,0.04,,,,,,Bennet2017ApJ...850..109B,,Bennet2017ApJ...850..109B,,,,,,,,,,,,,,,,,,,,,,,,,,,,
m_101-df2,M101-DF2,212.15625,54.32527777777778,100.7211849,59.3481494,2816.82,5657.65,2735.1,,,,,,,,,,,,,,,,,,6886.52,0.0,0.0,29.19,0.09,0.06,6887.3,6830.8,6847.73,114.63,,Danieli2017ApJ...837..136D,-9.75,0.1,0.1,6.13,,,,,,,m_101,1,1,19.44,0.1,0.1,Bennet2017ApJ...850..109B,0.1725,0.0113,0.0113,345.08,22.37,22.57,345.08,22.37,22.57,,,,,,,,26.51,,,,,,,0.1725,0.0113333333333333,0.0113333333333333,0.61,0.02,0.02,,,,,,Bennet2017ApJ...850..109B,,Bennet2017ApJ...850..109B,,,,,,,,,,,,,,,,,,,,,,,,,,,,
m_101-df3,M101-DF3,210.77375,53.61555555555556,101.2576531,60.3933359,2600.77,5422.2,2509.51,,,,,,,,,,,,,,,,,,6516.28,0.0,0.0,29.07,0.09,0.08,6517.07,6475.28,6484.21,442.47,,Danieli2017ApJ...837..136D,-8.72,0.1,0.1,5.72,,,,,,,m_101,1,1,20.348,0.1,0.1,Bennet2017ApJ...850..109B,0.3333,0.0433,0.0433,630.14,80.93,81.67,630.14,80.93,81.67,,,,,,,,28.85,,,,,,,0.3333333333333333,0.0433333333333333,0.0433333333333333,0.5,0.12,0.12,,,,,,Bennet2017ApJ...850..109B,,Bennet2017ApJ...850..109B,,,,,,,,,,,,,,,,,,,,,,,,,,,,
m_101-dw1350p5441,dw1350p5441,207.743,54.689,105.4548619,60.3729661,2635.47,5245.6,2232.41,,,,,,,,,,,,,,,,,,6280.58,0.0,0.0,28.99,0.19,0.18,6281.66,6233.01,6244.79,701.36,,Carlsten2022ApJ...933...47C,-12.12,0.1,0.1,7.08,,,,,,,m_101,0,0,16.87,0.1,0.1,Carlsten2022ApJ...933...47C,0.395,0.025,0.025,720.7,45.0,45.42,720.7,45.0,45.42,,,,,,,,25.74,,,,,,,,,,,,,,,,,,Carlsten2022ApJ...933...47C,,,,,,,,,,,,,,,,,,,,,,,,,,,,,,
m_101-dw_9,M101 Dw9,208.9366667,55.146,104.6815221,59.6448893,3121.15,6073.4,2687.76,,,,,,,,,,,,,,,,,,7338.38,0.0,0.0,29.328,0.112,0.112,7339.42,7275.7,7296.79,422.5,,Bennet2019ApJ...885..153B,-8.33,0.2,0.2,5.56,,,,,,,m_101,1,1,21.0,0.2,0.2,Bennet2019ApJ...885..153B,0.18,0.04,0.04,382.47,84.13,84.9,382.47,84.13,84.9,,,,,,,0.37,28.16,,,,,,,,,,,,,,,,,,Bennet2019ApJ...885..153B,,,,,,,,,,,,,,,,,,,,,,,,,,,,,,
m_101-dw_a,M101 DwA,211.708,53.741,100.4813073,59.9774399,2733.06,5651.59,2689.68,,,,,,,,,,,,,,,,,,6829.67,0.0,0.0,29.172,0.084,0.084,6830.42,6782.91,6795.26,154.88,,Bennet2019ApJ...885..153B,-9.57,0.2,0.2,6.06,,,,,,5.75,m_101,1,1,19.6,0.2,0.2,Bennet2019ApJ...885..153B,0.21,0.02,0.02,416.38,39.15,39.51,340.4,35.64,35.63,,,,0.33,0.06,0.06,,26.66,,,,,,,,,,,,,,,,0.051,Bennet2019ApJ...885..153B,Bennet2019ApJ...885..153B,,,,,,,,,,,,,,,,,,,,,,,,,,,,,,
madcash-1,MADCASH-1,115.6641667,65.4166694,150.7980452,29.7825678,2873.69,1756.09,-495.8,,,,,,,,,,,,,,,,,,3404.08,0.0,0.0,27.66,0.15,0.15,3410.24,3073.73,3219.82,215.6,,Carlin2021ApJ...909..211C,-7.81,0.18,0.18,5.36,,,,,,4.85,ngc_2403,1,1,19.85,0.18,0.18,Carlin2021ApJ...909..211C,0.18,0.0167,0.0167,177.9,16.26,16.41,153.11,17.8,18.03,0.0,19.0,19.0,0.25,0.11,0.11,,26.69,,,,,,,,,,,,,,,,0.026,Carlin2021ApJ...909..211C,Carlin2021ApJ...909..211C,,,-2.0,,,isochrone,,,,,,,,,-2.0,,,Carlin2021ApJ...909..211C,,,,,,,,,,,,
madcash-2,MADCASH-2,182.5280833,35.44293889,167.0583654,77.8863243,548.02,2955.67,13.0,,,,,,,,,,,,,,,,,,3006.08,0.0,0.0,27.39,0.11,0.09,3007.75,3268.5,3115.94,201.24,,Carlin2021ApJ...909..211C,-9.15,0.12,0.12,5.89,,,,,,4.69,ngc_4214,1,1,18.24,0.12,0.12,Carlin2021ApJ...909..211C,0.15,0.0083,0.0083,131.01,7.18,7.25,117.87,7.46,7.42,76.0,11.0,11.0,0.19,0.05,0.05,,24.78,,,,,,,,,,,,,,,,0.023,Carlin2021ApJ...909..211C,Carlin2021ApJ...909..211C,,,-2.0,,,isochrone,,,,,,,,,-2.0,,,Carlin2021ApJ...909..211C,,,,,,,,,,,,
maps_1231p42,MAPS 1231+42,187.787,42.094,137.1170191,74.4707662,2176.17,7782.92,871.66,,,,,,,,563.1,17.0,17.0,,,,,612.81,602.45,Kovac2009MNRAS.400..743K,8128.31,0.0,0.0,29.55,,,8129.9,8253.61,8181.99,,,Tikhonov2022AstBu..77..388T,-12.13,0.1,0.1,7.09,,,,,6.51,,,1,1,17.42,0.1,0.1,Carlsten2022ApJ...933...47C,0.1333,0.0083,0.0083,314.85,19.41,19.59,314.85,19.41,19.59,,,,,,,,23.93,,,,,,,,,,,,,0.209,,,,Kovac2009MNRAS.400..743K,Carlsten2022ApJ...933...47C,,,,,,,,,,,,,,,,,,,,,,,,,,,,,,
maps_1249p44,MAPS 1249+44,192.38,44.36,124.0889171,72.7639436,2187.62,7144.24,1310.78,,,,,,,,513.3,17.0,17.0,,,,,578.86,572.24,Kovac2009MNRAS.400..743K,7585.78,0.0,0.0,29.4,,,7587.13,7683.88,7625.11,,,Karachentsev2013AJ....145..101K,-12.64,0.09,0.09,7.29,,,,,7.06,,,1,1,16.76,0.09,0.09,Carlsten2022ApJ...933...47C,0.1383,0.0083,0.0083,304.87,18.12,18.28,304.87,18.12,18.28,,,,,,,,23.35,,,,,,,,,,,,,0.839,,,,Kovac2009MNRAS.400..743K,Carlsten2022ApJ...933...47C,,,,,,,,,,,,,,,,,,,,,,,,,,,,,,
mcg+06-27-017,MCG+06-27-017,182.485,36.435278,163.7527346,77.1950564,963.53,4756.05,45.89,,,,,,,,325.0,1.0,1.0,,,,,345.07,326.54,Karachentsev2024A&A...684L..24K,4852.89,0.0,0.0,28.43,0.13,0.13,4854.62,5070.64,4947.75,,trgb,Tully2009AJ....138..323T,-13.49,0.09,0.09,7.63,,,,,6.9,,,1,1,14.94,0.09,0.09,Carlsten2021ApJ...922..267C,0.1875,0.0095,0.0095,264.41,13.21,13.33,175.37,9.76,9.63,,,,0.56,0.02,0.02,,21.3,,,,,,,,,,,,,1.43,,,,Karachentsev2024A&A...684L..24K,Carlsten2021ApJ...922..267C,,,,,,,,,,,,,,,,,,,,,,,,,,,,,,
mcg+09-20-131,MCG+09-20-131,183.944583,52.3875,135.3345688,63.8735663,2030.15,4108.71,527.65,,,,,,,,159.0,1.7,1.7,,,,,237.97,241.82,Begum2008MNRAS.386.1667B,4613.18,0.0,0.0,28.32,0.09,0.09,4615.73,4626.54,4603.53,,trgb,Tully2009AJ....138..323T,-13.29,0.09,0.09,7.55,,,,,7.37,,,1,1,15.03,0.09,0.09,Carlsten2021ApJ...922..267C,0.232,0.0118,0.0118,311.0,15.65,15.79,246.86,13.13,13.12,,,,0.37,0.02,0.02,,22.24,,,,,,,,,,,,,4.7,0.5,0.5,,Begum2008MNRAS.386.1667B,Carlsten2021ApJ...922..267C,,,,,,,,,,,,,,,,,,,,,,,,,,,,,,
mcg-04-31-038,MCG-04-31-038,197.4025,-27.14075,307.9022508,35.555561,-7021.48,5185.94,-603.73,,,,,,,,683.9,18.0,18.0,,,,,537.21,460.75,Doyle2005MNRAS.361...34D,8749.84,0.0,0.0,29.71,0.16,0.16,8745.78,9501.22,9124.99,,,Tully2009AJ....138..323T,-15.37,,,8.38,,,,,8.08,,,1,1,14.34,,,Muller2017A&A...597A...7M,0.2383,,,606.61,,,606.61,,,,,,,,,,22.12,,,,,,,,,,,,,6.61,,,,Karachentsev2013AJ....145..101K,Muller2017A&A...597A...7M,,,,,,,,,,,,,,,,,,,,,,,,,,,,,,
mkt_j125225.4-124304.1,MKT J125225.4-124304.1,193.1058333333333,-12.717777777777778,303.3069819,50.1532522,-1792.52,2250.22,-202.54,,,,,,,,402.0,,,,,,,281.0,210.7,deBlok2024A&A...688A.109D,2884.03,0.0,0.0,27.3,,,2881.18,3584.74,3230.05,,,Karachentsev2013AJ....145..101K,-10.52,,,6.44,,,,,,,,0,0,16.78,,,Karachentsev2013AJ....145..101K,,,,,,,,,,,,,,,,,,,,,,,,,,,,,,,,,,deBlok2024A&A...688A.109D,,,,,,,,,,,,,,,,,,,,,,,,,,,,,,,
n_2146_sat,N2146sat,96.055,77.964722,136.147108,25.0857263,4082.0,1890.14,297.01,,,,,,,,,,,,,,,,,,4508.17,0.0,0.0,28.27,,,4513.48,4040.16,4262.95,1467.21,,Karachentsev2013AJ....145..101K,-11.49,,,6.83,,,,,,,m_081,0,0,16.78,,,Karachentsev2013AJ....145..101K,,,,,,,,,,,,,,,,,,,,,,,,,,,,,,,,,,,,,,,,,,,,,,,,,,,,,,,,,,,,,,,,,
ngc_0024,NGC 24,2.485,-24.963333,43.689538,-80.4343285,-77.99,-7299.39,411.46,,,,,,,,553.0,2.0,2.0,,,,,575.07,608.89,Makarov2014A&A...570A..13M,7311.39,0.0,0.0,29.32,0.02,0.02,7310.42,7040.08,7166.52,,trgb,Tully2009AJ....138..323T,-18.5,,,9.63,,,,,8.62,,,1,1,10.82,,,Makarov2014A&A...570A..13M,,,,,,,,,,,,,,,,,,,,,,,,,,,,,,33.4,,,,Makarov2014A&A...570A..13M,,,,,,,,,,,,,,,,,,,,,,,,,,,,,,,
ngc_0045,NGC 45,3.51625,-23.182222,55.9017737,-80.6716468,159.61,-6626.97,336.51,,,,,,,,466.0,2.0,2.0,,,,,492.46,528.51,Makarov2014A&A...570A..13M,6637.43,0.0,0.0,29.11,0.08,0.08,6636.7,6345.79,6481.64,,trgb,Tully2009AJ....138..323T,-18.75,,,9.73,,,,,9.32,,,1,1,10.36,,,Makarov2014A&A...570A..13M,,,,,,,,,,,,,,,,,,,,,,,,,,,,,,199.5,,,,Makarov2014A&A...570A..13M,,,,,,,,,,,,,,,,,,,,,,,,,,,,,,,
ngc_0059,NGC 59,3.854583,-21.44389,65.7125445,-80.0214982,267.08,-4883.06,269.67,,,,,,,,361.0,2.0,2.0,,,,,393.05,431.25,Huchtmeier2000A&AS..141..469H,4897.79,0.0,0.0,28.45,0.03,0.03,4897.22,4598.07,4734.42,,trgb,Tully2009AJ....138..323T,-15.88,,,8.59,,,,,7.34,,,1,1,12.57,,,Karachentsev2013AJ....145..101K,0.4783,0.01,0.01,681.19,14.04,14.17,569.93,11.74,11.85,302.0,,,0.3,,,,21.47,,,,,,,,,,,,,3.84,,,,Huchtmeier2000A&AS..141..469H,Li2026ApJS..282...16L,,,,,,,,,,,,,,,,,,,,,,,,,,,,,,
ngc_0247,NGC 247,11.78562,-20.76039,113.9472508,-83.5570724,382.56,-3687.69,-241.69,,,,,,,,153.0,5.0,5.0,,,,,169.87,207.94,Westmeier2017MNRAS.472.4832W,3715.35,0.0,0.0,27.85,0.02,0.02,3715.73,3420.75,3549.94,376.75,,Jacobs2009AJ....138..332J,-18.6,0.09,0.09,9.67,,,,,9.3,,ngc_0253,1,1,9.25,0.09,0.09,Carlsten2022ApJ...933...47C,3.9533,0.185,0.185,4268.44,197.0,198.81,4268.44,197.0,198.81,,,,,,,,23.12,,,,,,,,,,,,,607.0,61.0,61.0,,Westmeier2017MNRAS.472.4832W,Carlsten2022ApJ...933...47C,,,,,,,,,,,,,,,,,,,,,,,,,,,,,,
ngc_0253-sculptor_26,Sculptor 26,10.0609167,-17.8259111,106.8404894,-80.3460734,463.14,-3171.72,-76.48,,,,,,,,,,,,,,,,,,3206.27,0.0,0.0,27.53,0.09,0.09,3206.67,2885.49,3025.31,515.96,trgb,Fielder2025arXiv251202118F,-11.25,0.1,0.1,6.73,,,,,,6.11,ngc_0253,1,1,16.28,0.1,0.1,Fielder2025arXiv251202118F,0.2998,0.0045,0.0045,279.56,4.14,4.17,230.49,4.83,4.79,-3.95,2.79,2.79,0.32,0.02,0.02,,24.13,,,,,,,,,,,,,,,,0.53,Fielder2025arXiv251202118F,Fielder2025arXiv251202118F,,,,,,,,,,,,,,,,,,,,,,,,,,,,,,
ngc_0253-snfc-dw1,NGC253-SNFC-dw1,12.165333333333333,-26.56352777777778,75.1341431,-89.1618589,24.63,-3596.9,-351.31,,,,,,,,,,,,,,,,,,3614.1,0.0,0.0,27.79,0.12,0.12,3614.08,3398.26,3486.31,167.26,,Okamoto2024ApJ...967L..24O,-11.7,0.2,0.2,6.91,,,,,,,ngc_0253,0,0,16.09,0.2,0.2,Okamoto2024ApJ...967L..24O,3.2,0.16,0.16,3360.67,165.73,167.26,3258.29,160.68,162.16,104.8,,,0.06,,,,29.44,,,,,,,3.2,0.16,0.16,0.45,0.04,0.04,,,,,,Okamoto2024ApJ...967L..24O,,Okamoto2024ApJ...967L..24O,-1.51,0.1,0.1,isochrone,,,,,,,,,-1.51,0.1,0.1,Okamoto2024ApJ...967L..24O,,,,,,,,,10.0,,,Okamoto2024ApJ...967L..24O
ngc_0253_dw0036m2828,dw0036m2828,9.12783,-28.46933,9.9587328,-86.4372458,-142.22,-3757.38,-229.07,,,,,,,,,,,,,,,,,,3767.04,0.0,0.0,27.88,0.2,0.2,3766.55,3573.36,3650.91,392.61,,MutluPakdil2024ApJ...966..188M,-8.75,0.35,0.35,5.73,,,,,,5.21,ngc_0253,1,1,19.13,0.35,0.35,MutluPakdil2024ApJ...966..188M,0.3063,0.04,0.04,334.77,43.19,43.58,232.15,94.0,77.78,56.0,9.0,9.0,0.38,0.9,0.9,,26.65,,,,,,,,,,,,,,,,0.048,MutluPakdil2024ApJ...966..188M,MutluPakdil2024ApJ...966..188M,,,,,,,,,,,,,,,,,,,,,,,,,,,,,,
ngc_0404,NGC 404,17.36208333333333,35.7175,127.0344755,-27.0107384,2610.57,-1396.9,324.29,,,,,,,,-49.0,9.0,9.0,,,,,115.21,193.75,Huchra1999ApJS..121..287H,2978.52,0.0,0.0,27.37,0.02,0.02,2982.88,2211.52,2594.35,,,Tully2009AJ....138..323T,-16.74,,,8.93,,,,,7.91,,,1,1,10.63,,,Karachentsev2013AJ....145..101K,,,,,,,,,,,,,,,,,,,,,,,,,,,,,,38.726,,,,Karachentsev2013AJ....145..101K,,,,,,,,,,,,,,,,,,,,,,,,,,,,,,,
ngc_0625,NGC 625,23.77083,-41.436389,273.6742173,-73.1206314,-843.49,-3732.72,-1224.29,,,,,,,,395.4,18.0,18.0,,,,,317.03,324.97,Doyle2005MNRAS.361...34D,4017.91,0.0,0.0,28.02,0.03,0.03,4017.77,4005.63,3992.95,,,Tully2009AJ....138..323T,-16.81,,,8.96,,,,,8.0,,,1,1,11.21,,,Karachentsev2013AJ....145..101K,1.2783,0.3583,0.3583,1485.64,412.44,416.24,1060.96,294.54,297.26,90.0,,,0.49,,,,21.89,,,,,,,,,,,,,26.303,,,,Doyle2005MNRAS.361...34D,Li2026ApJS..282...16L,,,,,,,,,,,,,,,,,,,,,,,,,,,,,,
ngc_0628-dw0132p1422,dw0132+1422,23.249,14.374,137.8566989,-47.2898651,6628.26,-7130.85,-846.42,,,,,,,,669.0,10.0,10.0,,,,,768.57,836.77,Haynes2011AJ....142..170H,9772.37,,,29.95,,,9776.46,9101.4,9434.89,284.88,host,,-14.02,0.09,0.09,7.84,,,,,8.06,,ngc_0628,1,1,15.93,0.09,0.09,Carlsten2022ApJ...933...47C,0.2517,0.0133,0.0133,714.62,37.34,37.69,714.62,37.34,37.69,,,,,,,,23.82,,,,,,,,,,,,,5.07,0.06,0.06,,Haynes2011AJ....142..170H,Carlsten2022ApJ...933...47C,,,,,,,,,,,,,,,,,,,,,,,,,,,,,,
ngc_0628-dw0133p1543,dw0133p1543,23.484,15.731,137.7110557,-45.917664,6373.95,-6537.41,-762.22,,,,,,,,,,,,,,,,,,9162.2,0.0,0.0,29.81,0.23,0.22,9166.39,8483.48,8820.85,619.96,sbf,Carlsten2022ApJ...933...47C,-10.34,0.14,0.14,6.37,,,,,,,ngc_0628,1,1,19.47,0.14,0.14,Carlsten2022ApJ...933...47C,0.08,0.01,0.01,212.66,26.26,26.5,212.66,26.26,26.5,,,,,,,,24.87,,,,,,,,,,,,,,,,,,Carlsten2022ApJ...933...47C,,,,,,,,,,,,,,,,,,,,,,,,,,,,,,
ngc_0628-dw0134p1438,dw0134+1438,23.674,14.644,138.3480387,-46.9288088,6672.64,-7082.85,-899.07,,,,,,,,731.0,16.0,16.0,,,,,830.2,898.4,Haynes2011AJ....142..170H,9772.37,,,29.95,,,9776.52,9100.61,9434.51,211.43,host,,-13.01,0.09,0.09,7.44,,,,,7.37,,ngc_0628,1,1,16.94,0.09,0.09,Carlsten2022ApJ...933...47C,0.175,0.01,0.01,496.88,28.01,28.27,496.88,28.01,28.27,,,,,,,,24.04,,,,,,,,,,,,,1.05,0.04,0.04,,Haynes2011AJ....142..170H,Carlsten2022ApJ...933...47C,,,,,,,,,,,,,,,,,,,,,,,,,,,,,,
ngc_0628-dw0134p1544,dw0134p1544,23.554,15.746,137.8000286,-45.8871509,7322.23,-7500.82,-886.04,,,,,,,,,,,,,,,,,,10519.62,0.0,0.0,30.11,0.19,0.18,10523.81,9839.89,10178.05,754.66,sbf,Carlsten2022ApJ...933...47C,-12.68,0.1,0.1,7.31,,,,,,,ngc_0628,1,1,17.43,0.1,0.1,Carlsten2022ApJ...933...47C,0.3533,0.0217,0.0217,1079.84,65.33,65.93,1079.84,65.33,65.93,,,,,,,,26.06,,,,,,,,,,,,,,,,,,Carlsten2022ApJ...933...47C,,,,,,,,,,,,,,,,,,,,,,,,,,,,,,
ngc_0628-dw0136p1628,dw0136p1628,24.084,16.47,138.255621,-45.061686,6682.9,-6646.03,-840.01,,,,,,,,550.0,60.0,60.0,,,,,653.2,722.34,Karachentsev2025MNRAS.537L..21K,9462.37,0.0,0.0,29.88,0.18,0.16,9466.65,8780.17,9119.41,330.84,sbf,Carlsten2022ApJ...933...47C,-12.52,0.1,0.1,7.24,,,,,,,ngc_0628,1,1,17.36,0.1,0.1,Carlsten2022ApJ...933...47C,0.1217,0.0083,0.0083,334.41,22.6,22.81,334.41,22.6,22.81,,,,,,,,23.67,,,,,,,,,,,,,,,,,,Carlsten2022ApJ...933...47C,,,,,,,,,,,,,,,,,,,,,,,,,,,,,,
ngc_0628-dw0137p1607,dw0137p1607,24.416,16.132,138.813047,-45.3095369,6353.14,-6367.53,-866.25,,,,,,,,,,,,,,,,,,9036.49,0.0,0.0,29.78,0.29,0.28,9040.8,8357.6,8695.03,739.06,sbf,Carlsten2022ApJ...933...47C,-10.12,0.15,0.15,6.28,,,,,,,ngc_0628,1,1,19.66,0.15,0.15,Carlsten2022ApJ...933...47C,0.185,0.025,0.025,484.93,64.75,65.34,484.93,64.75,65.34,,,,,,,,26.88,,,,,,,,,,,,,,,,,,Carlsten2022ApJ...933...47C,,,,,,,,,,,,,,,,,,,,,,,,,,,,,,
ngc_0628-dw0138p1458,dw0138+1458,24.502,14.982,139.3523164,-46.3996348,5947.75,-6188.77,-892.55,,,,,,,,743.0,1.0,1.0,,,,,840.95,909.01,Haynes2011AJ....142..170H,8629.79,0.0,0.0,29.68,0.2,0.21,8634.04,7958.94,8292.09,1150.97,sbf,Carlsten2022ApJ...933...47C,-13.19,0.09,0.09,7.51,,,,,6.99,,ngc_0628,1,1,16.49,0.09,0.09,Carlsten2022ApJ...933...47C,0.14,0.0083,0.0083,351.01,20.61,20.8,351.01,20.61,20.8,,,,,,,,23.11,,,,,,,,,,,,,0.56,0.05,0.05,,Haynes2011AJ....142..170H,Carlsten2022ApJ...933...47C,,,,,,,,,,,,,,,,,,,,,,,,,,,,,,
ngc_0628-dw0139p1433,dw0139p1433,24.961,14.556,140.1392519,-46.6921003,7409.1,-7782.08,-1222.47,,,,,,,,,,,,,,,,,,10814.34,0.0,0.0,30.17,0.17,0.18,10818.62,10145.54,10478.11,1073.83,sbf,Carlsten2022ApJ...933...47C,-12.24,0.1,0.1,7.13,,,,,,,ngc_0628,1,1,17.93,0.1,0.1,Carlsten2022ApJ...933...47C,0.0817,0.005,0.005,256.58,15.5,15.64,256.58,15.5,15.64,,,,,,,,23.38,,,,,,,,,,,,,,,,,,Carlsten2022ApJ...933...47C,,,,,,,,,,,,,,,,,,,,,,,,,,,,,,
ngc_0628-dw0140p1556,dw0140p1556,25.04,15.939,139.7080816,-45.3397477,8289.58,-8307.19,-1260.59,,,,,,,,,,,,,,,,,,11803.21,0.0,0.0,30.36,0.23,0.26,11807.56,11125.14,11462.64,2037.05,sbf,Carlsten2022ApJ...933...47C,-11.41,0.11,0.11,6.8,,,,,,,ngc_0628,1,1,18.95,0.11,0.11,Carlsten2022ApJ...933...47C,0.1317,0.01,0.01,451.36,33.83,34.14,451.36,33.83,34.14,,,,,,,,25.43,,,,,,,,,,,,,,,,,,Carlsten2022ApJ...933...47C,,,,,,,,,,,,,,,,,,,,,,,,,,,,,,
ngc_0628-dwa,NGC 628-dwA,24.324167,15.632778,138.8718866,-45.8148361,7064.33,-7206.09,-984.46,,,,,,,,497.0,50.0,50.0,,,,,597.24,665.78,Karachentsev2025MNRAS.537L..21K,10139.11,0.0,0.0,30.03,0.39,0.37,10143.38,9462.23,9798.85,368.59,sbf,Carlsten2022ApJ...933...47C,-12.45,0.1,0.1,7.21,,,,,,,ngc_0628,1,1,17.58,0.1,0.1,Carlsten2022ApJ...933...47C,0.1283,0.0083,0.0083,377.99,24.22,24.44,377.99,24.22,24.44,,,,,,,,24.01,,,,,,,,,,,,,,,,,,Carlsten2022ApJ...933...47C,,,,,,,,,,,,,,,,,,,,,,,,,,,,,,
ngc_0628-dwb,NGC 628-dwB,24.096667,15.964722,138.4494372,-45.5483808,6842.44,-6919.34,-896.06,,,,,,,,,,,,,,,,,,9772.37,,,29.95,,,9776.63,9093.11,9430.89,32.79,host,,-7.72,0.13,0.13,5.32,,,,,,,ngc_0628,1,1,22.23,0.13,0.13,Davis2021MNRAS.500.3854D,0.0583,0.0003,0.0003,165.8,0.93,0.94,165.8,0.93,0.94,,,,,,,,26.95,,,,,,,,,,,,,,,,,,Davis2021MNRAS.500.3854D,,,,,,,,,,,,,,,,,,,,,,,,,,,,,,
ngc_0628-kdg_010,KDG010,25.900833,15.693611,140.9370754,-45.3465896,6053.41,-6060.13,-1050.85,,,,,,,,789.0,1.0,1.0,,,,,885.2,953.11,Haynes2011AJ....142..170H,8629.79,0.0,0.0,29.68,0.16,0.17,8634.22,7958.04,8291.65,1173.39,sbf,Carlsten2022ApJ...933...47C,-14.44,0.09,0.09,8.01,,,,,7.8,,ngc_0628,1,1,15.24,0.09,0.09,Carlsten2022ApJ...933...47C,0.5717,0.03,0.03,1433.5,74.2,74.88,1433.5,74.2,74.88,,,,,,,,24.91,,,,,,,,,,,,,3.57,,,,Haynes2011AJ....142..170H,Carlsten2022ApJ...933...47C,,,,,,,,,,,,,,,,,,,,,,,,,,,,,,
ngc_0784,NGC 784,30.32,28.843611,140.9013989,-31.5794341,4566.37,-2764.22,-589.67,,,,,,,,193.0,1.0,1.0,,,,,312.35,384.58,Haynes2011AJ....142..170H,5370.32,0.0,0.0,28.65,0.02,0.02,5375.69,4649.72,5007.96,,trgb,Tully2009AJ....138..323T,-17.0,,,9.03,,,,,8.53,,,1,1,11.65,,,Karachentsev2013AJ....145..101K,,,,,,,,,,,,,,,,,,,,,,,,,,,,,,49.7,,,,Haynes2011AJ....142..170H,,,,,,,,,,,,,,,,,,,,,,,,,,,,,,,
ngc_0784-dw0158+3018,dw0158+3018,29.727917,30.313889,139.8045655,-30.3375713,4630.75,-2674.36,-494.28,,,,,,,,,,,,,,,,,,5370.32,,,28.65,,,5375.68,4642.57,5004.64,146.01,host,,-10.74,,,6.53,,,,,,,ngc_0784,0,0,17.91,,,Karachentsev2013AJ....145..101K,0.67,,,1046.65,,,1046.65,,,,,,,,,,27.93,,,,,,,,,,,,,,,,,,Karachentsev2022AstBu..77..372K,,,,,,,,,,,,,,,,,,,,,,,,,,,,,,
ngc_0891,NGC 891,35.6367,42.3467,140.3825631,-17.4168669,9484.56,-2906.41,-824.1,,,,,,,,526.0,7.0,7.0,,,,,663.62,736.25,StaveleySmith1987MNRAS.224..953S,9954.05,0.0,0.0,29.99,0.07,0.07,9960.03,9221.51,9586.94,,,Tully2009AJ....138..323T,-20.61,,,10.48,,,,,9.66,,,1,1,9.38,,,Karachentsev2013AJ....145..101K,,,,,,,,,,,,,,,,,,,,,,,,,,,,,,194.1,,,,Karachentsev2013AJ....145..101K,,,,,,,,,,,,,,,,,,,,,,,,,,,,,,,
ngc_0891-tt2009_25,[TT2009] 25,35.301,42.364,140.1333129,-17.489694,9793.52,-3018.73,-809.93,,,,,,,,692.0,58.0,58.0,,,,,830.37,903.16,Karachentsev2015Ap.....58..309K,10280.16,0.0,0.0,30.06,0.23,0.4,10286.11,9546.36,9912.48,329.05,,Muller2019A&A...629L...2M,-12.8,0.1,0.1,7.35,,,,,,,ngc_0891,1,1,17.26,0.1,0.1,Carlsten2022ApJ...933...47C,0.1717,0.01,0.01,512.73,29.46,29.73,512.73,29.46,29.73,,,,,,,,24.32,,,,,,,,,,,,,,,,,,Carlsten2022ApJ...933...47C,,,,,,,,,,,,,,,,,,,,,,,,,,,,,,
ngc_0891-tt2009_30,[TT2009] 30,35.73,42.712,140.3114371,-17.051413,9815.32,-2940.61,-833.11,,,,,,,,,,,,,,,,,,10280.16,0.0,0.0,30.06,0.31,0.31,10286.14,9547.69,9913.12,332.65,,Carlsten2022ApJ...933...47C,-12.89,0.1,0.1,7.39,,,,,,,ngc_0891,1,1,17.17,0.1,0.1,Carlsten2022ApJ...933...47C,0.38,0.0233,0.0233,1134.9,68.75,69.38,1134.9,68.75,69.38,,,,,,,,25.96,,,,,,,,,,,,,,,,,,Carlsten2022ApJ...933...47C,,,,,,,,,,,,,,,,,,,,,,,,,,,,,,
ngc_1023-dw0235p3850,dw0235p3850,38.976,38.836,144.2858404,-19.665365,10932.74,-3765.78,-1751.26,,,,,,,,,,,,,,,,,,11694.99,0.0,0.0,30.34,0.17,0.17,11701.21,10977.49,11335.3,1316.88,sbf,Carlsten2022ApJ...933...47C,-13.51,0.15,0.15,7.64,,,,,,,ngc_1023,1,1,16.83,0.15,0.15,Carlsten2022ApJ...933...47C,0.1567,0.025,0.025,531.21,83.8,84.57,531.21,83.8,84.57,,,,,,,,23.69,,,,,,,,,,,,,,,,,,Carlsten2022ApJ...933...47C,,,,,,,,,,,,,,,,,,,,,,,,,,,,,,
ngc_1023-dw0237p3836,dw0237p3836,39.414,38.6,144.7204924,-19.7362916,9865.62,-3407.0,-1657.77,,,,,,,,,,,,,,,,,,10568.18,0.0,0.0,30.12,0.18,0.16,10574.42,9853.23,10209.6,220.47,sbf,Carlsten2022ApJ...933...47C,-12.13,0.17,0.17,7.09,,,,,,,ngc_1023,1,1,17.99,0.17,0.17,Carlsten2022ApJ...933...47C,0.1783,0.02,0.02,546.95,60.58,61.14,546.95,60.58,61.14,,,,,,,,25.13,,,,,,,,,,,,,,,,,,Carlsten2022ApJ...933...47C,,,,,,,,,,,,,,,,,,,,,,,,,,,,,,
ngc_1023-dw0237p3855,dw0237p3855,39.328,38.933,144.5068876,-19.4626268,6592.78,-2242.84,-1078.94,,,,,,,,,,,,,,,,,,7046.93,0.0,0.0,29.24,0.16,0.14,7053.17,6333.52,6688.5,3343.95,sbf,Carlsten2022ApJ...933...47C,-15.12,0.1,0.1,8.28,,,,,,,ngc_1023,1,1,14.12,0.1,0.1,Carlsten2022ApJ...933...47C,0.4517,0.0467,0.0467,923.88,94.25,95.12,923.88,94.25,95.12,,,,,,,,23.28,,,,,,,,,,,,,,,,,,Carlsten2022ApJ...933...47C,,,,,,,,,,,,,,,,,,,,,,,,,,,,,,
ngc_1023-dw0239p3902,dw0239p3902,39.946,39.047,144.9163202,-19.155349,10801.52,-3604.31,-1838.88,,,,,,,,,,,,,,,,,,11534.53,0.0,0.0,30.31,0.22,0.22,11540.81,10820.72,11176.61,1145.14,sbf,Carlsten2022ApJ...933...47C,-9.82,0.09,0.09,6.16,,,,,,,ngc_1023,1,1,20.49,0.09,0.09,Carlsten2022ApJ...933...47C,0.085,0.005,0.005,284.85,16.53,16.68,284.85,16.53,16.68,,,,,,,,26.02,,,,,,,,,,,,,,,,,,Carlsten2022ApJ...933...47C,,,,,,,,,,,,,,,,,,,,,,,,,,,,,,
ngc_1023-dw0239p3903,dw0239p3903,39.843,39.055,144.8361687,-19.182377,8081.53,-2701.72,-1364.8,,,,,,,,,,,,,,,,,,8629.79,0.0,0.0,29.68,0.43,0.41,8636.06,7917.01,8271.99,1760.15,sbf,Carlsten2022ApJ...933...47C,-9.69,0.49,0.49,6.11,,,,,,,ngc_1023,1,1,19.99,0.49,0.49,Carlsten2022ApJ...933...47C,0.1333,0.0183,0.0183,333.75,45.35,45.76,333.75,45.35,45.76,,,,,,,,26.5,,,,,,,,,,,,,,,,,,Carlsten2022ApJ...933...47C,,,,,,,,,,,,,,,,,,,,,,,,,,,,,,
ngc_1023-dw0239p3926,dw0239p3926,39.832,39.434,144.6568336,-18.8433106,10198.95,-3344.06,-1682.48,,,,,,,,,,,,,,,,,,10864.26,0.0,0.0,30.18,0.14,0.14,10870.53,10149.71,10505.91,481.12,sbf,Carlsten2022ApJ...933...47C,-12.11,0.14,0.14,7.08,,,,,,,ngc_1023,1,1,18.07,0.14,0.14,Carlsten2022ApJ...933...47C,0.3583,0.0333,0.0333,1130.25,103.79,104.75,1130.25,103.79,104.75,,,,,,,,26.73,,,,,,,,,,,,,,,,,,Carlsten2022ApJ...933...47C,,,,,,,,,,,,,,,,,,,,,,,,,,,,,,
ngc_1023-dw0240p3854,dw0240p3854,40.137,38.9,145.1252368,-19.2241083,10497.62,-3514.57,-1827.64,,,,,,,,,,,,,,,,,,11220.18,0.0,0.0,30.25,0.09,0.09,11226.48,10507.5,10862.78,831.14,sbf,Carlsten2022ApJ...933...47C,-13.47,0.03,0.03,7.62,,,,,,,ngc_1023,1,1,16.78,0.03,0.03,Carlsten2022ApJ...933...47C,0.0983,0.0017,0.0017,320.83,5.36,5.41,320.83,5.36,5.41,,,,,,,,22.63,,,,,,,,,,,,,,,,,,Carlsten2022ApJ...933...47C,,,,,,,,,,,,,,,,,,,,,,,,,,,,,,
ngc_1023-dw0240p3903,dw0240p3903,40.154,39.059,145.0651598,-19.074995,9730.72,-3230.02,-1680.59,,,,,,,,,,,,,,,,,,10389.63,,,30.083,,,10395.92,9677.15,10032.23,7.65,host,,-15.47,0.09,0.09,8.42,,,,,,,ngc_1023,0,0,14.61,0.09,0.09,Carlsten2022ApJ...933...47C,0.6767,,,2045.04,,,2045.04,,,,,,,,,,24.65,,,,,,,,,,,,,,,,,,Carlsten2022ApJ...933...47C,,,,,,,,,,,,,,,,,,,,,,,,,,,,,,
ngc_1023-dw0240p3922,dw0240p3922,40.165,39.379,144.9273029,-18.7826458,10875.39,-3549.51,-1844.79,,,,,,,,,,,,,,,,,,11587.77,0.0,0.0,30.32,0.2,0.22,11594.07,10874.38,11230.06,1199.71,sbf,Carlsten2022ApJ...933...47C,-13.52,0.07,0.07,7.64,,,,,,,ngc_1023,1,1,16.8,0.07,0.07,Carlsten2022ApJ...933...47C,0.19,0.0167,0.0167,639.28,55.35,55.86,639.28,55.35,55.86,,,,,,,,24.08,,,,,,,,,,,,,,,,,,Carlsten2022ApJ...933...47C,,,,,,,,,,,,,,,,,,,,,,,,,,,,,,
ngc_1023-dw0241p3904,dw0241p3904,40.251,39.073,145.130595,-19.0298009,11630.44,-3849.44,-2021.06,,,,,,,,,,,,,,,,,,12416.52,0.0,0.0,30.47,0.09,0.09,12422.82,11703.63,12059.12,2027.03,sbf,Carlsten2022ApJ...933...47C,-14.69,0.03,0.03,8.11,,,,,,,ngc_1023,1,1,15.78,0.03,0.03,Carlsten2022ApJ...933...47C,0.2717,0.0067,0.0067,980.71,23.72,23.94,980.71,23.72,23.94,,,,,,,,23.84,,,,,,,,,,,,,,,,,,Carlsten2022ApJ...933...47C,,,,,,,,,,,,,,,,,,,,,,,,,,,,,,
ngc_1023-dw0242p3838,dw0242p3838,40.603,38.635,145.593959,-19.3044336,9212.54,-3094.13,-1682.31,,,,,,,,,,,,,,,,,,9862.79,0.0,0.0,29.97,0.22,0.25,9869.12,9153.12,9506.68,536.72,sbf,Carlsten2022ApJ...933...47C,-9.48,0.17,0.17,6.03,,,,,,,ngc_1023,1,1,20.49,0.17,0.17,Carlsten2022ApJ...933...47C,0.09,0.0,0.0,258.21,0.0,0.0,258.21,0.0,0.0,,,,,,,,26.15,,,,,,,,,,,,,,,,,,Carlsten2022ApJ...933...47C,,,,,,,,,,,,,,,,,,,,,,,,,,,,,,
ngc_1042,NGC 1042,40.099892,-8.433514,182.0765987,-58.1683843,6665.89,-14290.16,-8221.01,,,,,,,,1371.0,1.0,1.0,,,,,1352.9,1392.41,Makarov2014A&A...570A..13M,17782.79,0.0,0.0,31.25,0.89,0.89,17787.08,17367.21,17571.96,,,Makarov2014A&A...570A..13M,-20.65,,,10.49,,,,,9.46,,,1,1,10.6,,,Makarov2014A&A...570A..13M,,,,,,,,,,,,,,,,,,,,,,,,,,,,,,38.37,,,,Makarov2014A&A...570A..13M,,,,,,,,,,,,,,,,,,,,,,,,,,,,,,,
ngc_1291-dw01,N1291-DW1,49.857917,-40.063056,245.4929939,-56.8748662,-1543.15,-7037.58,-5523.13,,,,,,,,,,,,,,,,,,9078.21,,,29.79,,,9080.05,9094.72,9078.17,177.45,host,,-12.58,,,7.27,,,,,,,ngc_1291,0,0,17.21,,,Byun2020ApJ...891...18B,0.1883,0.0038,0.0038,497.13,9.97,10.07,497.13,9.97,10.07,,,,,,,,24.47,,,,,,,,,,,,,,,,,,Byun2020ApJ...891...18B,,,,,,,,,,,,,,,,,,,,,,,,,,,,,,
ngc_1291-dw02,N1291-DW2,48.791,-40.667,246.9041814,-57.5393001,-1399.51,-6105.68,-4644.95,,,,,,,,,,,,,,,,,,7798.3,0.0,0.0,29.46,0.21,0.19,7800.02,7822.29,7800.66,1282.93,sbf,Carlsten2022ApJ...933...47C,-12.0,0.1,0.1,7.03,,,,,,,ngc_1291,1,1,17.46,0.1,0.1,Carlsten2022ApJ...933...47C,0.3367,0.025,0.025,762.53,55.88,56.39,762.53,55.88,56.39,,,,,,,,25.98,,,,,,,,,,,,,,,,,,Carlsten2022ApJ...933...47C,,,,,,,,,,,,,,,,,,,,,,,,,,,,,,
ngc_1291-dw03,N1291-DW3,49.372,-40.973,247.2681814,-57.0410382,-1310.86,-5505.33,-4253.44,,,,,,,,,,,,,,,,,,7079.46,0.0,0.0,29.25,0.34,0.34,7081.17,7113.77,7086.01,1998.84,sbf,Carlsten2022ApJ...933...47C,-13.12,0.09,0.09,7.48,,,,,,,ngc_1291,1,1,16.13,0.09,0.09,Carlsten2022ApJ...933...47C,0.4717,0.0267,0.0267,970.18,54.11,54.61,970.18,54.11,54.61,,,,,,,,25.38,,,,,,,,,,,,,,,,,,Carlsten2022ApJ...933...47C,,,,,,,,,,,,,,,,,,,,,,,,,,,,,,
ngc_1291-dw04,N1291-DW4,49.93,-41.448,247.9348523,-56.5229078,-1611.63,-6422.76,-5033.28,,,,,,,,,,,,,,,,,,8317.64,0.0,0.0,29.6,0.25,0.24,8319.32,8353.98,8326.79,765.4,sbf,Carlsten2022ApJ...933...47C,-12.67,0.1,0.1,7.3,,,,,,,ngc_1291,1,1,16.93,0.1,0.1,Carlsten2022ApJ...933...47C,0.3433,0.0217,0.0217,829.61,51.65,52.13,829.61,51.65,52.13,,,,,,,,25.49,,,,,,,,,,,,,,,,,,Carlsten2022ApJ...933...47C,,,,,,,,,,,,,,,,,,,,,,,,,,,,,,
ngc_1291-dw05,N1291-DW5,49.408,-41.696,248.5436655,-56.8425709,-2049.67,-8050.6,-6215.57,,,,,,,,,,,,,,,,,,10375.28,0.0,0.0,30.08,0.19,0.19,10376.91,10404.94,10382.87,1300.94,sbf,Carlsten2022ApJ...933...47C,-12.92,0.1,0.1,7.4,,,,,,,ngc_1291,1,1,17.16,0.1,0.1,Carlsten2022ApJ...933...47C,0.3633,0.0217,0.0217,1095.2,64.43,65.02,1095.2,64.43,65.02,,,,,,,,25.85,,,,,,,,,,,,,,,,,,Carlsten2022ApJ...933...47C,,,,,,,,,,,,,,,,,,,,,,,,,,,,,,
ngc_1291-dw06,N1291-DW6,49.68,-41.024,247.2622569,-56.8030756,-1507.3,-6270.76,-4885.62,,,,,,,,,,,,,,,,,,8090.96,0.0,0.0,29.54,0.31,0.29,8092.68,8122.07,8097.23,988.13,sbf,Carlsten2022ApJ...933...47C,-11.5,0.11,0.11,6.83,,,,,,,ngc_1291,1,1,18.04,0.11,0.11,Carlsten2022ApJ...933...47C,0.1467,0.0117,0.0117,344.62,27.05,27.3,344.62,27.05,27.3,,,,,,,,24.76,,,,,,,,,,,,,,,,,,Carlsten2022ApJ...933...47C,,,,,,,,,,,,,,,,,,,,,,,,,,,,,,
ngc_1291-dw08,N1291-DW8,49.256,-41.7,248.602358,-56.951516,-1784.69,-7022.78,-5399.41,,,,,,,,,,,,,,,,,,9036.49,0.0,0.0,29.78,0.33,0.32,9038.11,9069.76,9044.82,102.8,sbf,Carlsten2022ApJ...933...47C,-13.21,0.09,0.09,7.52,,,,,,,ngc_1291,1,1,16.57,0.09,0.09,Carlsten2022ApJ...933...47C,0.265,0.015,0.015,695.77,38.85,39.21,695.77,38.85,39.21,,,,,,,,24.57,,,,,,,,,,,,,,,,,,Carlsten2022ApJ...933...47C,,,,,,,,,,,,,,,,,,,,,,,,,,,,,,
ngc_1291-dw09,N1291-DW9,47.355,-41.083,248.1726107,-58.4883281,-1624.2,-6943.58,-5070.33,,,,,,,,,,,,,,,,,,8749.84,0.0,0.0,29.71,0.2,0.19,8751.42,8767.94,8750.29,401.62,sbf,Carlsten2022ApJ...933...47C,-10.92,0.12,0.12,6.6,,,,,,,ngc_1291,1,1,18.79,0.12,0.12,Carlsten2022ApJ...933...47C,0.1433,0.0133,0.0133,364.11,33.44,33.74,364.11,33.44,33.74,,,,,,,,25.46,,,,,,,,,,,,,,,,,,Carlsten2022ApJ...933...47C,,,,,,,,,,,,,,,,,,,,,,,,,,,,,,
ngc_1291-dw10,N1291-DW10,51.41,-41.23,247.1202021,-55.4861635,-1667.61,-6621.75,-5406.41,,,,,,,,,,,,,,,,,,8709.64,0.0,0.0,29.7,0.24,0.25,8711.43,8749.02,8720.72,442.02,sbf,Carlsten2022ApJ...933...47C,-12.17,0.1,0.1,7.1,,,,,,,ngc_1291,1,1,17.53,0.1,0.1,Carlsten2022ApJ...933...47C,0.3983,0.0283,0.0283,1007.7,70.73,71.38,1007.7,70.73,71.38,,,,,,,,26.42,,,,,,,,,,,,,,,,,,Carlsten2022ApJ...933...47C,,,,,,,,,,,,,,,,,,,,,,,,,,,,,,
ngc_1291-dw11,N1291-DW11,48.184167,-42.798333,250.9510789,-57.4160074,-1955.8,-7109.59,-5295.5,,,,,,,,,,,,,,,,,,9078.21,,,29.79,,,9079.64,9119.49,9090.59,299.77,host,,-11.63,,,6.89,,,,,,,ngc_1291,0,0,18.16,,,Byun2020ApJ...891...18B,0.194,0.009,0.009,511.81,23.42,23.63,511.81,23.42,23.63,,,,,,,,25.49,,,,,,,,,,,,,,,,,,Byun2020ApJ...891...18B,,,,,,,,,,,,,,,,,,,,,,,,,,,,,,
ngc_1291-dw12,N1291-DW12,49.696,-42.199,249.3320946,-56.5089799,-1508.86,-5648.55,-4390.18,,,,,,,,,,,,,,,,,,7311.39,0.0,0.0,29.32,0.29,0.31,7312.98,7360.47,7325.7,1774.04,sbf,Carlsten2022ApJ...933...47C,-9.75,0.16,0.16,6.13,,,,,,,ngc_1291,1,1,19.57,0.16,0.16,Carlsten2022ApJ...933...47C,0.1567,0.0217,0.0217,332.24,45.4,45.82,332.24,45.4,45.82,,,,,,,,26.43,,,,,,,,,,,,,,,,,,Carlsten2022ApJ...933...47C,,,,,,,,,,,,,,,,,,,,,,,,,,,,,,
ngc_1291-dw13,N1291-DW13,50.141,-40.805,246.734433,-56.5112584,-1289.27,-5437.57,-4293.0,,,,,,,,,,,,,,,,,,7046.93,0.0,0.0,29.24,0.26,0.28,7048.71,7083.16,7054.4,2033.52,sbf,Carlsten2022ApJ...933...47C,-10.84,0.12,0.12,6.57,,,,,,,ngc_1291,1,1,18.4,0.12,0.12,Carlsten2022ApJ...933...47C,0.4533,0.0433,0.0433,927.44,87.52,88.33,927.44,87.52,88.33,,,,,,,,27.57,,,,,,,,,,,,,,,,,,Carlsten2022ApJ...933...47C,,,,,,,,,,,,,,,,,,,,,,,,,,,,,,
ngc_1291-dw14,N1291-DW14,51.261667,-40.358889,245.6455773,-55.766028,-1601.54,-6925.92,-5646.28,,,,,,,,,,,,,,,,,,9078.21,,,29.79,,,9080.09,9105.2,9083.42,260.78,host,,-11.28,,,6.75,,,,,,,ngc_1291,0,0,18.51,,,Byun2020ApJ...891...18B,0.076,0.003,0.003,200.53,7.81,7.88,200.53,7.81,7.88,,,,,,,,23.8,,,,,,,,,,,,,,,,,,Byun2020ApJ...891...18B,,,,,,,,,,,,,,,,,,,,,,,,,,,,,,
ngc_1291-dw15,N1291-DW15,49.907083,-40.421389,246.1202543,-56.7654544,-1599.33,-7028.53,-5518.66,,,,,,,,,,,,,,,,,,9078.21,,,29.79,,,9080.01,9099.22,9080.43,129.13,host,,-10.66,,,6.5,,,,,,,ngc_1291,0,0,19.13,,,Byun2020ApJ...891...18B,0.0803,0.0037,0.0037,211.94,9.54,9.63,211.94,9.54,9.63,,,,,,,,24.54,,,,,,,,,,,,,,,,,,Byun2020ApJ...891...18B,,,,,,,,,,,,,,,,,,,,,,,,,,,,,,
ngc_1311,NGC1311,50.030833,-52.185,265.2906667,-52.6578382,-2067.54,-4090.48,-3123.17,,,,,,,,571.0,3.0,3.0,,,,,415.7,399.04,Makarov2014A&A...570A..13M,5546.26,0.0,0.0,28.72,0.02,0.02,5546.67,5725.49,5623.2,,trgb,Tully2009AJ....138..323T,-16.03,0.09,0.09,8.65,,,,,8.04,,,1,1,12.69,0.09,0.09,Carlsten2021ApJ...922..267C,0.5828,0.0278,0.0278,939.38,44.24,44.65,539.46,30.44,30.16,,,,0.67,0.02,0.02,,21.2,,,,,,,,,,,,,15.3,,,,Karachentsev2013AJ....145..101K,Carlsten2021ApJ...922..267C,,,,,,,,,,,,,,,,,,,,,,,,,,,,,,
ngc_1313,NGC 1313,49.564167,-66.4975,283.3588913,-44.6443093,-2539.11,-2818.33,-2035.99,,,,,,,,470.0,18.0,18.0,,,,,296.64,264.86,Doyle2005MNRAS.361...34D,4305.27,0.0,0.0,28.17,0.03,0.03,4303.94,4649.83,4464.01,,trgb,Tully2009AJ....138..323T,-19.41,,,10.0,,,,,9.29,,,1,1,8.76,,,Karachentsev2013AJ....145..101K,,,,,,,,,,,,,,,,,,,,,,,,,,,,,,449.0,,,,Doyle2005MNRAS.361...34D,,,,,,,,,,,,,,,,,,,,,,,,,,,,,,,
ngc_1560,NGC 1560,68.20791666666665,71.88111111111111,138.3682126,16.0217303,2875.6,826.37,41.11,,,,,,,,-36.3,1.0,1.0,,,,,113.4,170.48,Broeils1992A&A...256...19B,2992.26,0.0,0.0,27.38,0.14,0.14,2998.1,2461.94,2712.35,744.19,,Tully2009AJ....138..323T,-16.65,,,8.89,,,,,8.91,,ic_0342,1,1,10.73,,,Karachentsev2013AJ....145..101K,,,,,,,,,,,,,,,,,,,,,,,,,,,,,,385.1,11.6,11.6,,Broeils1992A&A...256...19B,,,,,,,,,,,,,,,,,,,,,,,,,,,,,,,
ngc_1569,NGC 1569,67.70458333333333,64.84805555555555,143.6820835,11.2417793,3111.33,656.29,-273.57,,,,,,,,-85.6,2.6,2.6,,,,,48.39,106.01,Walter2008AJ....136.2563W,3191.54,0.0,0.0,27.52,0.06,0.06,3197.96,2639.83,2902.89,936.64,,Tully2009AJ....138..323T,-18.5,,,9.63,,,,,8.3,,ic_0342,1,1,9.02,,,Karachentsev2013AJ....145..101K,,,,,,,,,,,,,,,,,,,,,,,,,,,,,,84.0,4.2,4.2,,Walter2008AJ....136.2563W,,,,,,,,,,,,,,,,,,,,,,,,,,,,,,,
ngc_1592,NGC 1592,67.42,-27.408611,226.5314783,-41.9150962,99.32,-5308.47,-7415.3,,,,,,,,942.0,5.0,5.0,,,,,797.56,795.16,Makarov2014A&A...570A..13M,9120.11,0.0,0.0,29.8,,,9124.27,9104.7,9104.14,,tf,Karachentsev2013AJ....145..101K,-15.91,,,8.6,,,,,8.0,,,1,1,13.89,,,Karachentsev2013AJ....145..101K,,,,,,,,,,,,,,,,,,,,,,,,,,,,,,5.1,,,,Makarov2014A&A...570A..13M,,,,,,,,,,,,,,,,,,,,,,,,,,,,,,,
ngc_1705,NGC 1705,73.557083,-53.361389,261.0788541,-38.7428325,-2479.39,-3153.81,-4088.47,,,,,,,,628.0,9.0,9.0,,,,,432.33,401.23,Meurer1992AJ....103...60M,5727.96,0.0,0.0,28.79,0.04,0.04,5728.95,6024.91,5865.48,,trgb,Tully2009AJ....138..323T,-15.79,0.09,0.09,8.55,,,,,8.06,,,1,1,13.0,0.09,0.09,Carlsten2021ApJ...922..267C,0.181,0.0087,0.0087,301.28,14.23,14.36,274.45,13.35,13.55,,,,0.17,0.02,0.02,,19.97,,,,,,,,,,,,,15.0,,,,Karachentsev2013AJ....145..101K,Carlsten2021ApJ...922..267C,,,,,,,,,,,,,,,,,,,,,,,,,,,,,,
ngc_1792,NGC 1792,76.308,-37.979,241.6930762,-36.4542697,-2083.61,-5285.7,-8795.9,,,,,,,,1210.0,4.0,4.0,,,,,1026.54,1006.47,Makarov2014A&A...570A..13M,10471.29,0.0,0.0,30.1,0.26,0.26,10474.39,10624.18,10540.86,1912.06,,Makarov2014A&A...570A..13M,-20.01,0.09,0.09,10.24,,,,,8.87,,ngc_1808,1,1,10.09,0.09,0.09,Carlsten2022ApJ...933...47C,1.0383,0.0483,0.0483,3159.69,145.06,146.39,3159.69,145.06,146.39,,,,,,,,21.06,,,,,,,,,,,,,28.76,,,,Makarov2014A&A...570A..13M,Carlsten2022ApJ...933...47C,,,,,,,,,,,,,,,,,,,,,,,,,,,,,,
ngc_1800,NGC 1800,76.607083,-31.954167,234.4409382,-35.1233646,-807.16,-3868.02,-6975.37,,,,,,,,814.0,18.0,18.0,,,,,639.97,625.07,Doyle2005MNRAS.361...34D,8016.78,0.0,0.0,29.52,,,8020.65,8122.65,8060.55,,tf,Karachentsev2013AJ....145..101K,-17.2,,,9.11,,,,,8.13,,,1,1,12.32,,,Makarov2014A&A...570A..13M,0.3733,0.0167,0.0167,869.8,38.29,38.65,732.91,32.27,32.56,107.0,,,0.29,,,,20.7,,,,,,,,,,,,,8.95,,,,Doyle2005MNRAS.361...34D,Li2026ApJS..282...16L,,,,,,,,,,,,,,,,,,,,,,,,,,,,,,
ngc_1808-dw0506m3739,dw0506m3739,76.6,-37.65,241.3309035,-36.1780584,-1903.09,-4890.86,-8243.61,,,,,,,,,,,,,,,,,,9772.37,0.0,0.0,29.95,0.26,0.27,9775.52,9926.21,9841.93,1210.79,sbf,Carlsten2022ApJ...933...47C,-10.33,0.14,0.14,6.37,,,,,,,ngc_1808,1,1,19.62,0.14,0.14,Carlsten2022ApJ...933...47C,0.1283,0.015,0.015,363.93,42.01,42.4,363.93,42.01,42.4,,,,,,,,26.05,,,,,,,,,,,,,,,,,,Carlsten2022ApJ...933...47C,,,,,,,,,,,,,,,,,,,,,,,,,,,,,,
ngc_1808-dw0507m3629,dw0507m3629,76.776,-36.483,239.933363,-35.8557917,-1924.19,-5403.76,-9285.53,,,,,,,,,,,,,,,,,,10914.4,0.0,0.0,30.19,0.2,0.2,10917.7,11055.38,10978.26,2358.41,sbf,Carlsten2022ApJ...933...47C,-11.41,0.11,0.11,6.8,,,,,,,ngc_1808,1,1,18.78,0.11,0.11,Carlsten2022ApJ...933...47C,0.1467,0.0117,0.0117,464.88,36.5,36.83,464.88,36.5,36.83,,,,,,,,25.5,,,,,,,,,,,,,,,,,,Carlsten2022ApJ...933...47C,,,,,,,,,,,,,,,,,,,,,,,,,,,,,,
ngc_1808-dw0507m3739,dw0507m3739,76.853,-37.652,241.3706311,-35.9803266,-1606.05,-4081.28,-6932.64,,,,,,,,,,,,,,,,,,8203.52,0.0,0.0,29.57,0.32,0.31,8206.67,8364.76,8275.43,359.65,sbf,Carlsten2022ApJ...933...47C,-12.32,0.1,0.1,7.16,,,,,,,ngc_1808,1,1,17.25,0.1,0.1,Carlsten2022ApJ...933...47C,0.3033,0.0217,0.0217,722.78,50.94,51.41,722.78,50.94,51.41,,,,,,,,25.55,,,,,,,,,,,,,,,,,,Carlsten2022ApJ...933...47C,,,,,,,,,,,,,,,,,,,,,,,,,,,,,,
ngc_1808-dw0507m3744,dw0507m3744,76.967,-37.738,241.4925123,-35.9041947,-1931.38,-4850.98,-8260.57,,,,,,,,,,,,,,,,,,9772.37,0.0,0.0,29.95,0.22,0.21,9775.51,9929.7,9843.7,1210.43,sbf,Carlsten2022ApJ...933...47C,-13.24,0.09,0.09,7.53,,,,,,,ngc_1808,1,1,16.71,0.09,0.09,Carlsten2022ApJ...933...47C,0.0917,0.005,0.005,260.28,14.0,14.13,260.28,14.0,14.13,,,,,,,,22.41,,,,,,,,,,,,,,,,,,Carlsten2022ApJ...933...47C,,,,,,,,,,,,,,,,,,,,,,,,,,,,,,
ngc_1808-dw0507m3800,dw0507m3800,76.981,-38.013,241.8302936,-35.9344869,-2107.43,-5180.16,-8795.86,,,,,,,,,,,,,,,,,,10423.17,0.0,0.0,30.09,0.18,0.15,10426.28,10581.38,10495.39,1862.53,sbf,Carlsten2022ApJ...933...47C,-12.19,0.1,0.1,7.11,,,,,,,ngc_1808,1,1,17.9,0.1,0.1,Carlsten2022ApJ...933...47C,0.1217,0.0083,0.0083,368.37,24.89,25.12,368.37,24.89,25.12,,,,,,,,24.21,,,,,,,,,,,,,,,,,,Carlsten2022ApJ...933...47C,,,,,,,,,,,,,,,,,,,,,,,,,,,,,,
ngc_1808-dw0508m3617,dw0508m3617,77.127,-36.287,239.753887,-35.5443114,-1913.35,-5376.19,-9362.81,,,,,,,,,,,,,,,,,,10964.78,0.0,0.0,30.2,0.23,0.24,10968.11,11106.38,11028.98,2411.38,sbf,Carlsten2022ApJ...933...47C,-10.68,0.13,0.13,6.51,,,,,,,ngc_1808,1,1,19.52,0.13,0.13,Carlsten2022ApJ...933...47C,0.12,0.0117,0.0117,381.97,36.66,37.0,381.97,36.66,37.0,,,,,,,,25.8,,,,,,,,,,,,,,,,,,Carlsten2022ApJ...933...47C,,,,,,,,,,,,,,,,,,,,,,,,,,,,,,
ngc_1808-dw0508m3808,dw0508m3808,77.137,-38.141,242.0089908,-35.8320081,-2077.46,-5023.96,-8558.36,,,,,,,,,,,,,,,,,,10139.11,0.0,0.0,30.03,0.31,0.31,10142.21,10300.41,10212.7,1580.16,sbf,Carlsten2022ApJ...933...47C,-13.35,0.09,0.09,7.57,,,,,,,ngc_1808,1,1,16.68,0.09,0.09,Carlsten2022ApJ...933...47C,0.14,0.0083,0.0083,412.4,24.22,24.44,412.4,24.22,24.44,,,,,,,,23.3,,,,,,,,,,,,,,,,,,Carlsten2022ApJ...933...47C,,,,,,,,,,,,,,,,,,,,,,,,,,,,,,
ngc_1808-dw0508m3818,dw0508m3818,77.032,-38.31,242.2004077,-35.9383741,-1774.46,-4257.18,-7214.15,,,,,,,,,,,,,,,,,,8562.49,,,29.663,,,8565.56,8729.75,8637.8,119.76,host,,-18.08,0.09,0.09,9.47,,,,,,,ngc_1808,0,0,11.58,0.09,0.09,Carlsten2022ApJ...933...47C,4.3667,0.2067,0.2067,10865.52,507.18,511.84,10865.52,507.18,511.84,,,,,,,,25.67,,,,,,,,,,,,,,,,,,Carlsten2022ApJ...933...47C,,,,,,,,,,,,,,,,,,,,,,,,,,,,,,
ngc_1827,NGC 1827,77.521,-36.961,240.6347363,-35.3460331,-2052.13,-5346.46,-9350.43,,,,,,,,1038.0,3.0,3.0,,,,,853.75,833.57,Makarov2014A&A...570A..13M,10964.78,0.0,0.0,30.2,0.4,0.4,10968.03,11115.67,11033.65,2405.44,,Makarov2014A&A...570A..13M,-17.76,0.09,0.09,9.34,,,,,8.67,,ngc_1808,1,1,12.44,0.09,0.09,Carlsten2022ApJ...933...47C,0.7317,0.035,0.035,2331.36,109.99,111.0,2331.36,109.99,111.0,,,,,,,,22.65,,,,,,,,,,,,,16.7,,,,Makarov2014A&A...570A..13M,Carlsten2022ApJ...933...47C,,,,,,,,,,,,,,,,,,,,,,,,,,,,,,
ngc_2188,NGC 2188,92.539583,-34.106111,240.8369999,-22.8111869,-1802.07,-2406.38,-7837.8,,,,,,,,743.0,13.0,13.0,,,,,536.5,505.56,Makarov2014A&A...570A..13M,8394.6,0.0,0.0,29.62,0.06,0.06,8398.25,8645.38,8512.06,,trgb,Tully2009AJ....138..323T,-19.09,,,9.87,,,,,8.67,,,1,1,10.53,,,Karachentsev2013AJ....145..101K,,,,,,,,,,,,,,,,,,,,,,,,,,,,,,28.3,,,,Makarov2014A&A...570A..13M,,,,,,,,,,,,,,,,,,,,,,,,,,,,,,,
ngc_2366,NGC 2366,112.2241,69.2127,146.421892,28.5350587,2846.5,1607.69,-278.2,,,,,,,,100.1,,,,,,,213.71,254.6,Walter2008AJ....136.2563W,3280.95,0.0,0.0,27.58,0.03,0.03,3286.9,2915.17,3079.1,840.27,,Tully2009AJ....138..323T,-16.36,0.09,0.09,8.78,,,,,8.77,,m_081,1,1,11.22,0.09,0.09,Carlsten2021ApJ...922..267C,2.5835,0.122,0.122,2463.26,114.72,115.78,1436.07,79.9,78.61,,,,0.66,0.02,0.02,,23.0,,,,,,,,,,,,,233.0,,,,Walter2008AJ....136.2563W,Carlsten2021ApJ...922..267C,,,,,,,,,,,,,,,,,,,,,,,,,,,,,,
ngc_2683,NGC 2683,133.170417,33.417222,190.4601947,38.758504,4597.62,6782.61,-5407.49,,,,,,,,411.0,4.0,4.0,,,,,371.21,365.28,Springob2005ApJS..160..149S,9817.48,0.0,0.0,29.96,0.06,0.06,9823.71,9827.78,9814.96,,trgb,Tully2009AJ....138..323T,-21.19,,,10.71,,,,,9.14,,,1,1,8.77,,,Karachentsev2013AJ....145..101K,,,,,,,,,,,,,,,,,,,,,,,,,,,,,,61.4,,,,Springob2005ApJS..160..149S,,,,,,,,,,,,,,,,,,,,,,,,,,,,,,,
ngc_2683-dw0848p3226,dw0848+3226,132.165833,32.443889,191.4848451,37.7530507,3388.49,4964.84,-4162.33,,,,,,,,,,,,,,,,,,7311.39,0.0,0.0,29.32,0.4,0.38,7317.69,7335.05,7312.93,2513.31,sbf,Carlsten2022ApJ...933...47C,-10.27,0.14,0.14,6.34,,,,,,,ngc_2683,0,0,19.05,0.14,0.14,Carlsten2022ApJ...933...47C,0.3517,0.0433,0.0433,746.02,90.81,91.64,746.02,90.81,91.64,,,,,,,,27.66,,,,,,,,,,,,,,,,,,Carlsten2022ApJ...933...47C,,,,,,,,,,,,,,,,,,,,,,,,,,,,,,
ngc_2683-dw0855p3336,dw0855+3336,133.794167,33.615,190.3210653,39.3042838,4060.5,6075.61,-4738.89,,,,,,,,,,,,,,,,,,8709.64,0.0,0.0,29.7,0.25,0.23,8715.82,8726.2,8709.28,1111.48,sbf,Carlsten2022ApJ...933...47C,-11.48,0.11,0.11,6.83,,,,,,,ngc_2683,0,0,18.22,0.11,0.11,Carlsten2022ApJ...933...47C,0.2317,0.02,0.02,585.89,49.93,50.38,585.89,49.93,50.38,,,,,,,,25.93,,,,,,,,,,,,,,,,,,Carlsten2022ApJ...933...47C,,,,,,,,,,,,,,,,,,,,,,,,,,,,,,
ngc_2683-dw0856p3155,dw0856+3155,134.107917,31.916944,192.5408573,39.2685469,4032.57,6375.56,-5125.14,,,,,,,,,,,,,,,,,,9120.11,0.0,0.0,29.8,0.27,0.23,9126.25,9155.2,9129.43,751.46,sbf,Carlsten2022ApJ...933...47C,-11.25,0.12,0.12,6.73,,,,,,,ngc_2683,0,0,18.55,0.12,0.12,Carlsten2022ApJ...933...47C,0.165,0.015,0.015,436.91,39.21,39.57,436.91,39.21,39.57,,,,,,,,25.52,,,,,,,,,,,,,,,,,,Carlsten2022ApJ...933...47C,,,,,,,,,,,,,,,,,,,,,,,,,,,,,,
ngc_2683-dw1,NGC 2683-dw1,133.361667,33.305278,190.6368181,38.8967587,4874.18,7254.13,-5767.82,,,,,,,,380.0,25.0,25.0,,,,,339.74,333.56,Karachentsev2015Ap.....58..309K,10471.29,0.0,0.0,30.1,0.22,0.22,10477.5,10482.21,10469.56,654.72,sbf,Carlsten2022ApJ...933...47C,-11.69,0.11,0.11,6.91,,,,,,,ngc_2683,1,1,18.41,0.11,0.11,Carlsten2022ApJ...933...47C,0.165,0.0133,0.0133,501.75,40.02,40.38,501.75,40.02,40.38,,,,,,,,25.38,,,,,,,,,,,,,,,,,,Carlsten2022ApJ...933...47C,,,,,,,,,,,,,,,,,,,,,,,,,,,,,,
ngc_2683-dw2,NGC 2683-dw2,133.585417,33.249444,190.7486249,39.0715607,4546.64,6823.66,-5398.95,,,,,,,,,,,,,,,,,,9817.48,,,29.96,,,9823.68,9832.5,9817.32,66.0,host,,-10.79,,,6.55,,,,,,,ngc_2683,0,0,19.17,,,Karachentsev2013AJ....145..101K,,,,,,,,,,,,,,,,,,,,,,,,,,,,,,,,,,,,,,,,,,,,,,,,,,,,,,,,,,,,,,,,,
ngc_2903-dw0929p2213,dw0929+2213,142.477917,22.218056,207.5362753,44.2511764,2385.95,7537.24,-5820.67,,,,,,,,,,,,,,,,,,9817.48,0.0,0.0,29.96,0.36,0.34,9822.64,10012.62,9907.92,671.53,sbf,Carlsten2022ApJ...933...47C,-9.42,0.17,0.17,6.0,,,,,,,ngc_2903,1,1,20.54,0.17,0.17,Carlsten2022ApJ...933...47C,0.1455,0.0217,0.0217,414.24,60.97,61.53,414.24,60.97,61.53,,,,,,,,27.24,,,,,,,,,,,,,,,,,,Carlsten2022ApJ...933...47C,,,,,,,,,,,,,,,,,,,,,,,,,,,,,,
ngc_2903-dw0932p1952,dw0932+1952,143.099167,19.875,210.8932531,44.0827545,1671.37,6294.53,-4988.29,,,,,,,,,,,,,,,,,,8203.52,0.0,0.0,29.57,0.18,0.18,8208.52,8433.08,8310.03,989.77,sbf,Carlsten2022ApJ...933...47C,-12.19,0.1,0.1,7.11,,,,,,,ngc_2903,1,1,17.38,0.1,0.1,Carlsten2022ApJ...933...47C,0.1433,0.0098,0.0098,341.55,23.12,23.33,341.55,23.12,23.33,,,,,,,,24.05,,,,,,,,,,,,,,,,,,Carlsten2022ApJ...933...47C,,,,,,,,,,,,,,,,,,,,,,,,,,,,,,
ngc_2903-dw0936p2135,dw0936+2135,144.089167,21.598889,208.9901789,45.4988418,1813.07,6416.17,-4779.46,,,,,,,,,,,,,,,,,,8203.52,0.0,0.0,29.57,0.18,0.18,8208.5,8421.66,8304.23,970.11,sbf,Carlsten2022ApJ...933...47C,-12.19,0.1,0.1,7.11,,,,,,,ngc_2903,1,1,17.38,0.1,0.1,Carlsten2022ApJ...933...47C,0.1433,0.0098,0.0098,341.55,23.12,23.33,341.55,23.12,23.33,,,,,,,,24.05,,,,,,,,,,,,,,,,,,Carlsten2022ApJ...933...47C,,,,,,,,,,,,,,,,,,,,,,,,,,,,,,
ngc_2903-hi-1,NGC 2903-HI-1,142.66625,21.723611,208.2678631,44.2730738,2012.84,6599.94,-5116.6,,,,,,,,582.0,4.0,4.0,,,,,496.01,470.27,Irwin2009ApJ...692.1447I,8590.14,0.0,0.0,29.67,0.22,0.25,8595.26,8795.82,8684.91,575.63,sbf,Carlsten2022ApJ...933...47C,-10.95,0.09,0.09,6.61,,,,,6.39,,ngc_2903,1,1,18.72,0.09,0.09,Carlsten2022ApJ...933...47C,0.1083,0.0087,0.0087,270.25,21.34,21.53,270.25,21.34,21.53,,,,,,,,24.78,,,,,,,,,,,,,0.14,0.02,0.02,,Irwin2009ApJ...692.1447I,Carlsten2022ApJ...933...47C,,,,,,,,,,,,,,,,,,,,,,,,,,,,,,
ngc_2903-lsbc_d565-09,LSBC D565-09,143.30875,20.514722,210.1345755,44.4737723,1982.29,7231.87,-5627.86,,,,,,,,,,,,,,,,,,9375.62,0.0,0.0,29.86,0.15,0.14,9380.63,9595.82,9478.41,269.49,sbf,Carlsten2022ApJ...933...47C,-12.65,0.1,0.1,7.29,,,,,,,ngc_2903,1,1,17.21,0.1,0.1,Carlsten2022ApJ...933...47C,0.1627,0.0103,0.0103,443.05,27.77,28.02,443.05,27.77,28.02,,,,,,,,24.15,,,,,,,,,,,,,,,,,,Carlsten2022ApJ...933...47C,,,,,,,,,,,,,,,,,,,,,,,,,,,,,,
ngc_2915,NGC 2915,141.547917,-76.626389,291.9661328,-18.3573325,-3674.11,-1149.4,-1882.87,,,,,,,,467.2,18.0,18.0,,,,,253.15,191.2,Doyle2005MNRAS.361...34D,4285.49,0.0,0.0,28.16,0.03,0.03,4282.61,4898.35,4585.72,,trgb,Tully2009AJ....138..323T,-16.64,,,8.89,,,,,8.64,,,1,1,11.52,,,Karachentsev2013AJ....145..101K,,,,,,,,,,,,,,,,,,,,,,,,,,,,,,101.9,,,,Doyle2005MNRAS.361...34D,,,,,,,,,,,,,,,,,,,,,,,,,,,,,,,
ngc_2976,NGC2976,146.815,67.91361,143.9173791,40.9041679,2751.49,2419.6,-49.75,,,,,,,,6.0,4.0,4.0,,,,,112.54,141.77,Appleton1981MNRAS.195..327A,3664.38,0.0,0.0,27.82,0.05,0.05,3669.34,3422.36,3524.13,101.03,,Tully2009AJ....138..323T,-18.34,,,9.57,,,,,8.05,,m_081,1,1,9.48,,,Makarov2014A&A...570A..13M,1.44,,,1534.93,,,812.21,,,143.0,,,0.72,,,,19.78,,,,,,,,,,,,,35.645,,,,Appleton1981MNRAS.195..327A,Makarov2014A&A...570A..13M,,,,,,,,,,,,,,,,,,,,,,,,,,,,,,
ngc_3077,NGC 3077,150.8375,68.73389,141.8972594,41.6621797,2870.84,2571.87,56.14,,,,,,,,19.0,3.0,3.0,,,,,129.81,159.17,Appleton1981MNRAS.195..327A,3854.78,0.0,0.0,27.93,0.07,0.07,3859.56,3610.57,3714.46,245.94,,Tully2009AJ....138..323T,-17.93,,,9.41,,,,,8.8,,m_081,1,1,10.0,,,Karachentsev2013AJ....145..101K,2.3167,,,2597.74,,,2294.26,,,46.3,,,0.22,,,,22.44,4.6,0.2,0.2,28.0,1.0,1.0,6.0,0.1,0.1,1.0,0.1,0.1,180.302,,,,Karachentsev2013AJ....145..101K,Moustakas2023ApJS..269....3M,Okamoto2023ApJ...952...77O,Okamoto2023ApJ...952...77O,-1.26,,,isochrone,,,,,,,,,-1.26,,,Okamoto2023ApJ...952...77O,,,,,,,,,,,,
ngc_3115-dw1000m0741,dw1000-0741,150.004,-7.688,246.6788646,35.842535,-2388.94,5937.66,-6202.42,,,,,,,,,,,,,,,,,,8912.51,0.0,0.0,29.75,0.2,0.18,8915.12,9437.83,9170.7,798.28,sbf,Carlsten2022ApJ...933...47C,-12.93,0.1,0.1,7.41,,,,,,,ngc_3115,1,1,16.82,0.1,0.1,Carlsten2022ApJ...933...47C,0.235,0.015,0.015,608.44,38.32,38.67,608.44,38.32,38.67,,,,,,,,24.56,,,,,,,,,,,,,,,,,,Carlsten2022ApJ...933...47C,,,,,,,,,,,,,,,,,,,,,,,,,,,,,,
ngc_3115-dw1000m0821,dw1000m0821,150.044,-8.357,247.3242309,35.4253931,-2583.37,6135.23,-6479.43,,,,,,,,,,,,,,,,,,9289.66,0.0,0.0,29.84,0.19,0.17,9292.22,9819.45,9550.33,456.78,sbf,Carlsten2022ApJ...933...47C,-14.51,0.09,0.09,8.04,,,,,,,ngc_3115,1,1,15.33,0.09,0.09,Carlsten2022ApJ...933...47C,0.355,0.0183,0.0183,958.27,48.81,49.26,958.27,48.81,49.26,,,,,,,,23.97,,,,,,,,,,,,,,,,,,Carlsten2022ApJ...933...47C,,,,,,,,,,,,,,,,,,,,,,,,,,,,,,
ngc_3115-dw1000m0831,dw1000m0831,150.229,-8.53,247.6323813,35.4448541,-3194.93,7479.79,-7878.97,,,,,,,,,,,,,,,,,,11324.0,0.0,0.0,30.27,0.25,0.25,11326.52,11853.25,11585.13,1659.44,sbf,Carlsten2022ApJ...933...47C,-10.05,0.15,0.15,6.25,,,,,,,ngc_3115,1,1,20.22,0.15,0.15,Carlsten2022ApJ...933...47C,0.1267,0.0183,0.0183,415.99,59.5,60.05,415.99,59.5,60.05,,,,,,,,26.62,,,,,,,,,,,,,,,,,,Carlsten2022ApJ...933...47C,,,,,,,,,,,,,,,,,,,,,,,,,,,,,,
ngc_3115-dw1002m0642,dw1002m0642,150.657,-6.708,246.3032604,36.9777606,-2396.88,6297.49,-6332.71,,,,,,,,,,,,,,,,,,9246.98,0.0,0.0,29.83,0.32,0.32,9249.59,9768.4,9503.33,478.71,sbf,Carlsten2022ApJ...933...47C,-9.31,0.19,0.19,5.96,,,,,,,ngc_3115,1,1,20.52,0.19,0.19,Carlsten2022ApJ...933...47C,0.12,0.02,0.02,321.67,53.01,53.49,321.67,53.01,53.49,,,,,,,,26.8,,,,,,,,,,,,,,,,,,Carlsten2022ApJ...933...47C,,,,,,,,,,,,,,,,,,,,,,,,,,,,,,
ngc_3115-dw1002m0818,dw1002m0818,150.504,-8.31,247.6574813,35.7941206,-3013.56,7126.36,-7412.75,,,,,,,,,,,,,,,,,,10715.19,0.0,0.0,30.15,0.28,0.29,10717.7,11245.3,10976.57,1047.37,sbf,Carlsten2022ApJ...933...47C,-10.3,0.15,0.15,6.35,,,,,,,ngc_3115,1,1,19.85,0.15,0.15,Carlsten2022ApJ...933...47C,0.0867,0.0117,0.0117,269.38,35.83,36.16,269.38,35.83,36.16,,,,,,,,25.42,,,,,,,,,,,,,,,,,,Carlsten2022ApJ...933...47C,,,,,,,,,,,,,,,,,,,,,,,,,,,,,,
ngc_3115-dw1004m0657,dw1004m0657,151.157,-6.959,246.9524532,37.1807734,-2336.52,5978.69,-5946.06,,,,,,,,,,,,,,,,,,8749.84,0.0,0.0,29.71,0.22,0.23,8752.37,9277.14,9008.97,941.2,sbf,Carlsten2022ApJ...933...47C,-11.28,0.13,0.13,6.75,,,,,,,ngc_3115,1,1,18.43,0.13,0.13,Carlsten2022ApJ...933...47C,0.28,0.0283,0.0283,711.17,71.05,71.71,711.17,71.05,71.71,,,,,,,,26.55,,,,,,,,,,,,,,,,,,Carlsten2022ApJ...933...47C,,,,,,,,,,,,,,,,,,,,,,,,,,,,,,
ngc_3115-dw1004m0737,dw1004m0737,150.995,-7.641,247.4499631,36.6040318,-2980.63,7306.78,-7394.38,,,,,,,,,,,,,,,,,,10814.34,0.0,0.0,30.17,0.21,0.2,10816.84,11342.39,11074.7,1133.0,sbf,Carlsten2022ApJ...933...47C,-11.42,0.11,0.11,6.8,,,,,,,ngc_3115,1,1,18.75,0.11,0.11,Carlsten2022ApJ...933...47C,0.3117,0.0283,0.0283,978.59,87.82,88.63,978.59,87.82,88.63,,,,,,,,27.1,,,,,,,,,,,,,,,,,,Carlsten2022ApJ...933...47C,,,,,,,,,,,,,,,,,,,,,,,,,,,,,,
ngc_3115-dw1006m0730,dw1006m0730,151.553,-7.5,247.786161,37.1074962,-2833.71,6945.99,-6890.29,,,,,,,,,,,,,,,,,,10185.91,0.0,0.0,30.04,0.26,0.26,10188.37,10717.19,10447.71,506.31,sbf,Carlsten2022ApJ...933...47C,-11.97,0.11,0.11,7.02,,,,,,,ngc_3115,1,1,18.07,0.11,0.11,Carlsten2022ApJ...933...47C,0.1333,0.01,0.01,394.45,29.19,29.46,394.45,29.19,29.46,,,,,,,,24.58,,,,,,,,,,,,,,,,,,Carlsten2022ApJ...933...47C,,,,,,,,,,,,,,,,,,,,,,,,,,,,,,
ngc_3115-dw1006m0730-n2,dw1006m0730-n2,151.64,-7.51,247.8686114,37.1642364,-2321.16,5677.62,-5617.82,,,,,,,,,,,,,,,,,,8317.64,0.0,0.0,29.6,0.23,0.22,8320.08,8852.83,8580.61,1366.5,sbf,Carlsten2022ApJ...933...47C,-10.87,0.12,0.12,6.58,,,,,,,ngc_3115,1,1,18.73,0.12,0.12,Carlsten2022ApJ...933...47C,0.225,0.0267,0.0267,543.05,63.57,64.16,543.05,63.57,64.16,,,,,,,,26.37,,,,,,,,,,,,,,,,,,Carlsten2022ApJ...933...47C,,,,,,,,,,,,,,,,,,,,,,,,,,,,,,
ngc_3115-dw1006m0732,dw1006m0732,151.611,-7.549,247.8801942,37.1166727,-2939.09,7174.25,-7110.15,,,,,,,,,,,,,,,,,,10519.62,0.0,0.0,30.11,0.24,0.24,10522.06,11051.14,10781.65,839.04,sbf,Carlsten2022ApJ...933...47C,-11.19,0.12,0.12,6.71,,,,,,,ngc_3115,1,1,18.92,0.12,0.12,Carlsten2022ApJ...933...47C,0.1433,0.0133,0.0133,437.76,40.2,40.57,437.76,40.2,40.57,,,,,,,,25.59,,,,,,,,,,,,,,,,,,Carlsten2022ApJ...933...47C,,,,,,,,,,,,,,,,,,,,,,,,,,,,,,
ngc_3115-dw1007m0715,dw1007m0715,151.834,-7.263,247.8037967,37.4730502,-2480.87,6147.2,-6018.72,,,,,,,,,,,,,,,,,,8953.65,0.0,0.0,29.76,0.21,0.19,8956.09,9486.9,9215.94,737.76,sbf,Carlsten2022ApJ...933...47C,-13.0,0.1,0.1,7.43,,,,,,,ngc_3115,1,1,16.76,0.1,0.1,Carlsten2022ApJ...933...47C,0.2767,0.0167,0.0167,719.68,42.77,43.16,719.68,42.77,43.16,,,,,,,,24.86,,,,,,,,,,,,,,,,,,Carlsten2022ApJ...933...47C,,,,,,,,,,,,,,,,,,,,,,,,,,,,,,
ngc_3115-dw1007m0830,dw1007m0830,151.946,-8.504,249.0367787,36.7081239,-3275.5,7482.13,-7466.62,,,,,,,,,,,,,,,,,,11066.24,0.0,0.0,30.22,0.19,0.18,11068.57,11606.12,11332.73,1395.39,sbf,Carlsten2022ApJ...933...47C,-10.43,0.14,0.14,6.41,,,,,,,ngc_3115,1,1,19.79,0.14,0.14,Carlsten2022ApJ...933...47C,0.1217,0.015,0.015,390.65,47.58,48.01,390.65,47.58,48.01,,,,,,,,26.1,,,,,,,,,,,,,,,,,,Carlsten2022ApJ...933...47C,,,,,,,,,,,,,,,,,,,,,,,,,,,,,,
ngc_3115-dw1007m0835,dw1007m0835,151.814,-8.586,248.9994572,36.5569077,-2440.16,5556.33,-5576.12,,,,,,,,,,,,,,,,,,8241.38,0.0,0.0,29.58,0.35,0.33,8243.72,8785.59,8508.97,1449.83,sbf,Carlsten2022ApJ...933...47C,-9.31,0.2,0.2,5.96,,,,,,,ngc_3115,1,1,20.27,0.2,0.2,Carlsten2022ApJ...933...47C,0.1033,0.0183,0.0183,246.81,43.3,43.7,246.81,43.3,43.7,,,,,,,,26.22,,,,,,,,,,,,,,,,,,Carlsten2022ApJ...933...47C,,,,,,,,,,,,,,,,,,,,,,,,,,,,,,
ngc_3115-kdg_065,KDG 65,151.396,-7.75,247.8848147,36.8237678,-2716.3,6567.28,-6576.38,,,,,,,,,,,,,,,,,,9682.78,,,29.93,,,9685.23,10215.73,9945.24,15.61,host,,-14.56,0.09,0.09,8.06,,,,,,,ngc_3115,0,0,15.37,0.09,0.09,Carlsten2022ApJ...933...47C,0.3883,0.02,0.02,1092.62,55.5,56.01,1092.62,55.5,56.01,,,,,,,,24.2,,,,,,,,,,,,,,,,,,Carlsten2022ApJ...933...47C,,,,,,,,,,,,,,,,,,,,,,,,,,,,,,
ngc_3115-kksg_17,KKSG 17,150.409,-8.249,247.5238866,35.7656189,-2782.83,6617.17,-6895.81,,,,,,,,446.0,3.0,3.0,,,,,262.4,202.21,Makarov2014A&A...570A..13M,9954.05,0.0,0.0,29.99,,,9956.58,10484.21,10215.19,324.25,trgb,Anand2021AJ....162...80A,-15.46,0.09,0.09,8.42,,,,,7.6,,ngc_3115,1,1,14.53,0.09,0.09,Carlsten2022ApJ...933...47C,0.4917,0.025,0.025,1422.13,71.32,71.98,1422.13,71.32,71.98,,,,,,,,23.88,,,,,,,,,,,,,1.72,,,,Makarov2014A&A...570A..13M,Carlsten2022ApJ...933...47C,,,,,,,,,,,,,,,,,,,,,,,,,,,,,,
ngc_3115-kksg_18,KKSG 18,151.423,-7.982,248.1203627,36.6862046,-2751.05,6548.96,-6580.2,,,,,,,,715.0,5.0,5.0,,,,,533.03,472.5,Makarov2014A&A...570A..13M,9682.78,,,29.93,,,9685.21,10217.61,9946.2,48.47,host,,-17.31,0.09,0.09,9.16,,,,,,,ngc_3115,1,1,12.62,0.09,0.09,Carlsten2022ApJ...933...47C,0.5017,0.025,0.025,1411.54,69.38,70.02,1411.54,69.38,70.02,,,,,,,,22.01,,,,,,,,,,,,,,,,,,Carlsten2022ApJ...933...47C,,,,,,,,,,,,,,,,,,,,,,,,,,,,,,
ngc_3115-mcg-01-26-009,MCG -01-26-009,150.39,-6.525,245.9120466,36.8999295,-2462.33,6586.53,-6656.63,,,,,,,,747.0,6.0,6.0,,,,,568.16,509.33,Makarov2014A&A...570A..13M,9682.78,,,29.93,,,9685.43,10200.39,9937.36,253.77,host,,-14.43,0.09,0.09,8.01,,,,,7.7,,ngc_3115,1,1,15.5,0.09,0.09,Carlsten2022ApJ...933...47C,0.3067,0.0167,0.0167,862.79,46.25,46.68,862.79,46.25,46.68,,,,,,,,23.82,,,,,,,,,,,,,2.27,,,,Makarov2014A&A...570A..13M,Carlsten2022ApJ...933...47C,,,,,,,,,,,,,,,,,,,,,,,,,,,,,,
ngc_3344-dw1,NGC 3344-dw1,160.6833333333333,25.025,209.7580015,61.1005726,1545.32,9731.75,-3819.86,,,,,,,,,,,,,,,,,,10568.18,0.0,0.0,30.12,0.4,0.4,10571.59,10834.62,10695.18,751.55,,Carlsten2022ApJ...933...47C,-9.42,0.18,0.18,6.0,,,,,,,ngc_3344,0,0,20.7,0.18,0.18,Carlsten2022ApJ...933...47C,0.1183,0.0183,0.0183,362.61,55.53,56.04,362.61,55.53,56.04,,,,,,,,26.95,,,,,,,,,,,,,,,,,,Carlsten2022ApJ...933...47C,,,,,,,,,,,,,,,,,,,,,,,,,,,,,,
ngc_3344-dw1042p2415,dw1042p2415,160.592,24.25,211.2853823,60.858658,1355.4,9238.65,-3706.15,,,,,,,,,,,,,,,,,,10046.16,0.0,0.0,30.01,0.22,0.19,10049.54,10322.36,10177.79,260.63,,Carlsten2022ApJ...933...47C,-13.02,0.1,0.1,7.44,,,,,,,ngc_3344,0,0,16.99,0.1,0.1,Carlsten2022ApJ...933...47C,0.2383,0.015,0.015,695.58,43.19,43.59,695.58,43.19,43.59,,,,,,,,24.76,,,,,,,,,,,,,,,,,,Carlsten2022ApJ...933...47C,,,,,,,,,,,,,,,,,,,,,,,,,,,,,,
ngc_3344-dw1045p2427,dw1045p2427,161.379,24.466,211.167991,61.6052999,1296.68,9035.69,-3489.16,,,,,,,,,,,,,,,,,,9772.37,0.0,0.0,29.95,0.3,0.28,9775.68,10050.33,9904.72,119.42,,Carlsten2022ApJ...933...47C,-10.45,0.14,0.14,6.41,,,,,,,ngc_3344,0,0,19.5,0.14,0.14,Carlsten2022ApJ...933...47C,0.1533,0.0183,0.0183,434.8,51.35,51.82,434.8,51.35,51.82,,,,,,,,26.31,,,,,,,,,,,,,,,,,,Carlsten2022ApJ...933...47C,,,,,,,,,,,,,,,,,,,,,,,,,,,,,,
ngc_3351,NGC 3351,160.990417,11.703611,233.9516692,56.3678649,-631.91,8840.38,-4531.18,,,,,,,,777.0,1.0,1.0,,,,,669.29,623.06,Haynes2011AJ....142..170H,9954.05,0.0,0.0,29.99,0.03,0.03,9956.7,10368.17,10155.8,1390.64,trgb,Tully2009AJ....138..323T,-20.58,,,10.47,,,,,8.94,,ngc_3379,1,1,9.41,,,Makarov2014A&A...570A..13M,,,,,,,,,,,,,,,,,,,,,,,,,,,,,,37.0,,,,Haynes2011AJ....142..170H,,,,,,,,,,,,,,,,,,,,,,,,,,,,,,,
ngc_3377,NGC 3377,161.926,13.986,231.1772036,58.317717,-363.49,9417.23,-4452.66,,,,,,,,678.0,6.0,6.0,,,,,579.88,535.86,Smith2000MNRAS.313..469S,10423.17,0.0,0.0,30.09,0.02,0.02,10425.85,10817.24,10614.93,939.38,trgb,Tully2009AJ....138..323T,-19.94,,,10.21,,,,,,,ngc_3379,1,1,10.15,,,Makarov2014A&A...570A..13M,,,,,,,,,,,,,,,,,,,,,,,,,,,,,,,,,,,,,,,,,,,,,,,,,,,,,,,,,,,,,,,,,
ngc_3379-dw1042p1359,dw1042p1359,160.689,13.99,230.0753246,57.2708195,-268.45,9421.1,-4672.6,,,,,,,,,,,,,,,,,,10519.62,0.0,0.0,30.11,0.2,,10522.44,10907.67,10708.36,879.9,sbf,Carlsten2022ApJ...933...47C,-9.65,0.18,0.18,6.09,,,,,,,ngc_3379,1,1,20.46,0.18,0.18,Carlsten2022ApJ...933...47C,0.09,0.015,0.015,274.45,45.23,45.64,274.45,45.23,45.64,,,,,,,,26.11,,,,,,,,,,,,,,,,,,Carlsten2022ApJ...933...47C,,,,,,,,,,,,,,,,,,,,,,,,,,,,,,
ngc_3379-dw1043p1410,dw1043p1410,160.795,14.18,229.8577424,57.452202,-278.18,10685.3,-5258.58,,,,,,,,,,,,,,,,,,11912.42,0.0,0.0,30.38,0.15,0.15,11915.24,12296.55,12099.78,709.7,sbf,Carlsten2022ApJ...933...47C,-10.55,0.14,0.14,6.45,,,,,,,ngc_3379,1,1,19.83,0.14,0.14,Carlsten2022ApJ...933...47C,0.0933,0.01,0.01,322.7,34.14,34.46,322.7,34.14,34.46,,,,,,,,25.56,,,,,,,,,,,,,,,,,,Carlsten2022ApJ...933...47C,,,,,,,,,,,,,,,,,,,,,,,,,,,,,,
ngc_3379-dw1043p1415,dw1043p1415,160.957,14.255,229.8749006,57.6259867,-286.58,11001.02,-5372.51,,,,,,,,,,,,,,,,,,12246.16,0.0,0.0,30.44,0.17,0.16,12248.97,12629.77,12433.38,1004.28,sbf,Carlsten2022ApJ...933...47C,-10.73,0.14,0.14,6.53,,,,,,,ngc_3379,1,1,19.71,0.14,0.14,Carlsten2022ApJ...933...47C,0.1133,0.0133,0.0133,402.74,46.8,47.23,402.74,46.8,47.23,,,,,,,,25.87,,,,,,,,,,,,,,,,,,Carlsten2022ApJ...933...47C,,,,,,,,,,,,,,,,,,,,,,,,,,,,,,
ngc_3379-dw1044p1351,dw1044p1351,161.159,13.859,230.6990325,57.6063639,-357.19,10311.92,-5036.12,,,,,,,,,,,,,,,,,,11481.54,0.0,0.0,30.3,0.2,0.18,11484.29,11871.45,11671.65,336.62,sbf,Carlsten2022ApJ...933...47C,-10.97,0.13,0.13,6.62,,,,,,,ngc_3379,1,1,19.33,0.13,0.13,Carlsten2022ApJ...933...47C,0.105,0.01,0.01,349.99,32.91,33.21,349.99,32.91,33.21,,,,,,,,25.32,,,,,,,,,,,,,,,,,,Carlsten2022ApJ...933...47C,,,,,,,,,,,,,,,,,,,,,,,,,,,,,,
ngc_3379-dw1044p1351b,dw1044p1351b,161.16,13.856,230.7048048,57.6057479,-332.4,9579.37,-4678.45,,,,,,,,,,,,,,,,,,10665.96,0.0,0.0,30.14,0.17,0.15,10668.72,11057.35,10856.47,717.56,sbf,Carlsten2022ApJ...933...47C,-10.66,0.13,0.13,6.5,,,,,,,ngc_3379,1,1,19.48,0.13,0.13,Carlsten2022ApJ...933...47C,0.1233,0.0133,0.0133,381.8,40.76,41.13,381.8,40.76,41.13,,,,,,,,25.82,,,,,,,,,,,,,,,,,,Carlsten2022ApJ...933...47C,,,,,,,,,,,,,,,,,,,,,,,,,,,,,,
ngc_3379-dw1044p1356,dw1044p1356,161.147,13.94,230.5563265,57.6356289,-330.78,9987.39,-4872.1,,,,,,,,633.0,31.0,31.0,,,,,533.66,489.86,Karachentsev2013AJ....145..101K,11117.32,0.0,0.0,30.23,0.19,0.16,11120.08,11506.95,11307.14,370.52,sbf,Carlsten2022ApJ...933...47C,-14.42,0.09,0.09,8.0,,,,,,,ngc_3379,1,1,15.81,0.09,0.09,Carlsten2022ApJ...933...47C,0.215,0.0117,0.0117,694.51,37.17,37.52,694.51,37.17,37.52,,,,,,,,23.36,,,,,,,,,,,,,,,,,,Carlsten2022ApJ...933...47C,,,,,,,,,,,,,,,,,,,,,,,,,,,,,,
ngc_3379-dw1044p1359,dw1044p1359,161.108,13.999,230.4256546,57.6311658,-302.99,9537.6,-4654.27,,,,,,,,,,,,,,,,,,10616.96,0.0,0.0,30.13,0.24,0.26,10619.73,11006.71,10806.61,773.6,sbf,Carlsten2022ApJ...933...47C,-9.93,0.17,0.17,6.21,,,,,,,ngc_3379,1,1,20.2,0.17,0.17,Carlsten2022ApJ...933...47C,0.1067,0.015,0.015,328.46,45.64,46.06,328.46,45.64,46.06,,,,,,,,26.22,,,,,,,,,,,,,,,,,,Carlsten2022ApJ...933...47C,,,,,,,,,,,,,,,,,,,,,,,,,,,,,,
ngc_3379-dw1047p1153,dw1047p1153,161.775,11.878,234.4259875,57.1112453,-622.51,8342.79,-4136.03,,,,,,,,,,,,,,,,,,9332.54,0.0,0.0,29.85,0.33,0.33,9335.11,9749.94,9535.62,1995.71,sbf,Carlsten2022ApJ...933...47C,-9.48,0.19,0.19,6.03,,,,,,,ngc_3379,1,1,20.37,0.19,0.19,Carlsten2022ApJ...933...47C,0.145,0.025,0.025,392.23,66.87,67.48,392.23,66.87,67.48,,,,,,,,27.06,,,,,,,,,,,,,,,,,,Carlsten2022ApJ...933...47C,,,,,,,,,,,,,,,,,,,,,,,,,,,,,,
ngc_3379-dw1047p1258,dw1047p1258,161.926,12.975,232.8304541,57.8103566,-558.41,9908.6,-4779.83,,,,,,,,,,,,,,,,,,11015.39,0.0,0.0,30.21,0.16,0.14,11018.01,11418.85,11212.21,318.05,sbf,Carlsten2022ApJ...933...47C,-10.95,0.12,0.12,6.61,,,,,,,ngc_3379,1,1,19.26,0.12,0.12,Carlsten2022ApJ...933...47C,0.1367,0.015,0.015,436.92,47.36,47.79,436.92,47.36,47.79,,,,,,,,25.82,,,,,,,,,,,,,,,,,,Carlsten2022ApJ...933...47C,,,,,,,,,,,,,,,,,,,,,,,,,,,,,,
ngc_3379-dw1048p1154,dw1048p1154,162.104,11.912,234.6906719,57.4015955,-738.98,9646.96,-4718.88,,,,,,,,,,,,,,,,,,10764.65,0.0,0.0,30.16,0.21,0.2,10767.18,11180.28,10967.56,574.71,sbf,Carlsten2022ApJ...933...47C,-11.1,0.16,0.16,6.67,,,,,,,ngc_3379,1,1,19.06,0.16,0.16,Carlsten2022ApJ...933...47C,0.41,0.0167,0.0167,1282.76,51.42,51.89,1282.76,51.42,51.89,,,,,,,,28.01,,,,,,,,,,,,,,,,,,Carlsten2022ApJ...933...47C,,,,,,,,,,,,,,,,,,,,,,,,,,,,,,
ngc_3379-dw1048p1259,dw1048p1259,162.217,12.995,233.0723565,58.0639621,-620.37,10639.69,-5072.27,,,,,,,,,,,,,,,,,,11803.21,0.0,0.0,30.36,0.19,0.21,11805.79,12206.51,12000.26,489.1,sbf,Carlsten2022ApJ...933...47C,-10.64,0.14,0.14,6.49,,,,,,,ngc_3379,1,1,19.72,0.14,0.14,Carlsten2022ApJ...933...47C,0.2017,0.0233,0.0233,690.75,78.93,79.66,690.75,78.93,79.66,,,,,,,,27.13,,,,,,,,,,,,,,,,,,Carlsten2022ApJ...933...47C,,,,,,,,,,,,,,,,,,,,,,,,,,,,,,
ngc_3379-dw1048p1303,dw1048p1303,162.149,13.06,232.9026596,58.0404886,-541.82,9568.67,-4568.02,,,,,,,,,,,,,,,,,,10616.96,0.0,0.0,30.13,0.12,0.12,10619.55,11021.28,10814.03,713.85,trgb,Cohen2018ApJ...868...96C,-10.94,0.12,0.12,6.61,,,,,,,ngc_3379,1,1,19.19,0.12,0.12,Carlsten2022ApJ...933...47C,0.1883,0.02,0.02,580.36,60.86,61.42,580.36,60.86,61.42,,,,,,,,26.45,,,,,,,,,,,,,,,,,,Carlsten2022ApJ...933...47C,,,,,,,,,,,,,,,,,,,,,,,,,,,,,,
ngc_3379-dw1048p1407,dw1048p1407,162.224,14.124,231.2186605,58.6373115,-441.82,11456.78,-5338.79,,,,,,,,541.4,22.5,22.5,,,,,444.19,400.24,Karachentsev2013AJ....145..101K,12647.36,0.0,0.0,30.51,0.39,0.36,12650.01,13037.68,12838.13,1363.09,sbf,Carlsten2022ApJ...933...47C,-15.23,0.09,0.09,8.33,,,,,,,ngc_3379,1,1,15.28,0.09,0.09,Carlsten2022ApJ...933...47C,0.1833,0.01,0.01,673.72,36.25,36.58,673.72,36.25,36.58,,,,,,,,22.48,,,,,,,,,,,,,,,,,,Carlsten2022ApJ...933...47C,,,,,,,,,,,,,,,,,,,,,,,,,,,,,,
ngc_3379-dw1049p1233,dw1049p1233,162.358,12.552,233.9216455,57.9512753,-654.76,9738.08,-4657.37,,,,,,,,,,,,,,,,,,10814.34,0.0,0.0,30.17,0.06,0.06,10816.88,11224.49,11014.47,515.28,trgb,Cohen2018ApJ...868...96C,-11.42,0.12,0.12,6.8,,,,,,,ngc_3379,1,1,18.75,0.12,0.12,Carlsten2022ApJ...933...47C,0.1867,0.0183,0.0183,586.02,56.82,57.35,586.02,56.82,57.35,,,,,,,,25.99,,,,,,,,,,,,,,,,,,Carlsten2022ApJ...933...47C,,,,,,,,,,,,,,,,,,,,,,,,,,,,,,
ngc_3379-dw1049p1247,dw1049p1247,162.298,12.793,233.4762079,58.0271485,-670.98,10734.32,-5121.52,,,,,,,,,,,,,,,,,,11912.42,0.0,0.0,30.38,0.16,0.15,11914.98,12318.02,12110.69,593.82,sbf,Carlsten2022ApJ...933...47C,-10.87,0.13,0.13,6.58,,,,,,,ngc_3379,1,1,19.51,0.13,0.13,Carlsten2022ApJ...933...47C,0.1267,0.0133,0.0133,437.97,45.52,45.94,437.97,45.52,45.94,,,,,,,,25.91,,,,,,,,,,,,,,,,,,Carlsten2022ApJ...933...47C,,,,,,,,,,,,,,,,,,,,,,,,,,,,,,
ngc_3379-dw1050p1213,dw1050p1213,162.6,12.218,234.6916981,57.9750958,-754.78,10058.07,-4796.24,,,,,,,,,,,,,,,,,,11168.63,0.0,0.0,30.24,0.22,0.21,11171.12,11582.7,11370.91,210.82,sbf,Carlsten2022ApJ...933...47C,-9.53,0.19,0.19,6.05,,,,,,,ngc_3379,1,1,20.71,0.19,0.19,Carlsten2022ApJ...933...47C,0.08,0.0133,0.0133,259.01,42.68,43.07,259.01,42.68,43.07,,,,,,,,26.11,,,,,,,,,,,,,,,,,,Carlsten2022ApJ...933...47C,,,,,,,,,,,,,,,,,,,,,,,,,,,,,,
ngc_3379-dw1050p1236,dw1050p1236,162.649,12.609,234.112206,58.2228725,-696.9,10173.03,-4804.29,,,,,,,,,,,,,,,,,,11271.97,0.0,0.0,30.26,0.19,0.18,11274.48,11682.07,11472.28,143.13,sbf,Carlsten2022ApJ...933...47C,-10.21,0.15,0.15,6.32,,,,,,,ngc_3379,1,1,20.05,0.15,0.15,Carlsten2022ApJ...933...47C,0.1683,0.0217,0.0217,550.48,70.0,70.64,550.48,70.0,70.64,,,,,,,,27.06,,,,,,,,,,,,,,,,,,Carlsten2022ApJ...933...47C,,,,,,,,,,,,,,,,,,,,,,,,,,,,,,
ngc_3379-dw1051p1406,dw1051p1406,162.881,14.115,231.8427053,59.1870578,-452.35,10303.04,-4677.16,,,,,,,,832.0,53.0,53.0,,,,,735.68,691.49,Karachentsev2013AJ....145..101K,11324.0,,,30.27,,,11326.58,11719.39,11516.84,351.32,host,,-12.89,0.1,0.1,7.39,,,,,,,ngc_3379,1,1,17.38,0.1,0.1,Carlsten2022ApJ...933...47C,0.1117,0.0083,0.0083,367.26,27.05,27.3,367.26,27.05,27.3,,,,,,,,23.51,,,,,,,,,,,,,,,,,,Carlsten2022ApJ...933...47C,,,,,,,,,,,,,,,,,,,,,,,,,,,,,,
ngc_3379-dw1052p1102,dw1052p1102,163.081,11.043,237.0243596,57.7261339,-1014.05,10172.51,-4870.8,,,,,,,,827.0,8.0,8.0,,,,,719.81,672.14,Makarov2014A&A...570A..13M,11324.0,,,30.27,,,11326.37,11751.94,11533.42,373.86,host,,-14.78,0.09,0.09,8.15,,,,,,,ngc_3379,1,1,15.49,0.09,0.09,Carlsten2022ApJ...933...47C,0.1783,0.01,0.01,586.75,32.46,32.75,586.75,32.46,32.75,,,,,,,,22.63,,,,,,,,,,,,,,,,,,Carlsten2022ApJ...933...47C,,,,,,,,,,,,,,,,,,,,,,,,,,,,,,
ngc_3379-fs_04,FS04,160.50125,12.335,232.5299715,56.2887264,-565.25,10051.61,-5184.46,,,,,,,,772.0,1.0,1.0,,,,,665.93,620.57,Makarov2014A&A...570A..13M,11324.0,,,30.27,,,11326.75,11726.8,11520.61,285.07,host,,-15.12,0.09,0.09,8.28,,,,,7.52,,ngc_3379,1,1,15.15,0.09,0.09,Carlsten2022ApJ...933...47C,0.3417,0.0183,0.0183,1124.21,59.5,60.05,1124.21,59.5,60.05,,,,,,,,23.7,,,,,,,,,,,,,1.1,,,,Makarov2014A&A...570A..13M,Carlsten2022ApJ...933...47C,,,,,,,,,,,,,,,,,,,,,,,,,,,,,,
ngc_3379-kk_093,KK 93,161.603333,14.025,230.8219583,58.0637959,-302.77,8570.7,-4100.78,,,,,,,,,,,,,,,,,,9506.05,0.0,0.0,29.89,0.07,0.07,9508.77,9900.21,9697.36,1837.7,trgb,Cohen2018ApJ...868...96C,-13.44,0.09,0.09,7.61,,,,,,,ngc_3379,1,1,16.45,0.09,0.09,Carlsten2022ApJ...933...47C,0.3017,0.0183,0.0183,833.12,49.95,50.41,833.12,49.95,50.41,,,,,,,,24.73,,,,,,,,,,,,,,,,,,Carlsten2022ApJ...933...47C,,,,,,,,,,,,,,,,,,,,,,,,,,,,,,
ngc_3379-kk_094,KK94,161.73875,12.998333,232.6181112,57.6654814,-498.33,9151.39,-4444.83,,,,,,,,832.0,4.0,4.0,,,,,730.0,684.94,Makarov2014A&A...570A..13M,10185.91,0.0,0.0,30.04,0.07,0.07,10188.55,10589.83,10382.57,1141.46,trgb,Cohen2018ApJ...868...96C,-13.42,0.09,0.09,7.6,,,,,7.58,,ngc_3379,1,1,16.62,0.09,0.09,Carlsten2022ApJ...933...47C,0.3867,0.0233,0.0233,1144.25,68.12,68.75,1144.25,68.12,68.75,,,,,,,,25.44,,,,,,,,,,,,,1.56,,,,Makarov2014A&A...570A..13M,Carlsten2022ApJ...933...47C,,,,,,,,,,,,,,,,,,,,,,,,,,,,,,
ngc_3379-kk_096,KK96,162.612917,12.360833,234.4760749,58.0618024,-654.41,9012.48,-4283.33,,,,,,,,,,,,,,,,,,10000.0,0.0,0.0,30.0,0.04,0.04,10002.5,10414.83,10202.13,1329.97,trgb,Cohen2018ApJ...868...96C,-13.64,0.09,0.09,7.69,,,,,,,ngc_3379,1,1,16.36,0.09,0.09,Carlsten2022ApJ...933...47C,0.5183,0.03,0.03,1505.96,85.98,86.77,1505.96,85.98,86.77,,,,,,,,25.82,,,,,,,,,,,,,,,,,,Carlsten2022ApJ...933...47C,,,,,,,,,,,,,,,,,,,,,,,,,,,,,,
ngc_3379-leg_05,LeG05,159.929,12.6348889,231.5572553,55.9598734,-462.84,10022.49,-5250.58,,,,,,,,780.0,3.0,3.0,,,,,674.28,629.46,Stierwalt2009AJ....138..338S,11324.0,,,30.27,,,11326.83,11720.94,11517.63,391.21,host,,-14.05,0.09,0.09,7.85,,,,,6.43,,ngc_3379,1,1,16.22,0.09,0.09,Carlsten2022ApJ...933...47C,0.1967,0.0117,0.0117,647.03,37.86,38.21,647.03,37.86,38.21,,,,,,,,23.58,,,,,,,,,,,,,0.09,,,,Stierwalt2009AJ....138..338S,Carlsten2022ApJ...933...47C,,,,,,,,,,,,,,,,,,,,,,,,,,,,,,
ngc_3379-leg_09,LeG09,160.644167,12.150556,232.9446023,56.3132981,-548.81,9042.99,-4655.74,,,,,,,,,,,,,,,,,,10185.91,0.0,0.0,30.04,0.07,0.07,10188.63,10593.37,10384.37,1165.99,trgb,Cohen2018ApJ...868...96C,-13.51,0.09,0.09,7.64,,,,,,,ngc_3379,1,1,16.53,0.09,0.09,Carlsten2022ApJ...933...47C,0.42,0.025,0.025,1242.91,72.98,73.66,1242.91,72.98,73.66,,,,,,,,25.53,,,,,,,,,,,,,,,,,,Carlsten2022ApJ...933...47C,,,,,,,,,,,,,,,,,,,,,,,,,,,,,,
ngc_3379-leg_13,LeG13,161.24,11.916111,233.8586115,56.6875592,-620.63,8906.79,-4503.76,,,,,,,,871.0,3.0,3.0,,,,,764.4,718.3,Stierwalt2009AJ....138..338S,10000.0,0.0,0.0,30.0,0.13,0.13,10002.63,10413.05,10201.22,1336.11,sbf,Carlsten2022ApJ...933...47C,-12.95,0.1,0.1,7.41,,,,,6.71,,ngc_3379,1,1,17.05,0.1,0.1,Carlsten2022ApJ...933...47C,0.195,0.0117,0.0117,566.53,33.44,33.75,566.53,33.44,33.75,,,,,,,,24.39,,,,,,,,,,,,,0.22,,,,Stierwalt2009AJ....138..338S,Carlsten2022ApJ...933...47C,,,,,,,,,,,,,,,,,,,,,,,,,,,,,,
ngc_3379-leg_14,LeG14,161.56,12.96,232.5139429,57.4960987,-481.78,8971.44,-4391.03,,,,,,,,886.0,60.0,60.0,,,,,783.62,738.58,Makarov2014A&A...570A..13M,10000.0,0.0,0.0,30.0,0.09,0.09,10002.66,10403.87,10196.54,1327.81,trgb,Cohen2018ApJ...868...96C,-11.94,0.11,0.11,7.01,,,,,,,ngc_3379,1,1,18.06,0.11,0.11,Carlsten2022ApJ...933...47C,0.165,0.0133,0.0133,479.16,38.21,38.57,479.16,38.21,38.57,,,,,,,,25.03,,,,,,,,,,,,,,,,,,Carlsten2022ApJ...933...47C,,,,,,,,,,,,,,,,,,,,,,,,,,,,,,
ngc_3379-leg_16,LeG16,161.625,11.755833,234.4719688,56.9218922,-743.3,9830.73,-4913.56,,,,,,,,,,,,,,,,,,11015.39,0.0,0.0,30.21,0.16,0.14,11017.97,11429.96,11217.87,353.76,sbf,Carlsten2022ApJ...933...47C,-12.57,0.1,0.1,7.26,,,,,,,ngc_3379,1,1,17.64,0.1,0.1,Carlsten2022ApJ...933...47C,0.2117,0.0133,0.0133,677.35,42.09,42.48,677.35,42.09,42.48,,,,,,,,25.15,,,,,,,,,,,,,,,,,,Carlsten2022ApJ...933...47C,,,,,,,,,,,,,,,,,,,,,,,,,,,,,,
ngc_3379-leg_17,LeG17,161.672917,12.326389,233.6260342,57.2632458,-499.27,7584.61,-3742.17,,,,,,,,1030.0,2.0,2.0,,,,,925.47,879.68,Stierwalt2009AJ....138..338S,8472.27,0.0,0.0,29.64,0.2,0.17,8474.88,8886.89,8673.37,2852.46,sbf,Carlsten2022ApJ...933...47C,-13.42,0.09,0.09,7.6,,,,,7.32,,ngc_3379,1,1,16.22,0.09,0.09,Carlsten2022ApJ...933...47C,0.25,0.015,0.015,615.36,36.42,36.76,615.36,36.42,36.76,,,,,,,,24.1,,,,,,,,,,,,,1.24,,,,Stierwalt2009AJ....138..338S,Carlsten2022ApJ...933...47C,,,,,,,,,,,,,,,,,,,,,,,,,,,,,,
ngc_3379-leg_19,LeG19,161.728333,12.788056,232.9454749,57.5490203,-609.69,10496.38,-5121.26,,,,,,,,,,,,,,,,,,11694.99,0.0,0.0,30.34,0.2,0.17,11697.62,12098.35,11892.04,375.97,sbf,Carlsten2022ApJ...933...47C,-12.12,0.11,0.11,7.08,,,,,,,ngc_3379,1,1,18.22,0.11,0.11,Carlsten2022ApJ...933...47C,0.1483,0.0117,0.0117,503.8,39.11,39.47,503.8,39.11,39.47,,,,,,,,24.96,,,,,,,,,,,,,,,,,,Carlsten2022ApJ...933...47C,,,,,,,,,,,,,,,,,,,,,,,,,,,,,,
ngc_3379-leg_21,LeG21,161.753333,12.959722,232.6937362,57.6579785,-572.53,10362.29,-5033.93,,,,,,,,843.0,1.0,1.0,,,,,740.88,695.77,Stierwalt2009AJ....138..338S,11534.53,0.0,0.0,30.31,0.2,0.17,11537.17,11936.48,11730.8,227.1,sbf,Carlsten2022ApJ...933...47C,-11.75,0.11,0.11,6.93,,,,,7.18,,ngc_3379,1,1,18.56,0.11,0.11,Carlsten2022ApJ...933...47C,0.1317,0.0117,0.0117,440.97,38.57,38.92,440.97,38.57,38.92,,,,,,,,25.04,,,,,,,,,,,,,0.48,,,,Stierwalt2009AJ....138..338S,Carlsten2022ApJ...933...47C,,,,,,,,,,,,,,,,,,,,,,,,,,,,,,
ngc_3379-leg_26,LeG26,162.837917,12.849167,233.9066704,58.5057416,-614.19,9342.82,-4358.22,,,,,,,,,,,,,,,,,,10327.61,0.0,0.0,30.07,0.18,0.15,10330.12,10737.78,10527.53,1010.78,sbf,Carlsten2022ApJ...933...47C,-14.31,0.09,0.09,7.96,,,,,,,ngc_3379,1,1,15.76,0.09,0.09,Carlsten2022ApJ...933...47C,0.2867,0.015,0.015,860.27,44.4,44.81,860.27,44.4,44.81,,,,,,,,23.93,,,,,,,,,,,,,,,,,,Carlsten2022ApJ...933...47C,,,,,,,,,,,,,,,,,,,,,,,,,,,,,,
ngc_3379-lsbc_d640-11,LSBC D640-11,162.755833,13.333889,233.0312527,58.688191,-559.54,9889.42,-4583.71,,,,,,,,701.0,17.0,17.0,,,,,601.64,556.61,Karachentsev2013AJ....145..101K,10914.4,0.0,0.0,30.19,0.37,0.36,10916.94,11318.09,11111.29,460.34,sbf,Carlsten2022ApJ...933...47C,-14.23,0.09,0.09,7.93,,,,,,,ngc_3379,1,1,15.96,0.09,0.09,Carlsten2022ApJ...933...47C,0.31,0.0167,0.0167,983.11,52.14,52.62,983.11,52.14,52.62,,,,,,,,24.3,,,,,,,,,,,,,,,,,,Carlsten2022ApJ...933...47C,,,,,,,,,,,,,,,,,,,,,,,,,,,,,,
ngc_3379-m96-df2,M96-DF2,161.919167,12.048889,234.2972413,57.321565,-691.37,9508.55,-4672.18,,,,,,,,,,,,,,,,,,10616.96,0.0,0.0,30.13,0.1,0.1,10619.52,11030.61,10818.79,714.4,trgb,Cohen2018ApJ...868...96C,-10.91,0.13,0.13,6.6,,,,,,,ngc_3379,1,1,19.22,0.13,0.13,Carlsten2022ApJ...933...47C,0.1883,0.02,0.02,580.36,60.86,61.42,580.36,60.86,61.42,,,,,,,,26.48,,,,,,,,,,,,,,,,,,Carlsten2022ApJ...933...47C,,,,,,,,,,,,,,,,,,,,,,,,,,,,,,
ngc_3379-m96-df7,M96-DF7,161.80625,12.8025,232.9953211,57.6216011,-534.68,9147.59,-4448.43,,,,,,,,,,,,,,,,,,10185.91,0.0,0.0,30.04,0.1,0.1,10188.53,10592.16,10383.76,1139.17,trgb,Cohen2018ApJ...868...96C,-11.71,0.11,0.11,6.92,,,,,,,ngc_3379,1,1,18.33,0.11,0.11,Carlsten2022ApJ...933...47C,0.2783,0.0233,0.0233,823.26,68.12,68.75,823.26,68.12,68.75,,,,,,,,26.44,,,,,,,,,,,,,,,,,,Carlsten2022ApJ...933...47C,,,,,,,,,,,,,,,,,,,,,,,,,,,,,,
ngc_3384,NGC 3384,162.07,12.629,233.5221946,57.7518929,-596.04,9370.49,-4525.62,,,,,,,,563.0,6.0,6.0,,,,,460.11,414.53,Makarov2014A&A...570A..13M,10423.17,0.0,0.0,30.09,0.02,0.02,10425.75,10831.95,10622.42,901.12,trgb,Tully2009AJ....138..323T,-20.2,,,10.31,,,,,7.63,,ngc_3379,1,1,9.89,,,Makarov2014A&A...570A..13M,,,,,,,,,,,,,,,,,,,,,,,,,,,,,,1.67,,,,Makarov2014A&A...570A..13M,,,,,,,,,,,,,,,,,,,,,,,,,,,,,,,
ngc_3412,NGC 3412,162.722,13.412,232.8696671,58.6998216,-563.83,10261.71,-4755.26,,,,,,,,845.8,1.4,1.4,,,,,746.68,701.75,Smith2000MNRAS.313..469S,11324.0,0.0,0.0,30.27,0.14,0.14,11326.55,11726.02,11520.22,220.57,sbf,Tonry2001ApJ...546..681T,-19.81,,,10.16,,,,,,,ngc_3379,1,1,10.46,,,Carlsten2022ApJ...933...47C,,,,,,,,,,,,,,,,,,,,,,,,,,,,,,,,,,,,,,,,,,,,,,,,,,,,,,,,,,,,,,,,,
ngc_3521-dw1104p0004,dw1104+0004,166.16,0.080278,255.0413499,52.7244142,-3289.37,9940.05,-5210.4,,,,,,,,,,,,,,,,,,11694.99,0.0,0.0,30.34,0.21,0.21,11696.27,12238.26,11963.4,981.73,sbf,Carlsten2022ApJ...933...47C,-10.33,0.15,0.15,6.37,,,,,,,ngc_3521,1,1,20.01,0.15,0.15,Carlsten2022ApJ...933...47C,0.0827,0.011,0.011,280.45,36.87,37.21,280.45,36.87,37.21,,,,,,,,25.48,,,,,,,,,,,,,,,,,,Carlsten2022ApJ...933...47C,,,,,,,,,,,,,,,,,,,,,,,,,,,,,,
ngc_3521-dw1104p0005,dw1104+0005,166.170417,0.0925,255.0409436,52.7404713,-3588.78,10850.85,-5684.12,,,,,,,,,,,,,,,,,,12764.39,0.0,0.0,30.53,0.2,0.2,12765.66,13306.53,13032.48,2050.17,sbf,Carlsten2022ApJ...933...47C,-9.84,0.17,0.17,6.17,,,,,,,ngc_3521,1,1,20.69,0.17,0.17,Carlsten2022ApJ...933...47C,0.1732,0.0267,0.0267,640.92,97.56,98.45,640.92,97.56,98.45,,,,,,,,27.76,,,,,,,,,,,,,,,,,,Carlsten2022ApJ...933...47C,,,,,,,,,,,,,,,,,,,,,,,,,,,,,,
ngc_3521-dw1106m0052,dw1106-0052,166.608333,-0.881111,256.6295971,52.2876609,-3627.76,10253.49,-5379.27,,,,,,,,,,,,,,,,,,12133.89,0.0,0.0,30.42,0.19,0.18,12135.04,12686.65,12407.26,1428.97,sbf,Carlsten2022ApJ...933...47C,-11.5,0.12,0.12,6.83,,,,,,,ngc_3521,1,1,18.92,0.12,0.12,Carlsten2022ApJ...933...47C,0.1798,0.0163,0.0163,633.55,56.8,57.32,633.55,56.8,57.32,,,,,,,,26.08,,,,,,,,,,,,,,,,,,Carlsten2022ApJ...933...47C,,,,,,,,,,,,,,,,,,,,,,,,,,,,,,
ngc_3521-dw1107m0038,dw1107-0038,166.775833,-0.633889,256.5787516,52.5846612,-3404.26,9734.1,-5048.17,,,,,,,,,,,,,,,,,,11481.54,0.0,0.0,30.3,0.21,0.2,11482.68,12033.55,11754.36,777.56,sbf,Carlsten2022ApJ...933...47C,-9.44,0.2,0.2,6.01,,,,,,,ngc_3521,0,0,20.86,0.2,0.2,Carlsten2022ApJ...933...47C,0.1028,0.0187,0.0187,342.16,61.43,61.99,342.16,61.43,61.99,,,,,,,,26.8,,,,,,,,,,,,,,,,,,Carlsten2022ApJ...933...47C,,,,,,,,,,,,,,,,,,,,,,,,,,,,,,
ngc_3521-dw1109m0016,dw1109-0016,167.327917,-0.276944,256.9001395,53.2128358,-2924.53,8455.33,-4257.86,,,,,,,,,,,,,,,,,,9908.32,0.0,0.0,29.98,0.25,0.22,9909.43,10461.42,10181.21,823.23,sbf,Carlsten2022ApJ...933...47C,-11.76,0.11,0.11,6.94,,,,,,,ngc_3521,1,1,18.22,0.11,0.11,Carlsten2022ApJ...933...47C,0.3127,0.027,0.027,899.56,76.67,77.38,899.56,76.67,77.38,,,,,,,,26.58,,,,,,,,,,,,,,,,,,Carlsten2022ApJ...933...47C,,,,,,,,,,,,,,,,,,,,,,,,,,,,,,
ngc_3521-dw1110p0037,dw1110+0037,167.623333,0.616667,256.3110298,54.08685,-3243.96,9845.79,-4811.89,,,,,,,,863.7,29.4,29.4,,,,,728.24,668.73,Karachentsev2013AJ....145..101K,11428.78,0.0,0.0,30.29,0.19,0.16,11429.91,11973.47,11697.84,759.1,sbf,Carlsten2022ApJ...933...47C,-13.71,0.09,0.09,7.72,,,,,,,ngc_3521,1,1,16.58,0.09,0.09,Carlsten2022ApJ...933...47C,0.2393,0.0142,0.0142,794.69,46.4,46.83,794.69,46.4,46.83,,,,,,,,24.36,,,,,,,,,,,,,,,,,,Carlsten2022ApJ...933...47C,,,,,,,,,,,,,,,,,,,,,,,,,,,,,,
ngc_3521-dw1111p0049,dw1111+0049,167.84875,0.830278,256.3688976,54.395542,-2835.42,8681.56,-4185.23,,,,,,,,,,,,,,,,,,10046.16,0.0,0.0,30.01,0.23,0.22,10047.28,10591.61,10315.17,732.2,sbf,Carlsten2022ApJ...933...47C,-11.71,0.11,0.11,6.92,,,,,,,ngc_3521,1,1,18.3,0.11,0.11,Carlsten2022ApJ...933...47C,0.288,0.0248,0.0248,840.12,71.5,72.16,840.12,71.5,72.16,,,,,,,,26.48,,,,,,,,,,,,,,,,,,Carlsten2022ApJ...933...47C,,,,,,,,,,,,,,,,,,,,,,,,,,,,,,
ngc_3521-dwtbg,NGC 3521-dwTBG,166.804583,-0.1875,256.1381597,52.9438485,-3567.9,10473.8,-5378.26,,,,,,,,,,,,,,,,,,12302.69,0.0,0.0,30.45,0.19,0.17,12303.86,12850.19,12573.41,1589.35,sbf,Carlsten2022ApJ...933...47C,-12.92,0.1,0.1,7.4,,,,,,,ngc_3521,1,1,17.53,0.1,0.1,Carlsten2022ApJ...933...47C,0.2985,0.0198,0.0198,1066.77,69.93,70.58,1066.77,69.93,70.58,,,,,,,,25.79,,,,,,,,,,,,,,,,,,Carlsten2022ApJ...933...47C,,,,,,,,,,,,,,,,,,,,,,,,,,,,,,
ngc_3521-kksg_20,KKSG 20,166.169167,0.058333,255.0766326,52.7139798,-2868.97,8656.26,-4537.74,,,,,,,,835.0,13.0,13.0,,,,,695.41,635.77,Roberts2004MNRAS.352..478R,10185.91,0.0,0.0,30.04,0.17,0.16,10187.18,10731.25,10454.92,532.07,sbf,Carlsten2022ApJ...933...47C,-13.99,0.09,0.09,7.83,,,,,6.14,,ngc_3521,1,1,16.05,0.09,0.09,Carlsten2022ApJ...933...47C,0.288,0.0165,0.0165,852.32,48.17,48.61,852.32,48.17,48.61,,,,,,,,24.23,,,,,,,,,,,,,0.056,,,,Roberts2004MNRAS.352..478R,Carlsten2022ApJ...933...47C,,,,,,,,,,,,,,,,,,,,,,,,,,,,,,
ngc_3521-kksg_22,KKSG 22,166.532083,-1.448611,257.1258398,51.8031818,-3556.26,9736.17,-5180.4,,,,,,,,,,,,,,,,,,11587.77,0.0,0.0,30.32,0.16,0.14,11588.9,12145.52,11863.56,914.95,sbf,Carlsten2022ApJ...933...47C,-13.11,0.1,0.1,7.48,,,,,,,ngc_3521,1,1,17.21,0.1,0.1,Carlsten2022ApJ...933...47C,0.2297,0.0148,0.0148,773.11,49.26,49.72,773.11,49.26,49.72,,,,,,,,24.9,,,,,,,,,,,,,,,,,,Carlsten2022ApJ...933...47C,,,,,,,,,,,,,,,,,,,,,,,,,,,,,,
ngc_3521-sat,NGC 3521-sat,166.419583,0.120833,255.3203275,52.9259373,-3027.66,9125.37,-4730.35,,,,,,,,,,,,,,,,,,10715.19,,,30.15,,,10716.44,11260.29,10984.25,29.94,host,,-14.46,0.09,0.09,8.02,,,,,,,ngc_3521,1,1,15.69,0.09,0.09,Carlsten2022ApJ...933...47C,1.0478,0.0565,0.0565,3262.37,173.52,175.11,3262.37,173.52,175.11,,,,,,,,26.68,,,,,,,,,,,,,,,,,,Carlsten2022ApJ...933...47C,,,,,,,,,,,,,,,,,,,,,,,,,,,,,,
ngc_3593,NGC 3593,168.654,12.818,240.4277402,63.2112744,-1101.21,10117.68,-3656.47,,,,,,,,630.0,2.0,2.0,,,,,537.8,490.59,Makarov2014A&A...570A..13M,10814.34,0.0,0.0,30.17,,,10816.15,11247.34,11026.12,402.4,tf,Karachentsev2013AJ....145..101K,-19.53,0.09,0.09,10.05,,,,,8.52,,ngc_3627,1,1,10.64,0.09,0.09,Carlsten2022ApJ...933...47C,0.9383,0.045,0.045,2948.85,139.48,140.76,2948.85,139.48,140.76,,,,,,,,21.39,,,,,,,,,,,,,12.13,,,,Makarov2014A&A...570A..13M,Carlsten2022ApJ...933...47C,,,,,,,,,,,,,,,,,,,,,,,,,,,,,,
ngc_3623,NGC 3623,169.733,13.092,241.3318771,64.2215045,-1279.08,11476.41,-3905.08,,,,,,,,803.0,2.0,2.0,,,,,713.6,666.47,Haynes2018ApJ...861...49H,12189.9,0.0,0.0,30.43,0.2,0.2,12191.59,12621.73,12401.61,1074.75,tf,Tully2013AJ....146...86T,-21.63,,,10.89,,,,,8.63,,ngc_3627,1,1,8.8,,,Makarov2014A&A...570A..13M,,,,,,,,,,,,,,,,,,,,,,,,,,,,,,12.2,0.1,0.1,,Haynes2018ApJ...861...49H,,,,,,,,,,,,,,,,,,,,,,,,,,,,,,,
ngc_3627-dw1114p1238,dw1114p1238,168.688,12.648,240.7754452,63.1379313,-1164.6,10395.35,-3764.98,,,,,,,,630.0,2.0,2.0,,,,,537.25,489.84,Haynes2011AJ....142..170H,11117.32,,,30.23,,,11119.11,11551.7,11329.93,268.44,host,,-13.25,0.1,0.1,7.53,,,,,7.26,,ngc_3627,1,1,16.98,0.1,0.1,Carlsten2022ApJ...933...47C,0.12,0.0067,0.0067,387.62,21.24,21.44,387.62,21.24,21.44,,,,,,,,23.26,,,,,,,,,,,,,0.62,,,,Haynes2011AJ....142..170H,Carlsten2022ApJ...933...47C,,,,,,,,,,,,,,,,,,,,,,,,,,,,,,
ngc_3627-dw1118p1233,dw1118p1233,169.676,12.561,242.2254543,63.8581136,-1093.77,9093.39,-3141.68,,,,,,,,,,,,,,,,,,9682.78,0.0,0.0,29.93,0.27,0.25,9684.45,10124.14,9898.3,1438.27,sbf,Carlsten2022ApJ...933...47C,-13.38,0.09,0.09,7.59,,,,,,,ngc_3627,1,1,16.55,0.09,0.09,Carlsten2022ApJ...933...47C,0.185,0.0117,0.0117,520.39,32.38,32.67,520.39,32.38,32.67,,,,,,,,23.77,,,,,,,,,,,,,,,,,,Carlsten2022ApJ...933...47C,,,,,,,,,,,,,,,,,,,,,,,,,,,,,,
ngc_3627-dw1118p1348,dw1118p1348,169.723,13.805,239.9806703,64.6317384,-922.55,9311.53,-3117.55,,,,,,,,,,,,,,,,,,9862.79,0.0,0.0,29.97,0.21,0.22,9864.54,10291.0,10071.68,1264.74,sbf,Carlsten2022ApJ...933...47C,-11.52,0.11,0.11,6.84,,,,,,,ngc_3627,1,1,18.45,0.11,0.11,Carlsten2022ApJ...933...47C,0.2283,0.02,0.02,653.89,56.54,57.06,653.89,56.54,57.06,,,,,,,,26.13,,,,,,,,,,,,,,,,,,Carlsten2022ApJ...933...47C,,,,,,,,,,,,,,,,,,,,,,,,,,,,,,
ngc_3627-dw1119p1157,dw1119p1157,169.81,11.952,243.4928649,63.5875364,-1444.66,10960.71,-3814.28,,,,,,,,861.0,1.0,1.0,,,,,767.64,719.22,Haynes2018ApJ...861...49H,11694.99,0.0,0.0,30.34,,,11696.61,12139.64,11913.05,615.55,btf,Karachentsev2013AJ....145..101K,-14.27,0.09,0.09,7.94,,,,,8.03,,ngc_3627,1,1,16.07,0.09,0.09,Carlsten2022ApJ...933...47C,0.3067,0.0167,0.0167,1042.09,55.86,56.38,1042.09,55.86,56.38,,,,,,,,24.39,,,,,,,,,,,,,3.31,0.05,0.05,,Haynes2018ApJ...861...49H,Carlsten2022ApJ...933...47C,,,,,,,,,,,,,,,,,,,,,,,,,,,,,,
ngc_3627-dw1119p1404,dw1119p1404,169.84,14.075,239.6159369,64.8799304,-852.03,8947.48,-2958.56,,,,,,,,486.0,132.0,132.0,,,,,400.33,354.3,Karachentsev2013AJ....145..101K,9462.37,0.0,0.0,29.88,0.27,0.27,9464.12,9889.0,9670.24,1666.72,sbf,Carlsten2022ApJ...933...47C,-13.95,0.09,0.09,7.81,,,,,,,ngc_3627,1,1,15.93,0.09,0.09,Carlsten2022ApJ...933...47C,0.345,0.02,0.02,948.47,54.24,54.74,948.47,54.24,54.74,,,,,,,,24.51,,,,,,,,,,,,,,,,,,Carlsten2022ApJ...933...47C,,,,,,,,,,,,,,,,,,,,,,,,,,,,,,
ngc_3627-dw1119p1417,dw1119p1417,169.816,14.29,239.1676317,64.9833081,-961.21,10519.71,-3465.04,,,,,,,,790.0,3.0,3.0,,,,,705.07,659.29,Makarov2014A&A...570A..13M,11117.32,,,30.23,,,11119.08,11538.4,11323.15,256.22,host,,-13.38,0.09,0.09,7.59,,,,,,,ngc_3627,1,1,16.85,0.09,0.09,Carlsten2022ApJ...933...47C,0.12,0.0067,0.0067,387.62,21.24,21.44,387.62,21.24,21.44,,,,,,,,23.13,,,,,,,,,,,,,,,,,,Carlsten2022ApJ...933...47C,,,,,,,,,,,,,,,,,,,,,,,,,,,,,,
ngc_3627-dw1119p1419,dw1119p1419,169.803,14.327,239.0786331,64.9938805,-1003.24,11067.2,-3644.64,,,,,,,,998.0,1.0,1.0,,,,,913.19,867.45,Haynes2018ApJ...861...49H,11694.99,0.0,0.0,30.34,,,11696.76,12114.73,11900.37,637.87,tf,Karachentsev2013AJ....145..101K,-14.23,0.09,0.09,7.93,,,,,7.26,,ngc_3627,1,1,16.11,0.09,0.09,Carlsten2022ApJ...933...47C,0.4117,0.0233,0.0233,1398.82,78.21,78.93,1398.82,78.21,78.93,,,,,,,,25.07,,,,,,,,,,,,,0.56,0.03,0.03,,Haynes2018ApJ...861...49H,Carlsten2022ApJ...933...47C,,,,,,,,,,,,,,,,,,,,,,,,,,,,,,
ngc_3627-dw1120p1332,dw1120p1332,170.067,13.549,240.9231773,64.7539514,-1142.32,10795.98,-3571.98,,,,,,,,,,,,,,,,,,11428.78,0.0,0.0,30.29,0.25,0.27,11430.47,11858.05,11638.91,330.22,sbf,Carlsten2022ApJ...933...47C,-12.49,0.1,0.1,7.23,,,,,,,ngc_3627,1,1,17.8,0.1,0.1,Carlsten2022ApJ...933...47C,0.2,0.0133,0.0133,663.98,43.67,44.08,663.98,43.67,44.08,,,,,,,,25.19,,,,,,,,,,,,,,,,,,Carlsten2022ApJ...933...47C,,,,,,,,,,,,,,,,,,,,,,,,,,,,,,
ngc_3627-dw1120p1337,dw1120p1337,170.255,13.607,241.0662751,64.9357758,-1115.13,10512.94,-3439.38,,,,,,,,815.0,4.0,4.0,,,,,728.35,681.7,Jennings2015ApJ...812L..10J,11117.32,,,30.23,,,11118.98,11547.09,11327.58,124.86,host,,-16.18,0.09,0.09,8.71,,,,,,,ngc_3627,1,1,14.05,0.09,0.09,Carlsten2022ApJ...933...47C,4.3667,0.215,0.215,14106.96,685.06,691.36,14106.96,685.06,691.36,,,,,,,,28.14,,,,,,,,,,,,,,,,,,Carlsten2022ApJ...933...47C,,,,,,,,,,,,,,,,,,,,,,,,,,,,,,
ngc_3627-dw1121p1326,dw1121p1326,170.404,13.447,241.5733699,64.9575801,-904.58,8236.36,-2683.64,,,,,,,,,,,,,,,,,,8709.64,0.0,0.0,29.7,0.25,0.26,8711.28,9146.51,8922.3,2409.63,sbf,Carlsten2022ApJ...933...47C,-11.05,0.13,0.13,6.65,,,,,,,ngc_3627,1,1,18.65,0.13,0.13,Carlsten2022ApJ...933...47C,0.1983,0.02,0.02,501.43,49.93,50.38,501.43,49.93,50.38,,,,,,,,26.02,,,,,,,,,,,,,,,,,,Carlsten2022ApJ...933...47C,,,,,,,,,,,,,,,,,,,,,,,,,,,,,,
ngc_3627-dw1122p1258,dw1122p1258,170.6,12.98,242.7226298,64.8283152,-1310.93,10997.35,-3585.9,,,,,,,,564.0,8.0,8.0,,,,,475.68,428.26,Makarov2014A&A...570A..13M,11641.26,0.0,0.0,30.33,0.2,0.19,11642.85,12077.95,11855.25,534.17,sbf,Carlsten2022ApJ...933...47C,-13.87,0.09,0.09,7.78,,,,,,,ngc_3627,1,1,16.46,0.09,0.09,Carlsten2022ApJ...933...47C,0.1233,0.0083,0.0083,417.06,27.8,28.06,417.06,27.8,28.06,,,,,,,,22.8,,,,,,,,,,,,,,,,,,Carlsten2022ApJ...933...47C,,,,,,,,,,,,,,,,,,,,,,,,,,,,,,
ngc_3627-dw1123p1342,dw1123p1342,170.806,13.714,241.6166936,65.4304988,-1137.6,10542.49,-3340.15,,,,,,,,878.0,2.0,2.0,,,,,792.68,746.06,Haynes2018ApJ...861...49H,11117.32,,,30.23,,,11118.93,11547.77,11327.93,198.39,host,,-12.72,0.1,0.1,7.32,,,,,8.69,,ngc_3627,1,1,17.51,0.1,0.1,Carlsten2022ApJ...933...47C,0.51,0.0333,0.0333,1647.06,106.21,107.19,1647.06,106.21,107.19,,,,,,,,26.93,,,,,,,,,,,,,16.71,0.05,0.05,,Haynes2018ApJ...861...49H,Carlsten2022ApJ...933...47C,,,,,,,,,,,,,,,,,,,,,,,,,,,,,,
ngc_3627-dw1124p1240,dw1124p1240,171.145,12.674,244.0655823,65.0575344,-1346.87,10513.49,-3353.67,,,,,,,,1004.0,2.5,2.5,,,,,915.53,867.67,Haynes2018ApJ...861...49H,11117.32,,,30.23,,,11118.82,11559.76,11334.04,213.85,host,,-12.26,0.1,0.1,7.14,,,,,7.07,,ngc_3627,1,1,17.97,0.1,0.1,Carlsten2022ApJ...933...47C,0.3133,0.0233,0.0233,1011.73,74.35,75.03,1011.73,74.35,75.03,,,,,,,,26.34,,,,,,,,,,,,,0.4,0.03,0.03,,Haynes2018ApJ...861...49H,Carlsten2022ApJ...933...47C,,,,,,,,,,,,,,,,,,,,,,,,,,,,,,
ngc_3628,NGC 3628,170.071,13.59,240.8507616,64.7812122,-1094.12,10407.34,-3439.33,,,,,,,,845.0,1.0,1.0,,,,,757.97,711.34,Makarov2014A&A...570A..13M,11015.39,0.0,0.0,30.21,0.34,0.34,11017.08,11444.9,11225.48,154.14,,Makarov2014A&A...570A..13M,-21.74,,,10.93,,,,,9.66,,ngc_3627,1,1,8.47,,,Makarov2014A&A...570A..13M,,,,,,,,,,,,,,,,,,,,,,,,,,,,,,161.4,,,,Makarov2014A&A...570A..13M,,,,,,,,,,,,,,,,,,,,,,,,,,,,,,,
ngc_3738,NGC 3738,173.9525,54.522778,144.5565747,59.315506,2681.69,4564.59,165.34,,,,,,,,225.0,8.2,8.2,,,,,299.01,306.06,Stil2002A&A...389...29S,5296.63,0.0,0.0,28.62,0.02,0.02,5300.02,5260.77,5264.45,,trgb,Tully2009AJ....138..323T,-17.13,,,9.09,,,,,8.06,,,1,1,11.49,,,Karachentsev2013AJ....145..101K,,,,,,,,,,,,,,,,,,,,,,,,,,,,,,17.54,,,,Stil2002A&A...389...29S,,,,,,,,,,,,,,,,,,,,,,,,,,,,,,,
ngc_3741,NGC 3741,174.024833,45.285389,157.5691371,66.4449401,1208.07,2983.66,-116.73,,,,,,,,228.8,2.0,2.0,,,,,268.62,262.69,Begum2008MNRAS.386.1667B,3221.07,0.0,0.0,27.54,0.11,0.11,3224.08,3341.81,3258.96,,,Tully2009AJ....138..323T,-13.34,0.09,0.09,7.57,,,,,8.26,,,1,1,14.2,0.09,0.09,Carlsten2021ApJ...922..267C,0.2697,0.0132,0.0132,252.41,12.16,12.27,218.6,10.93,11.02,,,,0.25,0.02,0.02,,21.93,,,,,,,,,,,,,74.7,7.5,7.5,,Begum2008MNRAS.386.1667B,Carlsten2021ApJ...922..267C,,,,,,,,,,,,,,,,,,,,,,,,,,,,,,
ngc_4068,NGC 4068,181.01,52.58861,138.9065366,63.044758,1987.12,3891.0,377.32,,,,,,,,210.0,2.1,2.1,,,,,285.7,289.78,Springob2005ApJS..160..149S,4385.31,0.0,0.0,28.21,0.02,0.02,4388.09,4396.77,4373.86,,trgb,Tully2009AJ....138..323T,-15.51,0.09,0.09,8.44,,,,,8.08,,,1,1,12.7,0.09,0.09,Carlsten2021ApJ...922..267C,0.8565,0.041,0.041,1091.5,51.53,52.01,771.77,40.0,39.6,28.8,,,0.5,0.02,0.02,,22.5,,,,,,,,,,,,,26.3,,,,Springob2005ApJS..160..149S,Carlsten2021ApJ...922..267C,,,,,,,,,,,,,,,,,,,,,,,,,,,,,,
ngc_4151,NGC 4151,182.6360025,39.4057938,155.076561,75.0632381,955.27,3769.72,110.66,,,,,,,,989.0,17.0,17.0,,,,,1020.18,1005.75,Makarov2014A&A...570A..13M,3890.45,0.0,0.0,27.95,0.36,0.36,3892.36,4084.44,3969.69,,tf,Tully2008ApJ...676..184T,-17.45,,,9.21,,,,,8.1,,,1,1,10.5,,,Makarov2014A&A...570A..13M,,,,,,,,,,,,,,,,,,,,,,,,,,,,,,35.0,,,,Makarov2014A&A...570A..13M,,,,,,,,,,,,,,,,,,,,,,,,,,,,,,,
ngc_4236,NGC 4236,184.180417,69.465556,127.4135292,47.3594622,2939.36,3164.3,869.6,,,,,,,,-8.0,,,,,,,124.56,151.95,Kourkchi2020ApJ...902..145K,4405.55,0.0,0.0,28.22,0.04,0.04,4408.9,4192.7,4282.9,1166.47,trgb,Tully2009AJ....138..323T,-18.86,,,9.78,,,,,9.14,,m_081,1,1,9.36,,,Karachentsev2013AJ....145..101K,,,,,,,,,,,,,,,,,,,,,,,,,,,,,,304.79,,,,Karachentsev2013AJ....145..101K,,,,,,,,,,,,,,,,,,,,,,,,,,,,,,,
ngc_4242,NGC 4242,184.375833,45.619444,140.7699101,70.3154314,2562.48,7148.59,638.57,,,,,,,,516.0,2.0,2.0,,,,,572.28,566.61,Makarov2014A&A...570A..13M,7620.79,0.0,0.0,29.41,,,7622.91,7699.63,7650.47,229.73,trgb,Anand2021AJ....162...80A,-18.65,,,9.69,,,,,8.64,,ngc_4258,1,1,10.76,,,Makarov2014A&A...570A..13M,,,,,,,,,,,,,,,,,,,,,,,,,,,,,,31.9,,,,Makarov2014A&A...570A..13M,,,,,,,,,,,,,,,,,,,,,,,,,,,,,,,
ngc_4244,NGC 4244,184.374583,37.8075,154.5637036,77.1572508,914.19,4203.19,180.91,,,,,,,,247.5,17.0,17.0,,,,,275.94,259.37,Kovac2009MNRAS.400..743K,4305.27,0.0,0.0,28.17,0.07,0.07,4306.9,4514.51,4394.01,,trgb,Tully2009AJ....138..323T,-18.37,,,9.58,,,,,9.19,,,1,1,9.8,,,Karachentsev2013AJ....145..101K,,,,,,,,,,,,,,,,,,,,,,,,,,,,,,356.45,,,,Kovac2009MNRAS.400..743K,,,,,,,,,,,,,,,,,,,,,,,,,,,,,,,
ngc_4248,NGC 4248,184.457917,47.409167,138.7106282,68.6762706,2526.67,6441.6,653.94,,,,,,,,483.0,6.0,6.0,,,,,545.65,542.51,Makarov2014A&A...570A..13M,6950.24,0.0,0.0,29.21,0.14,0.14,6952.47,7008.97,6968.86,,trgb,Tully2009AJ....138..323T,-16.93,0.02,0.02,9.01,,,,,7.74,,,1,1,12.28,0.02,0.02,Carlsten2022ApJ...933...47C,0.9462,0.0087,0.0087,1912.54,17.26,17.42,1912.54,17.26,17.42,,,,,,,,23.05,,,,,,,,,,,,,4.8,,,,Karachentsev2013AJ....145..101K,Carlsten2022ApJ...933...47C,,,,,,,,,,,,,,,,,,,,,,,,,,,,,,
ngc_4248-bts_132,BTS132,185.9425,47.658889,135.8752006,68.7680264,2683.7,6860.21,830.26,,,,,,,,,,,,,,,,,,7413.1,0.0,0.0,29.35,0.24,0.23,7415.22,7466.77,7429.85,480.61,sbf,Carlsten2022ApJ...933...47C,-11.42,0.09,0.09,6.8,,,,,,,ngc_4248,0,0,17.93,0.09,0.09,Carlsten2022ApJ...933...47C,0.2578,0.0375,0.0375,554.31,79.67,80.41,554.31,79.67,80.41,,,,,,,,25.87,,,,,,,,,,,,,,,,,,Carlsten2022ApJ...933...47C,,,,,,,,,,,,,,,,,,,,,,,,,,,,,,
ngc_4248-dw1220+4649,dw1220+4649,185.229167,46.829167,137.8968105,69.4022814,2794.36,7393.14,792.97,,,,,,,,,,,,,,,,,,7943.28,0.0,0.0,29.5,0.29,0.27,7945.41,8004.97,7964.73,998.21,sbf,Carlsten2022ApJ...933...47C,-10.66,0.14,0.14,6.5,,,,,,,ngc_4248,1,1,18.84,0.14,0.14,Carlsten2022ApJ...933...47C,0.1825,0.0102,0.0102,421.2,23.15,23.36,421.2,23.15,23.36,,,,,,,,26.03,,,,,,,,,,,,,,,,,,Carlsten2022ApJ...933...47C,,,,,,,,,,,,,,,,,,,,,,,,,,,,,,
ngc_4248-kkh_2011_s11,[KKH2011]S11,185.125417,47.490278,137.466145,68.7554426,3350.63,8566.82,943.16,,,,,,,,,,,,,,,,,,9246.98,0.0,0.0,29.83,0.53,0.54,9249.15,9294.44,9262.61,2297.63,sbf,Carlsten2022ApJ...933...47C,-9.03,0.35,0.35,5.85,,,,,,,ngc_4248,1,1,20.8,0.35,0.35,Carlsten2022ApJ...933...47C,0.1598,0.0253,0.0253,428.52,67.14,67.76,428.52,67.14,67.76,,,,,,,,27.7,,,,,,,,,,,,,,,,,,Carlsten2022ApJ...933...47C,,,,,,,,,,,,,,,,,,,,,,,,,,,,,,
ngc_4248-lv_j1218+4655,LV J1218+4655,184.54625,46.916944,139.0469291,69.1571627,2944.6,7700.08,766.08,,,,,,,,396.0,1.0,1.0,,,,,457.08,453.25,Karachentsev2024A&A...684L..24K,8279.42,0.0,0.0,29.59,0.09,0.09,8281.61,8337.94,8299.66,1330.8,trgb,Karachentsev2018ApJ...858...62K,-12.92,0.02,0.02,7.4,,,,,7.7,,ngc_4248,1,1,16.67,0.02,0.02,Carlsten2022ApJ...933...47C,0.2335,0.0085,0.0085,561.93,20.17,20.36,561.93,20.17,20.36,,,,,,,,24.4,,,,,,,,,,,,,3.11,,,,Karachentsev2024A&A...684L..24K,Carlsten2022ApJ...933...47C,,,,,,,,,,,,,,,,,,,,,,,,,,,,,,
ngc_4395,NGC 4395,186.4575,33.546111,162.0818886,81.5356376,637.06,4716.05,227.36,,,,,,,,313.0,17.0,17.0,,,,,330.01,307.76,Kovac2009MNRAS.400..743K,4764.31,0.0,0.0,28.39,0.01,0.01,4765.45,5022.59,4879.74,,trgb,Tully2009AJ....138..323T,-18.19,,,9.51,,,,,9.08,,,1,1,10.2,,,Karachentsev2013AJ....145..101K,,,,,,,,,,,,,,,,,,,,,,,,,,,,,,222.8,,,,Kovac2009MNRAS.400..743K,,,,,,,,,,,,,,,,,,,,,,,,,,,,,,,
ngc_4424,NGC 4424,186.798241,9.420542,283.8806485,71.3899193,-1104.39,3989.11,-293.34,,,,,,,,441.0,3.0,3.0,,,,,373.27,321.32,Makarov2014A&A...570A..13M,4149.54,0.0,0.0,28.09,0.09,0.09,4148.93,4678.87,4405.05,,,Makarov2014A&A...570A..13M,-16.77,,,8.94,,,,,7.12,,,1,1,11.32,,,Makarov2014A&A...570A..13M,,,,,,,,,,,,,,,,,,,,,,,,,,,,,,3.25,,,,Makarov2014A&A...570A..13M,,,,,,,,,,,,,,,,,,,,,,,,,,,,,,,
ngc_4449,NGC 4449,187.04666666666665,44.09444444444445,136.8514263,72.3999642,1289.8,4040.12,459.21,,,,,,,,201.0,,,,,,,256.36,248.73,Karachentsev2013AJ....145..101K,4265.8,0.0,0.0,28.15,0.01,0.01,4267.59,4396.37,4314.15,,,Tully2009AJ....138..323T,-18.62,,,9.68,,,,,,,,1,1,9.53,,,Karachentsev2013AJ....145..101K,,,,,,,,,,,,,,,,,,,,,,,,,,,,,,,,,,,,,,,,,,,,,,,,,,,,,,,,,,,,,,,,,
ngc_4517,NGC 4517,188.189583,0.115,292.7363185,62.6163918,-3493.54,7550.96,-775.45,,,,,,,,1127.0,2.0,2.0,,,,,1032.02,970.96,Makarov2014A&A...570A..13M,8356.03,0.0,0.0,29.61,0.12,0.12,8354.59,8952.68,8650.77,,trgb,Tully2009AJ....138..323T,-20.42,,,10.4,,,,,9.22,,,1,1,9.19,,,Makarov2014A&A...570A..13M,,,,,,,,,,,,,,,,,,,,,,,,,,,,,,100.9,,,,Karachentsev2013AJ....145..101K,,,,,,,,,,,,,,,,,,,,,,,,,,,,,,,
ngc_4517-dw1227p0136,dw1227p0136,186.944,1.6,289.4141823,63.8489923,-3253.07,7645.14,-890.3,,,,,,,,,,,,,,,,,,8356.03,,,29.61,,,8354.84,8939.43,8643.92,282.64,host,,-13.94,0.09,0.09,7.81,,,,,,,ngc_4517,1,1,15.67,0.09,0.09,Carlsten2022ApJ...933...47C,0.65,0.035,0.035,1578.18,83.82,84.59,1578.18,83.82,84.59,,,,,,,,25.62,,,,,,,,,,,,,,,,,,Carlsten2022ApJ...933...47C,,,,,,,,,,,,,,,,,,,,,,,,,,,,,,
ngc_4517-dw1231p0140,dw1231p0140,187.766,1.676,291.2169193,64.0833539,-3695.19,8619.9,-870.9,,,,,,,,1104.0,3.0,3.0,,,,,1012.97,953.3,Makarov2014A&A...570A..13M,9418.9,0.0,0.0,29.87,,,9417.61,10000.42,9706.24,1091.97,trgb,Anand2021AJ....162...80A,-14.51,0.09,0.09,8.04,,,,,7.73,,ngc_4517,1,1,15.36,0.09,0.09,Carlsten2022ApJ...933...47C,0.2017,0.01,0.01,551.97,27.0,27.24,551.97,27.0,27.24,,,,,,,,22.77,,,,,,,,,,,,,2.56,,,,Makarov2014A&A...570A..13M,Carlsten2022ApJ...933...47C,,,,,,,,,,,,,,,,,,,,,,,,,,,,,,
ngc_4517-dw1232p0015,dw1232p0015,188.1505417,0.2624444,292.6013613,62.7557801,-3969.63,8640.51,-885.82,,,,,,,,1192.0,,,,,,,1097.39,1036.46,Kim2014ApJS..215...22K,9549.93,0.0,0.0,29.9,0.18,0.16,9548.5,10143.57,9843.56,1194.13,sbf,Carlsten2022ApJ...933...47C,-12.43,0.1,0.1,7.21,,,,,,,ngc_4517,1,1,17.47,0.1,0.1,Carlsten2022ApJ...933...47C,0.1,0.0067,0.0067,277.41,18.25,18.42,277.41,18.25,18.42,,,,,,,,23.36,,,,,,,,,,,,,,,,,,Carlsten2022ApJ...933...47C,,,,,,,,,,,,,,,,,,,,,,,,,,,,,,
ngc_4517-dw1236m0025,dw1236m0025,189.175,-0.431,295.0087032,62.2138079,-4042.01,8427.18,-739.62,,,,,,,,,,,,,,,,,,9375.62,0.0,0.0,29.86,0.13,0.14,9374.02,9975.66,9672.49,1034.34,sbf,Carlsten2022ApJ...933...47C,-11.06,0.11,0.11,6.66,,,,,,,ngc_4517,1,1,18.8,0.11,0.11,Carlsten2022ApJ...933...47C,0.1467,0.0117,0.0117,399.34,31.35,31.64,399.34,31.35,31.64,,,,,,,,25.52,,,,,,,,,,,,,,,,,,Carlsten2022ApJ...933...47C,,,,,,,,,,,,,,,,,,,,,,,,,,,,,,
ngc_4517-dw1238m0035,dw1238m0035,189.705,-0.598,296.1769023,62.1081412,-4014.68,8257.14,-651.64,,,,,,,,,,,,,,,,,,9204.5,0.0,0.0,29.82,0.16,0.15,9202.82,9806.26,9502.2,886.34,sbf,Carlsten2022ApJ...933...47C,-10.67,0.12,0.12,6.5,,,,,,,ngc_4517,1,1,19.15,0.12,0.12,Carlsten2022ApJ...933...47C,0.0917,0.0083,0.0083,244.97,21.98,22.19,244.97,21.98,22.19,,,,,,,,24.85,,,,,,,,,,,,,,,,,,Carlsten2022ApJ...933...47C,,,,,,,,,,,,,,,,,,,,,,,,,,,,,,
ngc_4517-dw1238m0105,dw1238m0105,189.709,-1.087,296.2929808,61.6221977,-3227.6,6501.26,-531.5,,,,,,,,,,,,,,,,,,7277.8,0.0,0.0,29.31,0.19,0.2,7276.09,7886.72,7578.42,1110.0,sbf,Carlsten2022ApJ...933...47C,-9.44,0.16,0.16,6.01,,,,,,,ngc_4517,1,1,19.87,0.16,0.16,Carlsten2022ApJ...933...47C,0.0967,0.0133,0.0133,204.06,27.81,28.07,204.06,27.81,28.07,,,,,,,,25.68,,,,,,,,,,,,,,,,,,Carlsten2022ApJ...933...47C,,,,,,,,,,,,,,,,,,,,,,,,,,,,,,
ngc_4517-dw1238p0028,dw1238p0028,189.559,0.477,295.6060526,63.1608096,-3859.5,8332.67,-627.41,,,,,,,,,,,,,,,,,,9204.5,0.0,0.0,29.82,0.23,0.23,9202.91,9797.22,9497.53,875.73,sbf,Carlsten2022ApJ...933...47C,-10.21,0.13,0.13,6.32,,,,,,,ngc_4517,1,1,19.61,0.13,0.13,Carlsten2022ApJ...933...47C,0.1717,0.0183,0.0183,458.62,48.36,48.81,458.62,48.36,48.81,,,,,,,,26.67,,,,,,,,,,,,,,,,,,Carlsten2022ApJ...933...47C,,,,,,,,,,,,,,,,,,,,,,,,,,,,,,
ngc_4517-kdg_171,KDG 171,189.761,-0.664,296.3104516,62.0483014,-3655.09,7491.31,-586.33,,,,,,,,,,,,,,,,,,8356.03,0.0,0.0,29.61,0.13,0.14,8354.35,8959.58,8654.35,255.78,sbf,Carlsten2022ApJ...933...47C,-12.91,0.09,0.09,7.4,,,,,,,ngc_4517,1,1,16.7,0.09,0.09,Carlsten2022ApJ...933...47C,0.3433,0.02,0.02,833.52,47.9,48.34,833.52,47.9,48.34,,,,,,,,25.27,,,,,,,,,,,,,,,,,,Carlsten2022ApJ...933...47C,,,,,,,,,,,,,,,,,,,,,,,,,,,,,,
ngc_4562,NGC 4562,188.895,25.85,231.8511036,86.2287494,-56.87,11055.05,494.32,,,,,,,,1353.0,2.0,2.0,,,,,1347.54,1315.39,Makarov2014A&A...570A..13M,11066.24,0.0,0.0,30.22,0.31,0.31,11066.57,11390.32,11222.73,738.28,,Makarov2014A&A...570A..13M,-16.97,0.01,0.01,9.02,,,,,8.21,,ngc_4565,1,1,13.25,0.01,0.01,Carlsten2022ApJ...933...47C,0.5783,0.0017,0.0017,1861.57,5.29,5.33,1861.57,5.29,5.33,,,,,,,,22.95,,,,,,,,,,,,,5.6,,,,Makarov2014A&A...570A..13M,Carlsten2022ApJ...933...47C,,,,,,,,,,,,,,,,,,,,,,,,,,,,,,
ngc_4565-dw1234p2531,dw1234p2531,188.601,25.522,234.8001074,85.859307,-110.72,11848.32,458.06,,,,,,,,,,,,,,,,,,11857.69,0.0,0.0,30.37,0.17,0.17,11858.03,12184.2,12015.78,142.71,sbf,Carlsten2022ApJ...933...47C,-13.96,0.03,0.03,7.82,,,,,,,ngc_4565,1,1,16.41,0.03,0.03,Carlsten2022ApJ...933...47C,0.31,0.0083,0.0083,1068.68,28.32,28.58,1068.68,28.32,28.58,,,,,,,,24.75,,,,,,,,,,,,,,,,,,Carlsten2022ApJ...933...47C,,,,,,,,,,,,,,,,,,,,,,,,,,,,,,
ngc_4565-dw1237p2602,dw1237p2602,189.255,26.036,230.8378673,86.5966945,-39.37,10950.45,559.12,,,,,,,,,,,,,,,,,,10964.78,0.0,0.0,30.2,0.15,0.15,10965.09,11286.9,11120.23,839.02,sbf,Carlsten2022ApJ...933...47C,-12.38,0.06,0.06,7.19,,,,,,,ngc_4565,1,1,17.82,0.06,0.06,Carlsten2022ApJ...933...47C,0.1317,0.01,0.01,419.29,31.43,31.72,419.29,31.43,31.72,,,,,,,,24.3,,,,,,,,,,,,,,,,,,Carlsten2022ApJ...933...47C,,,,,,,,,,,,,,,,,,,,,,,,,,,,,,
ngc_4592,NGC 4592,189.827,-0.532,296.4221141,62.1863324,-3955.9,8147.31,-621.31,,,,,,,,1069.0,2.0,2.0,,,,,975.93,914.54,Koribalski2004AJ....128...16K,9078.21,0.0,0.0,29.79,0.07,0.07,9076.52,9679.61,9375.68,770.17,trgb,Kim2020ApJ...905..104K,-17.79,0.09,0.09,9.35,,,,,9.45,,ngc_4517,1,1,12.0,0.09,0.09,Carlsten2022ApJ...933...47C,0.77,0.0367,0.0367,2031.37,95.4,96.28,2031.37,95.4,96.28,,,,,,,,22.32,,,,,,,,,,,,,145.4,10.7,10.7,,Koribalski2004AJ....128...16K,Carlsten2022ApJ...933...47C,,,,,,,,,,,,,,,,,,,,,,,,,,,,,,
ngc_4594-dgsat_2,NGC 4594-DGSAT-2,189.96458,-11.34139,298.3767403,51.4279121,-5734.87,7776.25,-1124.73,,,,,,,,,,,,,,,,,,9727.47,0.0,0.0,29.94,0.14,0.13,9725.07,10407.4,10065.67,183.83,sbf,Carlsten2022ApJ...933...47C,-10.65,0.1,0.1,6.49,,,,,,,ngc_4594,1,1,19.29,0.1,0.1,Carlsten2022ApJ...933...47C,0.111,0.0103,0.0103,313.48,28.81,29.07,313.48,28.81,29.07,,,,,,,,25.4,,,,,,,,,,,,,,,,,,Carlsten2022ApJ...933...47C,,,,,,,,,,,,,,,,,,,,,,,,,,,,,,
ngc_4594-dgsat_3,NGC 4594-DGSAT-3,189.88667,-11.22722,298.240973,51.5361875,-4843.25,6598.72,-959.31,,,,,,,,,,,,,,,,,,8241.38,0.0,0.0,29.58,0.35,0.31,8238.99,8921.78,8579.53,1310.08,sbf,Carlsten2022ApJ...933...47C,-12.02,0.26,0.26,7.04,,,,,,6.89,ngc_4594,1,1,17.56,0.26,0.26,Carlsten2022ApJ...933...47C,0.2987,0.0462,0.0462,713.71,109.05,110.05,713.71,109.05,110.05,,,,,,,,25.82,,,,,,,,,,,,,,,,0.48,Karachentsev2013AJ....145..101K,Carlsten2022ApJ...933...47C,,,,,,,,,,,,,,,,,,,,,,,,,,,,,,
ngc_4594-dw1,NGC 4594-DW1,189.81375,-11.71889,298.1857558,51.0405528,-5567.74,7459.34,-1122.86,,,,,,,,1367.0,12.0,12.0,,,,,1240.77,1170.5,Crosby2025MNRAS.536.2072C,9375.62,0.0,0.0,29.86,0.15,0.14,9373.21,10058.14,9715.1,177.49,sbf,Carlsten2022ApJ...933...47C,-13.74,0.03,0.03,7.73,,,,,,,ngc_4594,1,1,16.12,0.03,0.03,Carlsten2022ApJ...933...47C,0.2218,0.0043,0.0043,604.75,11.64,11.75,604.75,11.64,11.75,,,,,,,,23.74,,,,,,,,,,,,,,,,,,Carlsten2022ApJ...933...47C,,,-1.2,0.1,0.1,spectroscopic,-1.2,0.1,0.1,,,,,Crosby2025MNRAS.536.2072C,,,,,,,,,,,,,9.0,0.7,0.8,Crosby2025MNRAS.536.2072C
ngc_4594-dw1234m1142,dw1234-1142,188.704167,-11.706944,296.4644863,50.9559639,-5619.66,7608.28,-1317.03,,,,,,,,,,,,,,,,,,9549.93,,,29.9,,,9547.65,10231.99,9889.2,211.37,host,,-13.11,,,7.48,,,,,,,ngc_4594,0,0,16.79,,,Crosby2024MNRAS.527.9118C,0.2042,,,567.17,,,457.26,,,,,,0.35,,,,23.76,,,,,,,,,,,,,,,,,,Crosby2024MNRAS.527.9118C,,,,,,,,,,,,,,,,,,,,,,,,,,,,,,
ngc_4594-dw1234m1238,dw1234-1238,188.704167,-12.64,296.6131731,50.0277146,-5736.83,7513.5,-1355.41,,,,,,,,,,,,,,,,,,9549.93,,,29.9,,,9547.59,10237.73,9892.17,270.29,host,,-11.49,,,6.83,,,,,,,ngc_4594,0,0,18.41,,,Crosby2024MNRAS.527.9118C,0.2065,,,573.65,,,483.37,,,,,,0.29,,,,25.5,,,,,,,,,,,,,,,,,,Crosby2024MNRAS.527.9118C,,,,,,,,,,,,,,,,,,,,,,,,,,,,,,
ngc_4594-dw1235m1155,dw1235-1155,188.966667,-11.931111,296.904648,50.7583187,-5659.92,7583.84,-1285.23,,,,,,,,,,,,,,,,,,9549.93,,,29.9,,,9547.6,10233.47,9889.97,175.66,host,,-12.79,,,7.35,,,,,,,ngc_4594,0,0,17.11,,,Crosby2024MNRAS.527.9118C,0.1528,,,424.57,,,320.54,,,,,,0.43,,,,23.31,,,,,,,,,,,,,,,,,,Crosby2024MNRAS.527.9118C,,,,,,,,,,,,,,,,,,,,,,,,,,,,,,
ngc_4594-dw1235m1216,dw1235-1216,188.929167,-12.273056,296.8986613,50.4144344,-5701.18,7549.44,-1305.22,,,,,,,,,,,,,,,,,,9549.93,,,29.9,,,9547.59,10235.56,9891.05,204.97,host,,-12.6,,,7.27,,,,,,,ngc_4594,0,0,17.3,,,Crosby2024MNRAS.527.9118C,0.1798,,,499.57,,,315.96,,,,,,0.6,,,,23.47,,,,,,,,,,,,,,,,,,Crosby2024MNRAS.527.9118C,,,,,,,,,,,,,,,,,,,,,,,,,,,,,,
ngc_4594-dw1237m1006,dw1237-1006,189.291667,-10.116111,297.1436379,52.5951712,-5443.31,7760.79,-1158.31,,,,,,,,,,,,,,,,,,9549.93,,,29.9,,,9547.68,10221.98,9884.03,276.37,host,,-12.31,,,7.16,,,,,,,ngc_4594,0,0,17.59,,,Crosby2024MNRAS.527.9118C,0.2615,,,726.44,,,492.69,,,,,,0.54,,,,24.72,,,,,,,,,,,,,,,,,,Crosby2024MNRAS.527.9118C,,,,,,,,,,,,,,,,,,,,,,,,,,,,,,
ngc_4594-dw1237m1125,dw1237-1125,189.298333,-11.433056,297.3459999,51.2841306,-4416.91,6006.15,-954.35,,,,,,,,,,,,,,,,,,7516.23,0.0,0.0,29.38,0.58,0.52,7513.9,8198.56,7855.19,2036.4,sbf,Carlsten2022ApJ...933...47C,-11.87,0.11,0.11,6.98,,,,,,,ngc_4594,0,0,17.51,0.11,0.11,Carlsten2022ApJ...933...47C,0.1603,0.0085,0.0085,350.17,18.31,18.48,350.17,18.31,18.48,,,,,,,,24.42,,,,,,,,,,,,,,,,,,Carlsten2022ApJ...933...47C,,,,,,,,,,,,,,,,,,,,,,,,,,,,,,
ngc_4594-dw1238m1043,dw1238-1043,189.675,-10.725,297.8433917,52.0208507,-5538.79,7698.07,-1123.7,,,,,,,,,,,,,,,,,,9549.93,,,29.9,,,9547.59,10226.01,9886.11,158.63,host,,-8.69,,,5.71,,,,,,,ngc_4594,0,0,21.21,,,Crosby2024MNRAS.527.9118C,0.0895,,,248.63,,,179.29,,,,,,0.48,,,,26.15,,,,,,,,,,,,,,,,,,Crosby2024MNRAS.527.9118C,,,,,,,,,,,,,,,,,,,,,,,,,,,,,,
ngc_4594-dw1239m1026,dw1239-1026,189.9625,-10.438056,298.2668475,52.3286977,-5514.86,7723.37,-1066.31,,,,,,,,,,,,,,,,,,9549.93,,,29.9,,,9547.58,10224.2,9885.17,197.59,host,,-10.19,,,6.31,,,,,,,ngc_4594,0,0,19.71,,,Crosby2024MNRAS.527.9118C,0.1313,,,364.84,,,284.95,,,,,,0.39,,,,25.65,,,,,,,,,,,,,,,,,,Crosby2024MNRAS.527.9118C,,,,,,,,,,,,,,,,,,,,,,,,,,,,,,
ngc_4594-dw1239m1154,dw1239-1154,189.841667,-11.906944,298.2513078,50.855066,-5696.19,7578.81,-1147.25,,,,,,,,,,,,,,,,,,9549.93,,,29.9,,,9547.5,10233.5,9889.98,53.62,host,,-9.56,,,6.06,,,,,,,ngc_4594,0,0,20.34,,,Crosby2024MNRAS.527.9118C,0.1175,,,326.41,,,309.66,,,,,,0.1,,,,26.47,,,,,,,,,,,,,,,,,,Crosby2024MNRAS.527.9118C,,,,,,,,,,,,,,,,,,,,,,,,,,,,,,
ngc_4594-dw1239m1159,dw1239-1159,189.787917,-11.986944,298.1777884,50.771356,-6763.46,8977.74,-1374.33,,,,,,,,,,,,,,,,,,11324.0,0.0,0.0,30.27,0.25,0.26,11321.58,12007.02,11664.03,1775.69,sbf,Carlsten2022ApJ...933...47C,-10.94,0.22,0.22,6.61,,,,,,,ngc_4594,1,1,19.33,0.22,0.22,Carlsten2022ApJ...933...47C,0.1703,0.0357,0.0357,558.65,115.76,116.82,558.65,115.76,116.82,,,,,,,,26.37,,,,,,,,,,,,,,,,,,Carlsten2022ApJ...933...47C,,,,,,,,,,,,,,,,,,,,,,,,,,,,,,
ngc_4594-dw1239m1227,dw1239-1227,189.7875,-12.453889,298.2322816,50.305697,-5762.36,7523.78,-1178.58,,,,,,,,,,,,,,,,,,9549.93,,,29.9,,,9547.48,10236.85,9891.72,142.6,host,,-8.88,,,5.79,,,,,,,ngc_4594,0,0,21.02,,,Crosby2024MNRAS.527.9118C,0.0747,,,207.42,,,203.23,,,,,,0.04,,,,26.23,,,,,,,,,,,,,,,,,,Crosby2024MNRAS.527.9118C,,,,,,,,,,,,,,,,,,,,,,,,,,,,,,
ngc_4594-dw1239m1240,dw1239-1240,189.875,-12.675,298.3907102,50.0914562,-5793.81,7500.29,-1174.12,,,,,,,,1040.0,13.0,13.0,,,,,911.29,840.39,Crosby2025MNRAS.536.2072C,9549.93,,,29.9,,,9547.45,10238.21,9892.42,176.44,host,,-13.94,,,7.81,,,,,,,ngc_4594,0,0,15.96,,,Crosby2024MNRAS.527.9118C,0.2965,,,823.67,,,576.57,,,,,,0.51,,,,23.43,,,,,,,,,,,,,,,,,,Crosby2024MNRAS.527.9118C,,,-1.2,0.3,0.3,spectroscopic,-1.2,0.3,0.3,,,,,Crosby2025MNRAS.536.2072C,,,,,,,,,,,,,8.7,1.3,1.6,Crosby2025MNRAS.536.2072C
ngc_4594-dw1240m1118,dw1240-1118,190.039167,-11.313889,298.4906398,51.4605495,-5182.14,7028.83,-1004.52,,,,,,,,1593.0,9.0,9.0,,,,,1468.43,1398.47,Crosby2025MNRAS.536.2072C,8790.23,0.0,0.0,29.72,0.15,0.12,8787.81,9470.7,9128.53,761.34,sbf,Carlsten2022ApJ...933...47C,-14.26,0.03,0.03,7.94,,,,,,,ngc_4594,1,1,15.46,0.03,0.03,Carlsten2022ApJ...933...47C,0.2583,0.0067,0.0067,660.2,16.8,16.95,660.2,16.8,16.95,,,,,,,,23.41,,,,,,,,,,,,,,,,,,Carlsten2022ApJ...933...47C,,,-0.9,0.1,0.1,spectroscopic,-0.9,0.1,0.1,,,,,Crosby2025MNRAS.536.2072C,,,,,,,,,,,,,9.0,0.9,1.0,Crosby2025MNRAS.536.2072C
ngc_4594-dw1240m1140,dw1240-1140,190.07333,-11.67944,298.5846948,51.0982141,-5677.77,7599.4,-1101.39,,,,,,,,1293.0,9.0,9.0,,,,,1167.5,1097.3,Dowell2014AJ....147..150D,9549.93,,,29.9,,,9547.49,10232.11,9889.26,15.71,host,,-13.65,0.38,0.38,7.69,,,,,,,ngc_4594,0,0,16.25,0.38,0.38,Carlsten2022ApJ...933...47C,1.1597,0.0677,0.0677,3217.62,185.21,186.91,3217.62,185.21,186.91,,,,,,,,27.46,,,,,,,,,,,,,,,,,,Carlsten2022ApJ...933...47C,,,,,,,,,,,,,,,,,,,,,,,,,,,,,,
ngc_4594-dw1241m1008,dw1241-1008,190.320833,-10.146111,298.811218,52.6443712,-5493.19,7747.98,-997.42,,,,,,,,,,,,,,,,,,9549.93,,,29.9,,,9547.55,10222.33,9884.2,251.83,host,,-10.46,,,6.42,,,,,,,ngc_4594,0,0,19.44,,,Crosby2024MNRAS.527.9118C,0.0972,,,269.93,,,245.91,,,,,,0.17,,,,25.06,,,,,,,,,,,,,,,,,,Crosby2024MNRAS.527.9118C,,,,,,,,,,,,,,,,,,,,,,,,,,,,,,
ngc_4594-dw1241m1055,dw1241-1055,190.408333,-10.926111,299.0321461,51.8713808,-5596.97,7670.79,-1016.89,,,,,,,,,,,,,,,,,,9549.93,,,29.9,,,9547.5,10227.38,9886.81,134.28,host,,-10.76,,,6.54,,,,,,,ngc_4594,0,0,19.14,,,Crosby2024MNRAS.527.9118C,0.2973,,,825.98,,,738.78,,,,,,0.2,,,,27.15,,,,,,,,,,,,,,,,,,Crosby2024MNRAS.527.9118C,,,,,,,,,,,,,,,,,,,,,,,,,,,,,,
ngc_4594-dw1241m1131,dw1241-1131,190.261667,-11.52889,298.8623211,51.2607301,-4298.9,5774.68,-808.26,,,,,,,,,,,,,,,,,,7244.36,0.0,0.0,29.3,0.34,0.33,7241.91,7927.73,7583.79,2305.92,sbf,Carlsten2022ApJ...933...47C,-10.34,0.18,0.18,6.37,,,,,,,ngc_4594,0,0,18.96,0.18,0.18,Carlsten2022ApJ...933...47C,0.1633,0.0205,0.0205,343.3,42.56,42.96,343.3,42.56,42.96,,,,,,,,25.91,,,,,,,,,,,,,,,,,,Carlsten2022ApJ...933...47C,,,,,,,,,,,,,,,,,,,,,,,,,,,,,,
ngc_4594-dw1241m1153,dw1241-1153,190.3,-11.8925,298.9588388,50.9002518,-6683.21,8859.63,-1257.01,,,,,,,,,,,,,,,,,,11168.63,0.0,0.0,30.24,0.24,0.25,11166.16,11851.19,11508.41,1620.32,sbf,Carlsten2022ApJ...933...47C,-11.85,0.19,0.19,6.97,,,,,,,ngc_4594,0,0,18.39,0.19,0.19,Carlsten2022ApJ...933...47C,0.2208,0.0265,0.0265,715.67,84.83,85.61,715.67,84.83,85.61,,,,,,,,25.99,,,,,,,,,,,,,,,,,,Carlsten2022ApJ...933...47C,,,,,,,,,,,,,,,,,,,,,,,,,,,,,,
ngc_4594-dw1241m1234,dw1241-1234,190.45,-12.57,299.2540082,50.2329084,-5805.97,7505.05,-1079.87,,,,,,,,,,,,,,,,,,9549.93,,,29.9,,,9547.39,10237.62,9892.11,174.3,host,,-9.25,,,5.93,,,,,,,ngc_4594,0,0,20.65,,,Crosby2024MNRAS.527.9118C,0.0852,,,236.59,,,208.95,,,,,,0.22,,,,25.92,,,,,,,,,,,,,,,,,,Crosby2024MNRAS.527.9118C,,,,,,,,,,,,,,,,,,,,,,,,,,,,,,
ngc_4594-dw1242m1010,dw1242-1010,190.7375,-10.168889,299.488214,52.6460951,-5514.38,7740.98,-932.69,,,,,,,,,,,,,,,,,,9549.93,,,29.9,,,9547.5,10222.49,9884.29,271.03,host,,-9.39,,,5.99,,,,,,,ngc_4594,0,0,20.51,,,Crosby2024MNRAS.527.9118C,0.133,,,369.47,,,306.9,,,,,,0.31,,,,26.62,,,,,,,,,,,,,,,,,,Crosby2024MNRAS.527.9118C,,,,,,,,,,,,,,,,,,,,,,,,,,,,,,
ngc_4594-dw1242m1107,dw1242-1107,190.733333,-11.128056,299.5656569,51.688096,-5636.85,7647.06,-974.39,,,,,,,,,,,,,,,,,,9549.93,,,29.9,,,9547.44,10228.67,9887.48,145.99,host,,-11.17,,,6.7,,,,,,,ngc_4594,0,0,18.73,,,Crosby2024MNRAS.527.9118C,0.2753,,,764.87,,,729.63,,,,,,0.09,,,,26.72,,,,,,,,,,,,,,,,,,Crosby2024MNRAS.527.9118C,,,,,,,,,,,,,,,,,,,,,,,,,,,,,,
ngc_4594-dw1242m1309,dw1242-1309,190.6875,-13.166111,299.6644445,49.6505098,-5890.2,7440.86,-1067.82,,,,,,,,,,,,,,,,,,9549.93,,,29.9,,,9547.33,10241.21,9893.97,280.72,host,,-9.6,,,6.07,,,,,,,ngc_4594,0,0,20.3,,,Crosby2024MNRAS.527.9118C,0.1827,,,507.44,,,372.89,,,,,,0.46,,,,26.83,,,,,,,,,,,,,,,,,,Crosby2024MNRAS.527.9118C,,,,,,,,,,,,,,,,,,,,,,,,,,,,,,
ngc_4594-dw1244m1043,dw1244-1043,191.0625,-10.721944,300.0563224,52.1096659,-5599.36,7683.02,-905.22,,,,,,,,,,,,,,,,,,9549.93,,,29.9,,,9547.43,10226.06,9886.14,230.12,host,,-9.46,,,6.02,,,,,,,ngc_4594,0,0,20.44,,,Crosby2024MNRAS.527.9118C,0.094,,,261.13,,,239.33,,,,,,0.16,,,,26.01,,,,,,,,,,,,,,,,,,Crosby2024MNRAS.527.9118C,,,,,,,,,,,,,,,,,,,,,,,,,,,,,,
ngc_4594-dw1244m1135,dw1244-1135,191.125,-11.585,300.2166962,51.250167,-5711.62,7596.66,-932.36,,,,,,,,,,,,,,,,,,9549.93,,,29.9,,,9547.37,10231.53,9888.97,184.4,host,,-9.56,,,6.06,,,,,,,ngc_4594,0,0,20.34,,,Crosby2024MNRAS.527.9118C,0.0953,,,264.83,,,177.65,,,,,,0.55,,,,25.26,,,,,,,,,,,,,,,,,,Crosby2024MNRAS.527.9118C,,,,,,,,,,,,,,,,,,,,,,,,,,,,,,
ngc_4594-dw1244m1238,dw1244-1238,191.225,-12.636111,300.4396812,50.2039965,-5847.57,7488.83,-961.47,,,,,,,,,,,,,,,,,,9549.93,,,29.9,,,9547.3,10238.0,9892.31,261.92,host,,-11.26,,,6.74,,,,,,,ngc_4594,0,0,18.64,,,Crosby2024MNRAS.527.9118C,0.2132,,,592.17,,,488.31,,,,,,0.32,,,,25.75,,,,,,,,,,,,,,,,,,Crosby2024MNRAS.527.9118C,,,,,,,,,,,,,,,,,,,,,,,,,,,,,,
ngc_4594-dw1244m1246,dw1244-1246,191.070833,-12.773056,300.2141254,50.0609329,-5858.01,7476.76,-991.39,,,,,,,,,,,,,,,,,,9549.93,,,29.9,,,9547.31,10238.84,9892.74,259.58,host,,-10.02,,,6.24,,,,,,,ngc_4594,0,0,19.88,,,Crosby2024MNRAS.527.9118C,0.1387,,,385.21,,,348.82,,,,,,0.18,,,,26.26,,,,,,,,,,,,,,,,,,Crosby2024MNRAS.527.9118C,,,,,,,,,,,,,,,,,,,,,,,,,,,,,,
ngc_4594-dw1245m1041,dw1245-1041,191.279167,-10.698889,300.4011715,52.1417943,-5605.72,7682.44,-870.1,,,,,,,,,,,,,,,,,,9549.93,,,29.9,,,9547.41,10225.9,9886.05,260.26,host,,-11.93,,,7.01,,,,,,,ngc_4594,0,0,17.97,,,Crosby2024MNRAS.527.9118C,0.123,,,341.69,,,262.46,,,,,,0.41,,,,23.74,,,,,,,,,,,,,,,,,,Crosby2024MNRAS.527.9118C,,,,,,,,,,,,,,,,,,,,,,,,,,,,,,
ngc_4594-dw1246m1108,dw1246-1108,191.679167,-11.138056,301.0625062,51.7165538,-5678.64,7633.59,-826.06,,,,,,,,,,,,,,,,,,9549.93,,,29.9,,,9547.33,10228.65,9887.47,286.61,host,,-9.36,,,5.98,,,,,,,ngc_4594,0,0,20.54,,,Crosby2024MNRAS.527.9118C,0.0678,,,188.44,,,163.19,,,,,,0.25,,,,25.27,,,,,,,,,,,,,,,,,,Crosby2024MNRAS.527.9118C,,,,,,,,,,,,,,,,,,,,,,,,,,,,,,
ngc_4594-dw1246m1142,dw1246-1142,191.741667,-11.706944,301.1868615,51.149653,-5753.19,7575.95,-840.76,,,,,,,,,,,,,,,,,,9549.93,,,29.9,,,9547.29,10232.22,9889.32,285.25,host,,-10.19,,,6.31,,,,,,,ngc_4594,0,0,19.71,,,Crosby2024MNRAS.527.9118C,0.1517,,,421.32,,,291.9,,,,,,0.52,,,,25.71,,,,,,,,,,,,,,,,,,Crosby2024MNRAS.527.9118C,,,,,,,,,,,,,,,,,,,,,,,,,,,,,,
ngc_4594-dw1246m1240,dw1246-1240,191.558333,-12.678889,300.9497039,50.1728262,-5867.01,7479.91,-911.15,,,,,,,,,,,,,,,,,,9549.93,,,29.9,,,9547.25,10238.22,9892.43,309.43,host,,-10.98,,,6.63,,,,,,,ngc_4594,0,0,18.92,,,Crosby2024MNRAS.527.9118C,0.12,,,333.36,,,256.06,,,,,,0.41,,,,24.63,,,,,,,,,,,,,,,,,,Crosby2024MNRAS.527.9118C,,,,,,,,,,,,,,,,,,,,,,,,,,,,,,
ngc_4594-kksg_29,KKSG 29,189.30875,-10.4975,297.2276959,52.2168718,-5647.05,7939.95,-1204.54,,,,,,,,756.0,2.0,2.0,,,,,631.97,562.46,Huchtmeier2009A&A...506..677H,9817.48,0.0,0.0,29.96,0.07,0.07,9815.21,10491.83,10152.81,347.51,trgb,Karachentsev2018ApJ...858...62K,-14.74,,,8.13,,,,,7.22,,ngc_4594,1,1,15.22,,,Crosby2024MNRAS.527.9118C,0.5483,,,1565.92,,,1038.72,,,,,,0.56,,,,23.91,,,,,,,,,,,,,0.731,,,,Huchtmeier2009A&A...506..677H,Crosby2024MNRAS.527.9118C,,,,,,,,,,,,,,,,,,,,,,,,,,,,,,
ngc_4594-kksg_31,KKSG 31,189.640417,-10.490278,297.7572212,52.2520487,-5507.17,7721.37,-1119.22,,,,,,,,1309.0,22.0,22.0,,,,,1185.78,1116.33,Crosby2025MNRAS.536.2072C,9549.93,,,29.9,,,9547.61,10224.49,9885.32,197.57,host,,-13.9,,,7.79,,,,,,,ngc_4594,1,1,16.0,,,Crosby2024MNRAS.527.9118C,0.4043,,,1123.22,,,1065.58,,,,,,0.1,,,,24.81,,,,,,,,,,,,,,,,,,Crosby2024MNRAS.527.9118C,,,-1.4,0.3,0.3,spectroscopic,-1.4,0.3,0.3,,,,,Crosby2025MNRAS.536.2072C,,,,,,,,,,,,,6.5,1.9,3.1,Crosby2025MNRAS.536.2072C
ngc_4594-kksg_32,KKSG 32,189.97917,-11.746667,298.4458412,51.0246985,-5351.9,7152.34,-1053.95,,,,,,,,,,,,,,,,,,8994.98,0.0,0.0,29.77,0.33,0.32,8992.55,9677.98,9334.64,555.32,sbf,Carlsten2022ApJ...933...47C,-12.85,0.3,0.3,7.37,,,,,,,ngc_4594,1,1,16.92,0.3,0.3,Carlsten2022ApJ...933...47C,0.3983,0.0795,0.0795,1037.95,204.95,206.84,1037.95,204.95,206.84,,,,,,,,25.8,,,,,,,,,,,,,,,,,,Carlsten2022ApJ...933...47C,,,,,,,,,,,,,,,,,,,,,,,,,,,,,,
ngc_4594-kksg_33,KKSG 33,190.037083,-12.364722,298.6033444,50.4121171,-5762.25,7530.43,-1135.83,,,,,,,,,,,,,,,,,,9549.93,,,29.9,,,9547.45,10236.34,9891.45,123.8,host,,-12.61,,,7.28,,,,,,,ngc_4594,1,1,17.29,,,Crosby2024MNRAS.527.9118C,0.2367,,,657.45,,,630.6,,,,,,0.08,,,,24.96,,,,,,,,,,,,,,,,,,Crosby2024MNRAS.527.9118C,,,,,,,,,,,,,,,,,,,,,,,,,,,,,,
ngc_4594-kksg_34,KKSG 34,190.32875,-11.9275,299.0068155,50.8670828,-5412.72,7164.65,-1014.18,,,,,,,,,,,,,,,,,,9036.49,0.0,0.0,29.78,0.19,0.17,9034.01,9720.62,9376.74,518.49,sbf,Carlsten2022ApJ...933...47C,-12.7,0.11,0.11,7.31,,,,,,,ngc_4594,0,0,17.08,0.11,0.11,Carlsten2022ApJ...933...47C,0.2882,0.0208,0.0208,756.34,53.96,54.45,756.34,53.96,54.45,,,,,,,,25.26,,,,,,,,,,,,,,,,,,Carlsten2022ApJ...933...47C,,,,,,,,,,,,,,,,,,,,,,,,,,,,,,
ngc_4594-kksg_37,KKSG 37,192.004167,-12.655,301.6279063,50.208085,-5882.72,7475.86,-840.38,,,,,,,,,,,,,,,,,,9549.93,,,29.9,,,9547.2,10238.0,9892.31,369.62,host,,-13.52,,,7.64,,,,,,,ngc_4594,1,1,16.38,,,Crosby2024MNRAS.527.9118C,0.415,,,1152.85,,,1011.63,,,,,,0.23,,,,25.08,,,,,,,,,,,,,,,,,,Crosby2024MNRAS.527.9118C,,,,,,,,,,,,,,,,,,,,,,,,,,,,,,
ngc_4594-lv_j1235-1104,LV J1235-1104,188.914167,-11.067222,296.689181,51.6131363,-5548.07,7670.63,-1257.57,,,,,,,,1110.0,10.0,10.0,,,,,983.44,913.47,Karachentsev2013AJ....145..101K,9549.93,,,29.9,,,9547.66,10228.03,9887.15,199.63,host,,-15.06,,,8.26,,,,,7.4,,ngc_4594,1,1,14.84,,,Crosby2024MNRAS.527.9118C,0.0998,,,277.33,,,232.03,,,,,,0.3,,,,20.34,,,,,,,,,,,,,1.16,,,,Karachentsev2013AJ....145..101K,Crosby2024MNRAS.527.9118C,,,,,,,,,,,,,,,,,,,,,,,,,,,,,,
ngc_4594-sucd1,SUCD1,190.012917,-11.667778,298.4894114,51.1057276,-5673.63,7601.19,-1110.37,,,,,,,,1293.1,9.5,9.5,25.0,5.6,5.6,,1167.48,1097.28,Hau2009MNRAS.394L..97H,9549.93,,,29.9,,,9547.5,10232.03,9889.22,7.94,host,,-12.44,,,7.21,6.96,0.22,0.18,,,,ngc_4594,1,1,17.46,,,Hau2009MNRAS.394L..97H,0.0057,0.0005,0.0005,15.71,1.37,1.38,15.71,1.37,1.38,,,,,,,,17.11,,,,,,,,,,,,,,,,,,Hau2009MNRAS.394L..97H,,,-0.08,0.08,0.08,spectroscopic,-0.082,0.081,0.081,,,,,Hau2009MNRAS.394L..97H,,,,,,,,,,,,,12.6,,,Hau2009MNRAS.394L..97H
ngc_4605-dw1245+6158,Dw1245+6158,191.454167,61.968889,124.0875383,55.1467487,2625.56,3782.06,1042.48,,,,,,,,68.0,40.0,40.0,,,,,186.49,204.18,Karachentsev2025MNRAS.537L..21K,4720.63,0.0,0.0,28.37,0.3,0.24,4723.24,4605.31,4647.15,,sbf,Li2025arXiv250408030L,-10.33,,,6.37,,,,,,,,1,1,18.04,,,Karachentsev2022AstBu..77..372K,,,,,,,,,,,,,,,,,,,,,,,,,,,,,,,,,,,,,,,,,,,,,,,,,,,,,,,,,,,,,,,,,
ngc_4618,NGC 4618,190.3870417,41.151,130.5572644,75.8304918,1860.88,7353.45,1038.1,,,,,,,,538.0,3.0,3.0,,,,,589.17,577.8,Makarov2014A&A...570A..13M,7655.97,0.0,0.0,29.42,0.06,0.06,7657.26,7796.46,7716.78,,trgb,Karachentsev2018ApJ...858...62K,-18.95,,,9.81,,,,,8.87,,,1,1,10.47,,,Makarov2014A&A...570A..13M,,,,,,,,,,,,,,,,,,,,,,,,,,,,,,53.5,,,,Makarov2014A&A...570A..13M,,,,,,,,,,,,,,,,,,,,,,,,,,,,,,,
ngc_4627,NGC 4627,190.49875,32.573611,142.9602648,84.1829714,697.85,6848.37,689.76,,,,,,,,542.0,16.0,16.0,,,,,563.69,540.62,Simien2002A&A...384..371S,6918.31,0.0,0.0,29.2,,,6918.97,7173.21,7036.21,426.86,trgb,Tully2009AJ....138..323T,-16.55,0.03,0.03,8.85,,,,,,,ngc_4631,1,1,12.65,0.03,0.03,Carlsten2022ApJ...933...47C,0.4405,0.0138,0.0138,885.91,27.43,27.68,885.91,27.43,27.68,,,,,,,,21.76,,,,,,,,,,,,,,,,,,Carlsten2022ApJ...933...47C,,,,,,,,,,,,,,,,,,,,,,,,,,,,,,
ngc_4631-bts_151,BTS151,190.8525,32.482222,140.4586532,84.3703164,778.09,7861.55,828.46,,,,,,,,734.8,55.2,55.2,,,,,756.91,733.77,Karachentsev2013AJ....145..101K,7943.28,0.0,0.0,29.5,,,7943.9,8194.48,8060.51,599.27,trgb,Anand2021AJ....162...80A,-12.83,0.03,0.03,7.37,,,,,,,ngc_4631,1,1,16.67,0.03,0.03,Carlsten2022ApJ...933...47C,0.2448,0.0045,0.0045,565.5,10.24,10.34,565.5,10.24,10.34,,,,,,,,24.5,,,,,,,,,,,,,,,,,,Carlsten2022ApJ...933...47C,,,,,,,,,,,,,,,,,,,,,,,,,,,,,,
ngc_4631-dw1,NGC 4631-dw1,190.2375,32.7925,144.1407448,83.8979289,750.75,7038.67,689.89,,,,,,,,,,,,,,,,,,7112.14,0.0,0.0,29.26,,,7112.84,7363.25,7228.36,237.24,sbf,Carlsten2022ApJ...933...47C,-10.35,0.47,0.47,6.37,,,,,,,ngc_4631,1,1,18.91,0.47,0.47,Carlsten2022ApJ...933...47C,1.092,0.331,0.331,2245.53,673.39,680.93,2245.53,673.39,680.93,,,,,,,,29.98,,,,,,,,,,,,,,,,,,Carlsten2022ApJ...933...47C,,,,,,,,,,,,,,,,,,,,,,,,,,,,,,
ngc_4631-dw1236p3336,dw1236+3336,189.205833,33.613333,147.9496558,82.790936,918.68,7362.43,642.78,,,,,,,,525.8,17.0,17.0,,,,,548.5,526.65,Kovac2009MNRAS.400..743K,7447.32,0.0,0.0,29.36,,,7448.19,7686.27,7557.77,224.06,tf,Karachentsev2013AJ....145..101K,-11.3,0.1,0.1,6.75,,,,,7.08,,ngc_4631,1,1,18.06,0.1,0.1,Carlsten2022ApJ...933...47C,0.1967,0.0113,0.0113,425.54,24.19,24.41,425.54,24.19,24.41,,,,,,,,25.42,,,,,,,,,,,,,0.92,,,,Karachentsev2013AJ....145..101K,Carlsten2022ApJ...933...47C,,,,,,,,,,,,,,,,,,,,,,,,,,,,,,
ngc_4631-dw1239p3230,dw1239+3230,189.771,32.5042,148.6709959,83.9941372,750.16,7243.57,651.43,,,,,,,,,,,,,,,,,,7311.39,0.0,0.0,29.32,0.21,0.22,7312.12,7565.09,7429.18,89.0,sbf,Carlsten2022ApJ...933...47C,-11.26,0.1,0.1,6.74,,,,,,,ngc_4631,1,1,18.06,0.1,0.1,Carlsten2022ApJ...933...47C,0.3767,,,801.09,,,801.09,,,,,,,,,,26.83,,,,,,,,,,,,,,,,,,Carlsten2022ApJ...933...47C,,,,,,,,,,,,,,,,,,,,,,,,,,,,,,
ngc_4631-dw1239p3251,dw1239+3251,189.832083,32.861111,146.7653451,83.6969555,643.7,5882.82,544.39,,,,,,,,,,,,,,,,,,5942.92,0.0,0.0,28.87,0.51,0.48,5943.67,6200.3,6060.55,1404.35,sbf,Carlsten2022ApJ...933...47C,-9.39,0.26,0.26,5.99,,,,,,,ngc_4631,1,1,19.48,0.26,0.26,Carlsten2022ApJ...933...47C,0.2612,0.0298,0.0298,450.42,50.81,51.28,450.42,50.81,51.28,,,,,,,,27.45,,,,,,,,,,,,,,,,,,Carlsten2022ApJ...933...47C,,,,,,,,,,,,,,,,,,,,,,,,,,,,,,
ngc_4631-dw2,NGC 4631-dw2,190.528333,32.620833,142.5649093,84.1478174,728.87,7104.43,720.17,,,,,,,,,,,,,,,,,,7177.94,0.0,0.0,29.28,0.75,0.75,7178.61,7430.9,7295.19,167.5,sbf,Carlsten2022ApJ...933...47C,-10.37,0.47,0.47,6.38,,,,,,,ngc_4631,1,1,18.91,0.47,0.47,Carlsten2022ApJ...933...47C,0.2975,0.0547,0.0547,618.81,112.46,113.5,618.81,112.46,113.5,,,,,,,,27.16,,,,,,,,,,,,,,,,,,Carlsten2022ApJ...933...47C,,,,,,,,,,,,,,,,,,,,,,,,,,,,,,
ngc_4631-dw3,NGC 4631-dw3,190.72097,32.45592,141.6140835,84.358788,720.04,7271.02,751.54,,,,,,,,,,,,,,,,,,7345.14,,,29.33,,,7345.77,7599.34,7463.23,23.06,host,,-10.4,,,6.39,,,,,,,ngc_4631,1,1,18.93,,,Carlsten2020ApJ...891..144C,0.225,0.02,0.02,479.85,42.1,42.49,479.85,42.1,42.49,,,,,,,,26.58,,,,,,,,,,,,,,,,,,Carlsten2020ApJ...891..144C,,,,,,,,,,,,,,,,,,,,,,,,,,,,,,
ngc_4631-hsc-10,HSC-10,190.630833,31.969167,144.2162546,84.7857106,635.87,6983.52,696.65,,,,,,,,,,,,,,,,,,7046.93,0.0,0.0,29.24,0.28,0.27,7047.53,7308.73,7168.52,306.92,sbf,Carlsten2022ApJ...933...47C,-10.43,0.1,0.1,6.41,,,,,,,ngc_4631,1,1,18.81,0.1,0.1,Carlsten2022ApJ...933...47C,0.1223,0.0107,0.0107,250.31,21.54,21.74,250.31,21.54,21.74,,,,,,,,25.13,,,,,,,,,,,,,,,,,,Carlsten2022ApJ...933...47C,,,,,,,,,,,,,,,,,,,,,,,,,,,,,,
ngc_4631-hsc-9,HSC-9,190.220833,32.282222,146.2623115,84.3600591,647.44,6606.61,629.79,,,,,,,,,,,,,,,,,,6668.07,0.0,0.0,29.12,0.26,0.23,6668.74,6928.01,6788.19,678.58,sbf,Carlsten2022ApJ...933...47C,-10.65,0.1,0.1,6.49,,,,,,,ngc_4631,1,1,18.47,0.1,0.1,Carlsten2022ApJ...933...47C,0.161,0.0103,0.0103,311.87,19.75,19.93,311.87,19.75,19.93,,,,,,,,25.39,,,,,,,,,,,,,,,,,,Carlsten2022ApJ...933...47C,,,,,,,,,,,,,,,,,,,,,,,,,,,,,,
ngc_4631-lv_j1241+3251,LV J1241+3251,190.447083,32.857778,142.3735528,83.9020187,658.54,6156.53,623.85,,,,,,,,693.1,17.0,17.0,,,,,715.68,692.99,Kovac2009MNRAS.400..743K,6223.0,0.0,0.0,28.97,0.15,0.16,6223.69,6478.52,6340.17,1122.79,sbf,Carlsten2022ApJ...933...47C,-13.72,0.05,0.05,7.72,,,,,7.06,,ngc_4631,1,1,15.25,0.05,0.05,Carlsten2022ApJ...933...47C,0.3608,0.0185,0.0185,652.49,33.0,33.3,652.49,33.0,33.3,,,,,,,,23.92,,,,,,,,,,,,,1.27,,,,Karachentsev2013AJ....145..101K,Carlsten2022ApJ...933...47C,,,,,,,,,,,,,,,,,,,,,,,,,,,,,,
ngc_4707,NGC4707,192.095417,51.164722,124.1079562,65.9565511,2584.12,5847.7,1260.44,,,,,,,,468.0,1.0,1.0,,,,,555.01,557.83,Makarov2014A&A...570A..13M,6516.28,0.0,0.0,29.07,0.1,0.1,6518.14,6529.48,6511.33,,trgb,Tully2009AJ....138..323T,-16.41,,,8.8,,,,,8.04,,,1,1,12.66,,,Makarov2014A&A...570A..13M,,,,,,,,,,,,,,,,,,,,,,,,,,,,,,11.07,,,,Makarov2014A&A...570A..13M,,,,,,,,,,,,,,,,,,,,,,,,,,,,,,,
ngc_4765,NGC4765,193.31,4.463056,304.0973877,67.3307255,-2119.17,5236.27,77.0,,,,,,,,722.0,1.0,1.0,,,,,653.58,597.63,Haynes2011AJ....142..170H,5649.37,0.0,0.0,28.76,,,5647.62,6215.58,5926.51,,tf,Karachentsev2013AJ....145..101K,-15.9,,,8.59,,,,,7.96,,,1,1,12.86,,,Karachentsev2013AJ....145..101K,,,,,,,,,,,,,,,,,,,,,,,,,,,,,,12.0,,,,Haynes2011AJ....142..170H,,,,,,,,,,,,,,,,,,,,,,,,,,,,,,,
ngc_4826-dw1252p2215,dw1252+2215,193.024167,22.265,304.729128,85.1344487,-440.38,5280.56,485.47,,,,,,,,,,,,,,,,,,5321.08,0.0,0.0,28.63,0.08,0.08,5320.7,5709.09,5504.82,921.34,trgb,Karachentsev2025arXiv250821494K,-9.03,0.14,0.14,5.85,,,,,,,ngc_4826,1,1,19.6,0.14,0.14,Carlsten2022ApJ...933...47C,0.1483,0.0167,0.0167,229.06,25.42,25.65,229.06,25.42,25.65,,,,,,,,26.34,,,,,,,,,,,,,,,,,,Carlsten2022ApJ...933...47C,,,,,,,,,,,,,,,,,,,,,,,,,,,,,,
ngc_4826-dw1258p2329,dw1258+2329,194.714167,23.49,328.076473,85.9941961,-417.43,6020.94,746.25,,,,,,,,,,,,,,,,,,6081.35,0.0,0.0,28.92,0.16,0.16,6080.87,6449.48,6256.08,1684.3,sbf,Carlsten2022ApJ...933...47C,-9.75,0.12,0.12,6.13,,,,,,,ngc_4826,0,0,19.17,0.12,0.12,Carlsten2022ApJ...933...47C,0.3183,0.0283,0.0283,562.09,49.38,49.84,562.09,49.38,49.84,,,,,,,,27.57,,,,,,,,,,,,,,,,,,Carlsten2022ApJ...933...47C,,,,,,,,,,,,,,,,,,,,,,,,,,,,,,
ngc_4826-dw1300p1843,dw1300+1843,195.129,18.718,317.3465036,81.3345789,-508.17,3314.13,366.84,,,,,,,,,,,,,,,,,,3372.87,0.0,0.0,27.64,0.39,0.54,3371.98,3819.31,3582.03,1053.47,,Carlsten2022ApJ...933...47C,-11.1,0.1,0.1,6.67,,,,,,,ngc_4826,1,1,16.54,0.1,0.1,Carlsten2022ApJ...933...47C,0.7167,0.05,0.05,702.13,48.33,48.78,702.13,48.33,48.78,,,,,,,,26.7,,,,,,,,,,,,,,,,,,Carlsten2022ApJ...933...47C,,,,,,,,,,,,,,,,,,,,,,,,,,,,,,
ngc_5011_c,NGC 5011C,198.2995,-43.2654722,307.129918,19.4288362,-3463.89,1302.9,-485.28,,,,,,,,647.0,96.0,96.0,,,,,472.27,393.59,Saviane2007AJ....133.1756S,3732.5,0.0,0.0,27.86,0.02,0.02,3727.88,4505.25,4118.69,154.57,,Tully2009AJ....138..323T,-14.49,,,8.03,,,,,,,ngc_5128,1,1,13.37,,,Muller2017A&A...597A...7M,0.4233,,,459.63,,,459.63,,,,,,,,,,22.39,,,,,,,,,,,,,,,,,,Muller2017A&A...597A...7M,,,,,,,,,,,,,,,,,,,,,,,,,,,,,,
ngc_5023,NGC 5023,198.049583,44.038611,110.3859363,72.5803871,1614.9,5650.17,1453.08,,,,,,,,407.0,4.1,4.1,,,,,482.0,476.03,Springob2005ApJS..160..149S,6053.41,0.0,0.0,28.91,0.05,0.05,6054.26,6162.29,6095.74,,trgb,Tully2009AJ....138..323T,-17.18,,,9.11,,,,,8.58,,,1,1,11.73,,,Karachentsev2013AJ....145..101K,,,,,,,,,,,,,,,,,,,,,,,,,,,,,,43.7,,,,Karachentsev2013AJ....145..101K,,,,,,,,,,,,,,,,,,,,,,,,,,,,,,,
ngc_5055-dw1310p4153,dw1310+4153,197.674167,41.891111,109.2169113,74.7203303,1714.54,6973.94,1695.53,,,,,,,,,,,,,,,,,,7379.04,0.0,0.0,29.34,0.23,0.23,7379.75,7508.01,7433.68,1663.12,sbf,Carlsten2022ApJ...933...47C,-10.95,0.12,0.12,6.61,,,,,,,ngc_5055,1,1,18.39,0.12,0.12,Carlsten2022ApJ...933...47C,0.2767,0.026,0.026,592.7,54.99,55.49,592.7,54.99,55.49,,,,,,,,26.48,,,,,,,,,,,,,,,,,,Carlsten2022ApJ...933...47C,,,,,,,,,,,,,,,,,,,,,,,,,,,,,,
ngc_5055-dw1315p4123,dw1315+4123,198.815833,41.396944,105.5265117,74.9161943,1943.21,8302.93,2133.85,,,,,,,,,,,,,,,,,,8790.23,0.0,0.0,29.72,0.26,0.25,8790.79,8918.3,8845.98,265.67,sbf,Carlsten2022ApJ...933...47C,-9.32,0.18,0.18,5.96,,,,,,,ngc_5055,1,1,20.4,0.18,0.18,Carlsten2022ApJ...933...47C,0.1327,0.0202,0.0202,338.16,50.81,51.27,338.16,50.81,51.27,,,,,,,,26.9,,,,,,,,,,,,,,,,,,Carlsten2022ApJ...933...47C,,,,,,,,,,,,,,,,,,,,,,,,,,,,,,
ngc_5055-dw1321p4226,dw1321+4226,200.370833,42.433056,103.053457,73.515932,1713.48,6839.53,1934.24,,,,,,,,,,,,,,,,,,7311.39,0.0,0.0,29.32,0.33,0.3,7311.92,7430.68,7361.05,1732.45,sbf,Carlsten2022ApJ...933...47C,-9.95,0.15,0.15,6.21,,,,,,,ngc_5055,1,1,19.37,0.15,0.15,Carlsten2022ApJ...933...47C,0.0953,0.012,0.012,202.23,25.15,25.38,202.23,25.15,25.38,,,,,,,,25.15,,,,,,,,,,,,,,,,,,Carlsten2022ApJ...933...47C,,,,,,,,,,,,,,,,,,,,,,,,,,,,,,
ngc_5055-dwtbg1,NGC 5055-dwTBG1,198.07875,41.976944,108.2262321,74.5498812,2151.53,8726.59,2173.52,,,,,,,,,,,,,,,,,,9246.98,0.0,0.0,29.83,0.19,0.17,9247.66,9366.52,9298.84,234.9,sbf,Carlsten2022ApJ...933...47C,-10.43,0.13,0.13,6.41,,,,,,,ngc_5055,1,1,19.4,0.13,0.13,Carlsten2022ApJ...933...47C,0.2025,0.0218,0.0218,543.48,57.86,58.4,543.48,57.86,58.4,,,,,,,,26.82,,,,,,,,,,,,,,,,,,Carlsten2022ApJ...933...47C,,,,,,,,,,,,,,,,,,,,,,,,,,,,,,
ngc_5055-dwtbg3,NGC 5055-dwTBG3,198.241667,41.854722,107.6500981,74.6285945,2080.26,8529.56,2139.47,,,,,,,,,,,,,,,,,,9036.49,,,29.78,,,9037.15,9158.22,9089.28,88.14,host,,-8.51,,,5.64,,,,,,,ngc_5055,0,0,21.27,,,Karachentsev2013AJ....145..101K,,,,,,,,,,,,,,,,,,,,,,,,,,,,,,,,,,,,,,,,,,,,,,,,,,,,,,,,,,,,,,,,,
ngc_5055-dwtbg4,NGC 5055-dwTBG4,198.285417,41.46,107.0498811,74.9921121,2019.95,8545.18,2134.95,,,,,,,,,,,,,,,,,,9036.49,,,29.78,,,9037.12,9163.39,9091.88,119.47,host,,-9.11,,,5.88,,,,,,,ngc_5055,0,0,20.67,,,Karachentsev2013AJ....145..101K,,,,,,,,,,,,,,,,,,,,,,,,,,,,,,,,,,,,,,,,,,,,,,,,,,,,,,,,,,,,,,,,,
ngc_5055-dwtbg5,NGC 5055-dwTBG5,198.595417,41.569167,106.3485894,74.8120182,2028.84,8533.55,2172.67,,,,,,,,,,,,,,,,,,9036.49,,,29.78,,,9037.1,9161.63,9090.99,83.99,host,,-9.24,,,5.93,,,,,,,ngc_5055,0,0,20.54,,,Karachentsev2020AN....341.1037K,,,,,,,,,,,,,,,,,,,,,,,,,,,,,,,,,,,,,,,,,,,,,,,,,,,,,,,,,,,,,,,,,
ngc_5055-dwtbg6,NGC 5055-dwTBG6,199.645417,41.753333,103.8537989,74.3542383,2031.84,8500.65,2295.38,,,,,,,,,,,,,,,,,,9036.49,,,29.78,,,9037.02,9158.05,9089.19,91.95,host,,-11.61,,,6.88,,,,,,,ngc_5055,0,0,18.17,,,Karachentsev2013AJ....145..101K,,,,,,,,,,,,,,,,,,,,,,,,,,,,,,,,,,,,,,,,,,,,,,,,,,,,,,,,,,,,,,,,,
ngc_5055-dwtbg7,NGC 5055-dwTBG7,199.761667,42.006389,103.9236601,74.0874651,2067.26,8487.1,2313.84,,,,,,,,,,,,,,,,,,9036.49,,,29.78,,,9037.03,9154.57,9087.44,94.54,host,,-8.41,,,5.6,,,,,,,ngc_5055,0,0,21.37,,,Karachentsev2013AJ....145..101K,,,,,,,,,,,,,,,,,,,,,,,,,,,,,,,,,,,,,,,,,,,,,,,,,,,,,,,,,,,,,,,,,
ngc_5068,NGC 5068,199.730417,-21.039167,311.4892632,41.3754663,-3845.9,3428.52,-18.83,,,,,,,,671.0,2.0,2.0,,,,,544.5,471.28,Makarov2014A&A...570A..13M,5152.29,0.0,0.0,28.56,0.09,0.09,5148.25,5880.85,5514.92,888.7,trgb,Karachentsev2018ApJ...858...62K,-18.82,,,9.76,,,,,8.82,,m_083,1,1,9.74,,,Karachentsev2013AJ....145..101K,,,,,,,,,,,,,,,,,,,,,,,,,,,,,,105.7,,,,Karachentsev2013AJ....145..101K,,,,,,,,,,,,,,,,,,,,,,,,,,,,,,,
ngc_5102,NGC 5102,200.49083,-36.62972,309.7322802,25.8386314,-3268.77,1635.62,-259.87,,,,,,,,464.0,18.0,18.0,,,,,304.82,227.01,Doyle2005MNRAS.361...34D,3664.38,0.0,0.0,27.82,0.22,0.22,3659.71,4432.87,4048.23,411.83,,Tully2009AJ....138..323T,-18.55,,,9.65,,,,,8.47,,ngc_5128,1,1,9.27,,,Karachentsev2013AJ....145..101K,,,,,,,,,,,,,,,,,,,,,,,,,,,,,,92.897,,,,Doyle2005MNRAS.361...34D,,,,,,,,,,,,,,,,,,,,,,,,,,,,,,,
ngc_5194,NGC 5194,202.469625,47.195167,104.8513983,68.5607714,2337.99,6853.89,2258.75,,,,,,,,446.0,7.0,7.0,,,,,538.8,538.25,Appleton1986MNRAS.221..393A,7585.78,0.0,0.0,29.4,0.09,0.09,7586.54,7637.81,7601.93,,,Csornyei2023A&A...678A..44C,-21.35,,,10.77,,,,,9.23,,,1,1,8.05,,,Karachentsev2013AJ....145..101K,,,,,,,,,,,,,,,,,,,,,,,,,,,,,,125.893,,,,Springob2005ApJS..160..149S,,,,,,,,,,,,,,,,,,,,,,,,,,,,,,,
ngc_5194_dw1328p4703,dw1328+4703,202.103,47.065,105.3362649,68.7799861,2563.95,7565.53,2451.96,,,,,,,,,,,,,,,,,,8356.03,0.0,0.0,29.61,0.28,0.27,8356.81,8406.68,8372.4,771.25,,Carlsten2022ApJ...933...47C,-9.61,0.11,0.11,6.08,,,,,,,ngc_5194,1,1,20.0,0.11,0.11,Carlsten2022ApJ...933...47C,0.1217,0.0067,0.0067,295.4,15.97,16.11,295.4,15.97,16.11,,,,,,,,26.31,,,,,,,,,,,,,,,,,,Carlsten2022ApJ...933...47C,,,,,,,,,,,,,,,,,,,,,,,,,,,,,,
ngc_5194_dw1330p4731,dw1330+4731,202.641,47.526,104.9289908,68.2113297,3596.69,10344.83,3445.86,,,,,,,,,,,,,,,,,,11481.54,0.0,0.0,30.3,0.48,0.46,11482.32,11515.55,11492.0,3896.18,,Carlsten2022ApJ...933...47C,-9.34,0.16,0.16,5.97,,,,,,,ngc_5194,1,1,20.96,0.16,0.16,Carlsten2022ApJ...933...47C,0.145,0.015,0.015,483.24,49.36,49.81,483.24,49.36,49.81,,,,,,,,27.65,,,,,,,,,,,,,,,,,,Carlsten2022ApJ...933...47C,,,,,,,,,,,,,,,,,,,,,,,,,,,,,,
ngc_5195,NGC 5195,202.4946,47.2681,104.8900219,68.48724,2368.35,6913.37,2282.55,,,,,,,,455.0,10.9,10.9,,,,,548.06,547.61,Springob2005ApJS..160..149S,7655.97,0.0,0.0,29.42,0.27,0.27,7656.74,7706.63,7671.53,70.89,,Tonry2001ApJ...546..681T,-19.49,,,10.03,,,,,8.14,,ngc_5194,1,1,9.93,,,Karachentsev2013AJ....145..101K,,,,,,,,,,,,,,,,,,,,,,,,,,,,,,10.09,,,,Springob2005ApJS..160..149S,,,,,,,,,,,,,,,,,,,,,,,,,,,,,,,
ngc_5204,NGC 5204,202.401667,58.417778,113.5007357,58.0061159,2224.87,3762.44,1407.23,,,,,,,,201.0,2.1,2.1,,,,,324.21,338.75,Springob2005ApJS..160..149S,4591.98,0.0,0.0,28.31,0.23,0.23,4593.7,4520.09,4539.62,,trgb,Tully2009AJ....138..323T,-17.05,,,9.05,,,,,8.59,,,1,1,11.26,,,Karachentsev2013AJ....145..101K,,,,,,,,,,,,,,,,,,,,,,,,,,,,,,78.71,,,,Springob2005ApJS..160..149S,,,,,,,,,,,,,,,,,,,,,,,,,,,,,,,
ngc_5206,NGC 5206,203.43291666666667,-48.1511111111111,310.1842261,14.1241847,-3056.64,812.95,-297.69,,,,,,,,583.0,6.0,6.0,,,,,411.01,334.07,Peterson1993AJ....105.1411P,3176.87,0.0,0.0,27.51,0.01,0.01,3171.8,3940.89,3558.2,,,Tully2009AJ....138..323T,-16.74,,,8.93,,,,,,6.54,,1,1,10.77,,,Karachentsev2013AJ....145..101K,,,,,,,,,,,,,,,,,,,,,,,,,,,,,,,,,1.445,Karachentsev2013AJ....145..101K,,,,,,,,,,,,,,,,,,,,,,,,,,,,,,,
ngc_5237,NGC 5237,204.4120833333333,-42.8475,311.8775306,19.220151,-3013.65,1080.98,-171.83,,,,,,,,361.0,4.0,4.0,,,,,199.02,122.02,Koribalski2004AJ....128...16K,3206.27,0.0,0.0,27.53,0.01,0.01,3201.16,3972.43,3588.78,,,Tully2009AJ....138..323T,-15.13,,,8.29,,,,,7.45,,,1,1,12.4,,,Karachentsev2013AJ....145..101K,,,,,,,,,,,,,,,,,,,,,,,,,,,,,,11.695,,,,Koribalski2004AJ....128...16K,,,,,,,,,,,,,,,,,,,,,,,,,,,,,,,
ngc_5238,NGC 5238,203.677917,51.613889,107.4046325,64.1900248,1700.43,3925.86,1421.17,,,,,,,,229.0,,,,,,,336.36,342.09,Thuan1981ApJ...247..823T,4508.17,0.0,0.0,28.27,0.02,0.02,4509.23,4526.69,4500.73,,trgb,Tully2009AJ....138..323T,-15.12,0.09,0.09,8.28,,,,,7.42,,,1,1,13.15,0.09,0.09,Carlsten2021ApJ...922..267C,0.7072,0.034,0.034,926.44,43.93,44.33,711.61,36.13,36.04,,,,0.41,0.02,0.02,,22.71,,,,,,,,,,,,,5.55,,,,Thuan1981ApJ...247..823T,Carlsten2021ApJ...922..267C,,,,,,,,,,,,,,,,,,,,,,,,,,,,,,
ngc_5253,NGC 5253,204.9825,-31.64,314.859593,30.1061332,-2969.26,1727.16,60.31,,,,,,,,407.0,3.0,3.0,,,,,268.17,192.84,Koribalski2004AJ....128...16K,3435.58,0.0,0.0,27.68,0.02,0.02,3430.63,4190.3,3811.84,767.24,,Tully2009AJ....138..323T,-17.36,,,9.18,,,,,7.91,,ngc_5128,1,1,10.32,,,Karachentsev2013AJ....145..101K,0.5833,0.0117,0.0117,582.72,11.49,11.59,508.01,10.01,10.11,44.0,,,0.24,,,,19.74,,,,,,,,,,,,,29.107,,,,Koribalski2004AJ....128...16K,Li2026ApJS..282...16L,,,,,,,,,,,,,,,,,,,,,,,,,,,,,,
ngc_5264,NGC 5264,205.40417,-29.91389,315.7172215,31.7090357,-4070.15,2513.35,160.2,,,,,,,,478.0,3.0,3.0,,,,,344.06,269.38,Koribalski2004AJ....128...16K,4786.3,0.0,0.0,28.4,0.07,0.07,4781.36,5535.13,5159.68,139.96,,Tully2009AJ....138..323T,-16.58,,,8.87,,,,,7.7,,m_083,1,1,11.82,,,Muller2015A&A...583A..79M,0.8733,0.035,0.035,1214.91,48.01,48.45,1113.49,44.0,44.41,66.0,,,0.16,,,,22.22,,,,,,,,,,,,,9.2,,,,Koribalski2004AJ....128...16K,Li2026ApJS..282...16L,,,,,,,,,,,,,,,,,,,,,,,,,,,,,,
ngc_5408,NGC 5408,210.839583,-41.376389,317.1568128,19.5002779,-5015.83,1767.5,176.98,,,,,,,,506.0,3.0,3.0,,,,,360.09,285.46,Makarov2014A&A...570A..13M,5321.08,0.0,0.0,28.63,0.07,0.07,5315.47,6073.88,5696.67,,trgb,Tully2009AJ....138..323T,-17.04,,,9.05,,,,,8.48,,,1,1,11.59,,,Karachentsev2013AJ....145..101K,,,,,,,,,,,,,,,,,,,,,,,,,,,,,,45.3,,,,Karachentsev2013AJ....145..101K,,,,,,,,,,,,,,,,,,,,,,,,,,,,,,,
ngc_5474,NGC 5474,211.256,53.662,100.8319374,60.194845,2725.0,5662.54,2658.7,,,,,,,,275.0,2.0,2.0,,,,,400.45,411.1,Davies1980MNRAS.191..253D,6823.39,0.0,0.0,29.17,0.13,0.13,6824.15,6778.67,6789.98,154.8,,Tikhonov2015AstL...41..239T,-18.12,0.09,0.09,9.48,,,,,8.99,,m_101,1,1,11.05,0.09,0.09,Carlsten2022ApJ...933...47C,1.4433,0.0683,0.0683,2861.98,133.64,134.86,2861.98,133.64,134.86,,,,,,,,22.73,,,,,,,,,,,,,89.536,,,,Karachentsev2013AJ....145..101K,Carlsten2022ApJ...933...47C,,,,,,,,,,,,,,,,,,,,,,,,,,,,,,
ngc_5477,NGC 5477,211.386,54.461,101.598543,59.4906278,2784.84,5568.5,2635.39,,,,,,,,312.0,2.0,2.0,,,,,439.53,451.25,Davies1980MNRAS.191..253D,6760.83,0.0,0.0,29.15,0.13,0.13,6761.66,6705.81,6722.18,194.16,,Tikhonov2015AstL...41..239T,-15.37,0.09,0.09,8.38,,,,,8.6,,m_101,1,1,13.78,0.09,0.09,Carlsten2022ApJ...933...47C,0.4417,0.0217,0.0217,867.72,41.98,42.37,867.72,41.98,42.37,,,,,,,,22.89,,,,,,,,,,,,,37.0,,,,Karachentsev2013AJ....145..101K,Carlsten2022ApJ...933...47C,,,,,,,,,,,,,,,,,,,,,,,,,,,,,,
ngc_5585,NGC 5585,214.95125,56.73027777777778,100.9974529,56.4737506,3119.48,5559.1,2927.31,,,,,,,,303.0,4.1,4.1,,,,,441.28,457.04,Springob2005ApJS..160..149S,7014.55,0.0,0.0,29.23,,,7015.41,6920.61,6956.93,,,Anand2021AJ....162...80A,-18.56,,,9.66,,,,,9.0,,,1,1,10.67,,,Karachentsev2013AJ....145..101K,,,,,,,,,,,,,,,,,,,,,,,,,,,,,,86.298,,,,Karachentsev2013AJ....145..101K,,,,,,,,,,,,,,,,,,,,,,,,,,,,,,,
ngc_6503,NGC 6503,267.36499999999995,70.14472222222223,100.5729049,30.6391903,4307.25,2812.03,3553.04,,,,,,,,25.0,1.0,1.0,,,,,234.65,282.62,Epinat2008MNRAS.388..500E,6251.73,0.0,0.0,28.98,0.06,0.06,6253.01,5851.2,6042.34,,,Tully2009AJ....138..323T,-19.44,,,10.01,,,,,8.86,,,1,1,9.54,,,Koda2015ApJ...802L..24K,,,,,,,,,,,,,,,,,,,,,,,,,,,,,,77.98,,,,Karachentsev2013AJ....145..101K,,,,,,,,,,,,,,,,,,,,,,,,,,,,,,,
ngc_6744-dw1907m6342,dw1907-6342,286.844167,-63.706111,332.3440076,-25.8617242,-6936.91,-3663.95,1460.91,,,,,,,,,,,,,,,,,,7979.95,0.0,0.0,29.51,0.25,0.24,7973.47,8435.94,8201.92,1526.8,sbf,Carlsten2022ApJ...933...47C,-12.12,0.1,0.1,7.08,,,,,,,ngc_6744,0,0,17.39,0.1,0.1,Carlsten2022ApJ...933...47C,0.15,0.01,0.01,347.71,22.87,23.08,347.71,22.87,23.08,,,,,,,,24.16,,,,,,,,,,,,,,,,,,Carlsten2022ApJ...933...47C,,,,,,,,,,,,,,,,,,,,,,,,,,,,,,
ngc_6744-dwtbg_a,NGC 6744 dwTBGa,286.483333,-63.271944,332.789314,-25.6302929,-6623.62,-3477.54,1452.87,,,,,,,,,,,,,,,,,,7620.79,0.0,0.0,29.41,0.33,0.31,7614.28,8077.4,7842.8,1888.33,sbf,Carlsten2022ApJ...933...47C,-11.72,0.11,0.11,6.92,,,,,,,ngc_6744,1,1,17.69,0.11,0.11,Carlsten2022ApJ...933...47C,0.1867,0.0133,0.0133,413.19,29.12,29.39,413.19,29.12,29.39,,,,,,,,24.93,,,,,,,,,,,,,,,,,,Carlsten2022ApJ...933...47C,,,,,,,,,,,,,,,,,,,,,,,,,,,,,,
ngc_6789,NGC 6789,289.1746,63.9715,94.9736325,21.517023,2437.68,1048.47,2355.35,,,,,,,,-141.0,9.0,9.0,,,,,88.44,144.0,Karachentsev1998A&A...331..891K,3548.13,0.0,0.0,27.75,0.04,0.04,3548.8,3107.88,3312.63,,,Tully2009AJ....138..323T,-14.31,0.09,0.09,7.96,,,,,,,,1,1,13.44,0.09,0.09,Carlsten2021ApJ...922..267C,0.3108,0.015,0.015,320.49,15.25,15.39,264.31,13.26,13.27,,,,0.32,0.02,0.02,,21.37,,,,,,,,,,,,,,,,,,Carlsten2021ApJ...922..267C,,,,,,,,,,,,,,,,,,,,,,,,,,,,,,
ngc_7793,NGC 7793,359.45583333333326,-32.59,4.5223894,-77.1703908,-548.27,-3583.69,197.8,,,,,,,,227.0,2.0,2.0,,,,,226.57,250.35,Koribalski2004AJ....128...16K,3630.78,0.0,0.0,27.8,0.08,0.08,3628.99,3505.15,3547.35,,,Tully2009AJ....138..323T,-18.65,,,9.69,,,,,8.7,,,1,1,9.15,,,Karachentsev2013AJ....145..101K,1.4817,0.0917,0.0917,1562.86,95.39,96.27,1210.59,73.89,74.57,-80.0,,,0.4,,,,20.34,,,,,,,,,,,,,162.93,,,,Koribalski2004AJ....128...16K,Kirby2008AJ....136.1866K,,,,,,,,,,,,,,,,,,,,,,,,,,,,,,
pgc_0001242,PGC1242,4.797917,-22.668333,62.5627469,-81.4384373,258.96,-6628.55,225.28,,,,,,,,670.0,2.0,2.0,,,,,695.64,732.26,Makarov2014A&A...570A..13M,6637.43,,,29.11,,,6636.88,6337.81,6477.74,149.14,host,,-14.04,,,7.85,,,,,8.19,,ngc_0045,1,1,15.07,,,Karachentsev2025PASA...42...26K,3.06,,,5908.1,,,4135.67,,,,,,0.51,,,,27.61,,,,,,,,,,,,,14.9,,,,Makarov2014A&A...570A..13M,Karachentsev2025PASA...42...26K,,,,,,,,,,,,,,,,,,,,,,,,,,,,,,
pgc_0020125,PGC 20125,106.32125,-58.520556,268.953031,-21.150137,-3278.6,-1492.73,-3882.9,,,,,,,,564.0,1.0,1.0,,,,,331.96,278.69,Kirby2012MNRAS.420.2924K,5296.63,0.0,0.0,28.62,0.11,0.11,5296.78,5796.49,5538.59,,trgb,Tully2009AJ....138..323T,-14.49,,,8.03,,,,,8.34,,,1,1,14.13,,,Karachentsev2013AJ....145..101K,0.9557,,,1472.42,,,1472.42,,,,,,,,,,24.92,,,,,,,,,,,,,33.2,1.5,1.5,,Kirby2012MNRAS.420.2924K,Parodi2002A&A...388...29P,,,,,,,,,,,,,,,,,,,,,,,,,,,,,,
pgc_0034671,PGC 34671,169.952,55.722,146.6556106,56.9824814,5328.25,8353.57,48.71,,,,,,,,605.1,7.0,7.0,,,,,679.31,688.41,,9908.32,,,29.98,,,9912.02,9822.64,9857.94,202.17,host,,-14.02,0.09,0.09,7.84,,,,,,,ngc_3556,1,1,15.96,0.09,0.09,Carlsten2022ApJ...933...47C,0.1567,0.0083,0.0083,451.05,23.67,23.88,451.05,23.67,23.88,,,,,,,,22.82,,,,,,,,,,,,,,,,,,Carlsten2022ApJ...933...47C,,,,,,,,,,,,,,,,,,,,,,,,,,,,,,
pgc_0042730,PGC 42730,190.70375,-12.390833,299.6259282,50.4255551,-5794.63,7520.44,-1032.63,,,,,,,,1154.0,4.0,4.0,,,,,1028.05,957.48,Crosby2025MNRAS.536.2072C,9549.93,,,29.9,,,9547.37,10236.53,9891.55,172.28,host,,-16.7,,,8.91,,,,,,,ngc_4594,1,1,13.2,,,Crosby2024MNRAS.527.9118C,0.5907,,,1640.85,,,1382.6,,,,,,0.29,,,,22.57,,,,,,,,,,,,,,,,,,Crosby2024MNRAS.527.9118C,,,-0.5,0.1,0.1,spectroscopic,-0.5,0.1,0.1,,,,,Crosby2025MNRAS.536.2072C,,,,,,,,,,,,,10.9,0.8,1.3,Crosby2025MNRAS.536.2072C
pgc_0051659,PGC 51659,217.0154167,-46.30167,319.8257416,13.3764371,-3512.82,814.45,241.78,,,,,,,,391.5,1.7,1.7,,,,,248.75,176.57,Begum2008MNRAS.386.1667B,3614.1,0.0,0.0,27.79,0.23,0.23,3608.07,4353.29,3981.91,739.06,,Tully2009AJ....138..323T,-13.46,,,7.62,,,,,7.78,,ngc_5128,1,1,14.33,,,Karachentsev2013AJ....145..101K,,,,,,,,,,,,,,,,,,,,,,,,,,,,,,19.8,,,,Begum2008MNRAS.386.1667B,,,,,,,,,,,,,,,,,,,,,,,,,,,,,,,
pgc_0073354,PGC 73354,4.255833,-23.708333,54.7932129,-81.5129446,126.56,-6631.78,242.82,,,,,,,,,,,,,,,,,,6637.43,,,29.11,,,6636.74,6351.65,6484.52,99.46,host,,-12.53,,,7.25,,,,,,,ngc_0045,0,0,16.58,,,Karachentsev2025PASA...42...26K,0.77,,,1486.68,,,974.88,,,,,,0.57,,,,25.99,,,,,,,,,,,,,,,,,,Karachentsev2025PASA...42...26K,,,,,,,,,,,,,,,,,,,,,,,,,,,,,,
pgc_0100170,PGC 100170,44.2158075,58.9115793,138.5184432,-0.1113801,2804.86,0.77,-56.49,,,,,,,,110.0,3.0,3.0,,,,,263.0,330.92,Makarov2014A&A...570A..13M,2805.43,0.0,0.0,27.24,0.2,0.2,2811.52,2145.66,2467.11,,,Makarov2014A&A...570A..13M,,,,,,,,,8.52,,,1,1,,,,,,,,,,,,,,,,,,,,,,,,,,,,,,,,,,178.6,,,,Makarov2014A&A...570A..13M,,,,,,,,,,,,,,,,,,,,,,,,,,,,,,,
pgc_0138836,PGC 138836,89.402917,7.491944,200.0089735,-8.3885381,2498.65,-265.31,-4887.32,,,,,,,,428.0,4.0,4.0,,,,,331.74,339.99,Makarov2014A&A...570A..13M,5495.41,0.0,0.0,28.7,0.7,0.7,5502.96,5368.86,5418.62,,bs,Karachentsev1996A&A...315..348K,-13.89,,,7.79,,,,,7.3,,,1,1,14.81,,,Makarov2014A&A...570A..13M,,,,,,,,,,,,,,,,,,,,,,,,,,,,,,2.8,,,,Makarov2014A&A...570A..13M,,,,,,,,,,,,,,,,,,,,,,,,,,,,,,,
pgc_0166069,PGC 166069,43.931667,58.861667,138.4111889,-0.2233861,5469.21,-10.26,-101.14,,,,,,,,59.2,0.6,0.6,,,,,212.54,280.58,Huchtmeier2003A&A...401..483H,5470.16,0.0,0.0,28.69,,,5476.24,4792.75,5127.98,,nam,Karachentsev2013AJ....145..101K,-15.26,,,8.34,,,,,,,,0,0,13.43,,,Karachentsev2013AJ....145..101K,,,,,,,,,,,,,,,,,,,,,,,,,,,,,,,,,,,,,,,,,,,,,,,,,,,,,,,,,,,,,,,,,
pgc_0166192,PGC 166192,307.6358955,60.3540088,95.5748719,12.2282433,5629.89,1072.62,5182.41,,,,,,,,133.0,7.0,7.0,,,,,372.32,436.1,Makarov2014A&A...570A..13M,7726.81,,,29.44,,,7727.58,7169.97,7443.49,76.94,host,,-15.17,,,8.3,,,,,8.28,,ngc_6946,1,1,14.27,,,Makarov2014A&A...570A..13M,,,,,,,,,,,,,,,,,,,,,,,,,,,,,,13.4,,,,Makarov2014A&A...570A..13M,,,,,,,,,,,,,,,,,,,,,,,,,,,,,,,
pgc_0166193,PGC 166193,307.8832995,60.8123555,96.0325461,12.3860344,5666.5,1098.58,5136.86,,,,,,,,131.0,4.0,4.0,,,,,369.9,433.73,Makarov2014A&A...570A..13M,7726.81,,,29.44,,,7727.64,7168.61,7442.84,104.48,host,,-14.89,,,8.19,,,,,7.29,,ngc_6946,1,1,14.55,,,Makarov2014A&A...570A..13M,,,,,,,,,,,,,,,,,,,,,,,,,,,,,,1.4,,,,Makarov2014A&A...570A..13M,,,,,,,,,,,,,,,,,,,,,,,,,,,,,,,
pgc_0170257,PGC 170257,202.3375,-21.179167,314.6400484,40.8290947,-3701.77,3202.17,177.06,,,,,,,,650.0,29.0,29.0,,,,,529.72,457.33,daCosta1998AJ....116....1D,4897.79,,,28.45,,,4893.47,5623.37,5258.75,756.44,host,,-13.89,,,7.79,,,,,6.91,,m_083,1,1,14.56,,,Karachentsev2013AJ....145..101K,,,,,,,,,,,,,,,,,,,,,,,,,,,,,,1.45,,,,Karachentsev2013AJ....145..101K,,,,,,,,,,,,,,,,,,,,,,,,,,,,,,,
pgc_039646,PGC 39646,184.815,6.293889,281.325525,67.8056131,-1573.68,4867.62,-613.11,,,,,,,,669.0,9.0,9.0,,,,,586.19,530.77,Haynes2011AJ....142..170H,5152.29,0.0,0.0,28.56,,,5151.69,5702.2,5420.31,,tf,Karachentsev2013AJ....145..101K,-13.29,,,7.55,,,,,6.57,,,1,1,15.27,,,Karachentsev2013AJ....145..101K,,,,,,,,,,,,,,,,,,,,,,,,,,,,,,0.59,0.05,0.05,,Haynes2011AJ....142..170H,,,,,,,,,,,,,,,,,,,,,,,,,,,,,,,
pgc_0580285,PGC580285,347.65875,-40.986389,352.6630251,-65.0870607,-3391.03,-9154.92,1401.09,,,,,,,,,,,,,,,,,,9862.79,,,29.97,,,9859.4,9823.7,9835.61,432.9,host,,-12.77,,,7.34,,,,,,,ngc_7424,0,0,17.2,,,Karachentsev2025PASA...42...26K,0.83,,,2381.25,,,1166.57,,,,,,0.76,,,,26.14,,,,,,,,,,,,,,,,,,Karachentsev2025PASA...42...26K,,,,,,,,,,,,,,,,,,,,,,,,,,,,,,
pgc_0704814,PGC 704814,359.669583,-31.4675,9.1114024,-77.7167363,-482.72,-3626.12,214.28,,,,,,,,299.0,89.0,89.0,,,,,302.38,327.68,Karachentsev2013AJ....145..101K,3664.38,0.0,0.0,27.82,0.1,0.1,3662.68,3522.61,3573.18,,,Karachentsev2021AJ....161..205K,-11.71,,,6.92,,,,,,,,1,1,16.11,,,Karachentsev2013AJ....145..101K,,,,,,,,,,,,,,,,,,,,,,,,,,,,,,,,,,,,,,,,,,,,,,,,,,,,,,,,,,,,,,,,,
pgc_0725719,PGC 725719,200.7374,-29.739333,311.0562574,32.6348215,-4099.53,2675.17,-160.07,,,,,,,,648.0,90.0,90.0,,,,,503.37,427.09,Kaldare2003MNRAS.339..652K,4897.79,,,28.45,,,4893.3,5653.77,5275.02,260.77,host,,-12.74,,,7.33,,,,,,,m_083,1,1,15.71,,,Karachentsev2013AJ....145..101K,,,,,,,,,,,,,,,,,,,,,,,,,,,,,,,,,,,,,,,,,,,,,,,,,,,,,,,,,,,,,,,,,
pgc_1059300,PGC 1059300,195.00125,-4.36056,307.0150679,58.4432513,-1877.82,3127.03,1.12,,,,,,,,539.6,89.0,89.0,,,,,447.66,384.07,Karachentsev2013AJ....145..101K,3647.54,0.0,0.0,27.81,,,3644.99,4292.23,3963.97,,,Karachentsev2013AJ....145..101K,-11.4,,,6.79,,,,,,,,1,1,16.41,,,Karachentsev2013AJ....145..101K,,,,,,,,,,,,,,,,,,,,,,,,,,,,,,,,,,,,,,,,,,,,,,,,,,,,,,,,,,,,,,,,,
pgc_2601822,PGC 2601822,311.336667,60.411111,96.7116951,10.7768577,5758.24,891.6,5074.57,,,,,,,,26.0,4.0,4.0,,,,,265.59,330.9,Makarov2014A&A...570A..13M,7726.81,,,29.44,,,7727.74,7152.35,7435.01,178.78,host,,-15.67,,,8.5,,,,,7.15,,ngc_6946,1,1,13.77,,,Makarov2014A&A...570A..13M,,,,,,,,,,,,,,,,,,,,,,,,,,,,,,1.01,,,,Makarov2014A&A...570A..13M,,,,,,,,,,,,,,,,,,,,,,,,,,,,,,,
pgc_3272767,PGC 3272767,193.32,-5.303611,303.7869081,57.5650785,-2649.24,4333.27,-164.08,,,,,,,,660.0,123.0,123.0,,,,,560.94,496.15,Karachentsev2013AJ....145..101K,5081.59,0.0,0.0,28.53,,,5079.18,5727.52,5400.25,,nam,Karachentsev2013AJ....145..101K,-9.5,,,6.03,,,,,,,,1,1,19.03,,,Karachentsev2013AJ....145..101K,,,,,,,,,,,,,,,,,,,,,,,,,,,,,,,,,,,,,,,,,,,,,,,,,,,,,,,,,,,,,,,,,
pgc_4560429,PGC 4560429,181.639583,30.621111,190.7049903,79.5787888,590.84,5434.6,-196.63,,,,,,,,494.1,18.0,18.0,,,,,491.21,464.78,SDSS2015ApJS..219...12A,5470.16,0.0,0.0,28.69,,,5471.61,5753.01,5599.93,,nam,Karachentsev2013AJ....145..101K,-10.97,,,6.62,,,,,,,,1,1,17.72,,,Karachentsev2013AJ....145..101K,,,,,,,,,,,,,,,,,,,,,,,,,,,,,,,,,,,,,,,,,,,,,,,,,,,,,,,,,,,,,,,,,
pgc_4561602,PGC 4561602,178.7675,28.348056,204.0817282,77.4751503,464.7,5377.72,-490.63,,,,,,,,502.5,13.7,13.7,,,,,485.81,456.39,SDSS2015ApJS..219...12A,5420.01,0.0,0.0,28.67,,,5421.62,5726.28,5561.71,,nam,Karachentsev2013AJ....145..101K,-11.35,,,6.77,,,,,,,,1,1,17.32,,,Karachentsev2013AJ....145..101K,,,,,,,,,,,,,,,,,,,,,,,,,,,,,,,,,,,,,,,,,,,,,,,,,,,,,,,,,,,,,,,,,
pisces_a,Pisces A,3.6916666666666655,10.813058333333334,108.5231901,-51.0298813,3112.09,-4554.25,1220.28,,,,,,,,235.7,0.6,0.6,,,,,373.53,443.86,Beale2020ApJ...903...59B,5649.37,0.0,0.0,28.76,0.06,0.05,5651.0,5000.54,5320.71,,,Tollerud2016ApJ...827...89T,-11.57,0.05,0.06,6.86,,,,,6.93,,,1,1,17.19,0.05,0.06,Tollerud2016ApJ...827...89T,0.1517,0.0017,0.0017,249.18,2.7,2.72,202.45,2.72,2.65,136.0,1.3,1.3,0.34,0.01,0.01,,23.53,,,,,,,0.1516666667,0.001666666667,0.001666666667,0.47,0.01,0.02,1.12,0.15,0.15,,Beale2020ApJ...903...59B,Tollerud2016ApJ...827...89T,,Tollerud2016ApJ...827...89T,,,,,,,,,,,,,,,,,,,,,,,,,,,,
pisces_b,Pisces B,19.79875,11.12172778,133.8284051,-51.1618168,5578.57,-6937.95,-421.03,,,,,,,,607.0,35.0,35.0,,,,,706.45,773.75,Tollerud2015ApJ...798L..21T,8912.51,0.0,0.0,29.75,0.2,0.19,8916.04,8258.26,8582.86,,,Tollerud2016ApJ...827...89T,-12.9,0.2,0.2,7.39,,,,,7.48,,,1,1,16.85,0.2,0.2,Tollerud2016ApJ...827...89T,0.1728,0.0005,0.0005,448.05,1.28,1.29,310.43,3.34,3.31,139.0,0.1,0.1,0.52,0.01,0.01,,23.13,,,,,,,0.1728333333,0.0005,0.0005,0.64,0.01,0.01,1.6,0.2,0.2,,Tollerud2015ApJ...798L..21T,Tollerud2016ApJ...827...89T,,Tollerud2016ApJ...827...89T,,,,,,,,,,,,,,,,,,,,,,,,,,,,
sbs_1224+533,SBS 1224+533,186.719167,53.105278,131.2430635,63.6248384,2698.59,5408.3,890.44,,,,,,,,291.0,1.0,1.0,,,,,376.23,381.24,Karachentsev2024A&A...684L..24K,6109.42,0.0,0.0,28.93,,,6111.8,6098.73,6091.72,,trgb,Anand2021AJ....162...80A,-13.37,,,7.58,,,,,7.11,,,1,1,15.56,,,Karachentsev2013AJ....145..101K,,,,,,,,,,,,,,,,,,,,,,,,,,,,,,1.46,,,,Karachentsev2024A&A...684L..24K,,,,,,,,,,,,,,,,,,,,,,,,,,,,,,,
scl-mm-dw1,Scl-MM-Dw1,11.89643,-26.38971,73.3721038,-88.8664769,30.49,-3500.44,-324.8,,,,,,,,,,,,,,,,,,3515.6,0.0,0.0,27.73,0.33,0.33,3515.57,3299.68,3387.19,82.66,,MutluPakdil2022ApJ...926...77M,-8.75,0.11,0.11,5.73,,,,,,6.46,ngc_0253,1,1,18.98,0.11,0.11,MutluPakdil2022ApJ...926...77M,0.3133,0.03,0.03,319.79,30.23,30.51,285.57,29.93,29.89,133.0,24.0,24.0,0.2,0.07,0.07,,27.1,,,,,,,,,,,,,,,,1.0,Sand2014ApJ...793L...7S,MutluPakdil2022ApJ...926...77M,,,,,,,,,,,,,,,,,,,,,,,,,,,,,,
scl-mm-dw2,Scl-MM-Dw2,12.57108,-24.74961,116.645964,-87.6072645,137.91,-3513.05,-336.59,,,,,,,,,,,,,,,,,,3531.83,0.0,0.0,27.74,0.07,0.07,3531.99,3293.87,3392.8,81.65,,MutluPakdil2022ApJ...926...77M,-12.37,0.5,0.5,7.18,,,,,,5.17,ngc_0253,1,1,15.37,0.5,0.5,Toloba2016ApJ...816L...5T,3.24,0.51,0.51,3317.83,516.25,521.0,1921.43,343.37,352.32,31.0,3.0,3.0,0.66,0.06,0.06,,27.62,,,,,,,,,,,,,,,,0.05,Toloba2016ApJ...816L...5T,Toloba2016ApJ...816L...5T,,,,,,,,,,,,,,,,,,,,,,,,,,,,,,
scl-mm-dw3,Scl-MM-Dw3,11.7795,-23.95573,105.6222818,-86.6812652,170.69,-3452.14,-276.08,,,,,,,,,,,,,,,,,,3467.37,0.0,0.0,27.7,0.18,0.09,3467.5,3220.21,3323.49,80.86,,MutluPakdil2022ApJ...926...77M,-7.24,0.21,0.26,5.13,,,,,,6.45,ngc_0253,1,1,20.46,0.21,0.26,MutluPakdil2022ApJ...926...77M,0.11,0.03,0.03,110.33,29.8,30.08,70.84,21.49,22.94,70.0,13.0,13.0,0.57,0.12,0.12,,25.58,,,,,,,,,,,,,,,,1.0,MutluPakdil2022ApJ...926...77M,MutluPakdil2022ApJ...926...77M,,,,,,,,,,,,,,,,,,,,,,,,,,,,,,
scl-mm-dw4,Scl-MM-Dw4,13.45476,-25.47442,140.9483295,-88.2622095,124.44,-4083.77,-460.13,,,,,,,,,,,,,,,,,,4111.5,0.0,0.0,28.07,0.18,0.09,4111.7,3871.86,3974.58,650.96,,MutluPakdil2022ApJ...926...77M,-7.26,0.23,0.27,5.14,,,,,,6.6,ngc_0253,1,1,20.81,0.23,0.27,MutluPakdil2022ApJ...926...77M,0.1583,0.0433,0.0433,188.31,51.04,51.52,137.58,43.53,47.53,80.0,46.0,0.0,0.43,0.19,0.19,,27.0,,,,,,,,,,,,,,,,1.0,MutluPakdil2022ApJ...926...77M,MutluPakdil2022ApJ...926...77M,,,,,,,,,,,,,,,,,,,,,,,,,,,,,,
scl-mm-dw5,Scl-MM-Dw5,12.60776,-26.72726,93.6401059,-89.5404767,22.55,-3869.06,-406.81,,,,,,,,,,,,,,,,,,3890.45,0.0,0.0,27.95,0.1,0.15,3890.46,3671.13,3762.42,435.0,,MutluPakdil2022ApJ...926...77M,-7.5,0.2,0.28,5.23,,,,,,6.55,ngc_0253,1,1,20.45,0.2,0.28,MutluPakdil2022ApJ...926...77M,0.3167,0.0867,0.0867,356.37,96.6,97.5,202.16,63.63,69.19,169.0,7.0,7.0,0.66,0.11,0.11,,27.6,,,,,,,,,,,,,,,,1.0,MutluPakdil2022ApJ...926...77M,MutluPakdil2022ApJ...926...77M,,,,,,,,,,,,,,,,,,,,,,,,,,,,,,
sculptor-de1,Sculptor-dE1,5.965416667,-24.705,52.7442639,-83.3439826,46.74,-4304.95,23.07,,,,,,,,,,,,,,,,,,4305.27,0.0,0.0,28.17,0.12,0.12,4304.7,4053.59,4163.28,913.52,,DaCosta2009AJ....137.4361D,-11.5,,,6.83,,,,,,4.99,ngc_0253,1,1,16.67,,,,0.3417,0.0317,0.0317,427.07,39.07,39.43,427.07,39.07,39.43,,,,,,,,25.22,,,,,,,,,,,,,,,,0.0225,Bouchard2005AJ....130.2058B,Jerjen2000AJ....119..593J,,,,,,,,,,,,,,,,,,,,,,,,,,,,,,
ugc_00064,UGC 64,1.933333,40.875556,114.0864771,-21.2443395,6991.07,-3272.04,2664.45,,,,,,,,305.0,17.0,17.0,,,,,506.25,587.12,Braun2003A&A...406..829B,8165.82,0.0,0.0,29.56,,,8168.92,7395.27,7780.43,,trgb,Anand2021AJ....162...80A,-14.56,,,8.06,,,,,8.43,,,1,1,15.0,,,Karachentsev2013AJ....145..101K,,,,,,,,,,,,,,,,,,,,,,,,,,,,,,17.18,,,,Braun2003A&A...406..829B,,,,,,,,,,,,,,,,,,,,,,,,,,,,,,,
ugc_00288,UGC 288,7.266667,43.431667,118.632636,-19.2532517,6100.35,-2464.09,1809.03,,,,,,,,187.0,0.5,0.5,,,,,382.11,462.58,Huchtmeier2003A&A...401..483H,6823.39,0.0,0.0,29.17,0.05,0.05,6827.07,6048.62,6435.98,,trgb,Tully2009AJ....138..323T,-14.03,0.09,0.09,7.85,,,,,7.69,,,1,1,15.14,0.09,0.09,Carlsten2021ApJ...922..267C,0.3825,0.0195,0.0195,758.4,38.13,38.49,541.61,29.55,29.12,,,,0.49,0.02,0.02,,23.21,,,,,,,,,,,,,4.45,,,,Huchtmeier2003A&A...401..483H,Carlsten2021ApJ...922..267C,,,,,,,,,,,,,,,,,,,,,,,,,,,,,,
ugc_00685,UGC 685,16.84292,16.68389,128.4306828,-46.0176683,3298.57,-3495.99,134.84,,,,,,,,156.3,1.7,1.7,,,,,278.74,350.53,Begum2008MNRAS.386.1667B,4808.39,0.0,0.0,28.41,0.02,0.02,4811.9,4118.96,4460.13,,trgb,Tully2009AJ....138..323T,-14.79,0.09,0.09,8.15,,,,,7.81,,,1,1,13.62,0.09,0.09,Carlsten2021ApJ...922..267C,0.391,0.019,0.019,546.34,26.18,26.43,419.63,21.47,21.5,,,,0.41,0.02,0.02,,21.89,,,,,,,,,,,,,11.8,1.2,1.2,,Begum2008MNRAS.386.1667B,Carlsten2021ApJ...922..267C,,,,,,,,,,,,,,,,,,,,,,,,,,,,,,
ugc_01104,UGC 1104,23.17625,18.315833,136.4799409,-43.4676726,5479.52,-5172.42,-487.22,,,,,,,,688.0,16.7,16.7,,,,,798.6,869.17,Springob2005ApJS..160..149S,7550.92,0.0,0.0,29.39,,,7555.2,6857.27,7202.01,,,Sharina1996A&AS..119..499S,-15.5,,,8.43,,,,,8.02,,,1,1,13.89,,,Karachentsev2013AJ....145..101K,,,,,,,,,,,,,,,,,,,,,,,,,,,,,,7.8,,,,Karachentsev2013AJ....145..101K,,,,,,,,,,,,,,,,,,,,,,,,,,,,,,,
ugc_01171,UGC 1171,24.936667,15.899444,139.5867212,-45.4043275,7113.34,-7145.66,-1068.44,,,,,,,,738.0,2.0,2.0,,,,,837.35,905.8,Makarov2014A&A...570A..13M,10139.11,0.0,0.0,30.03,0.22,0.26,10143.46,9462.09,9798.78,388.86,sbf,Carlsten2022ApJ...933...47C,-14.4,0.09,0.09,7.99,,,,,7.7,,ngc_0628,1,1,15.63,0.09,0.09,Carlsten2022ApJ...933...47C,0.285,0.015,0.015,839.65,43.59,43.99,839.65,43.59,43.99,,,,,,,,23.79,,,,,,,,,,,,,2.07,0.05,0.05,,Haynes2011AJ....142..170H,Carlsten2022ApJ...933...47C,,,,,,,,,,,,,,,,,,,,,,,,,,,,,,
ugc_01176,UGC 1176,25.043,15.905,139.724969,-45.3717399,6342.81,-6363.29,-967.21,,,,,,,,631.0,1.0,1.0,,,,,730.09,798.49,Haynes2011AJ....142..170H,9036.49,0.0,0.0,29.78,0.2,0.2,9040.85,8360.65,8696.5,748.85,,Sharina1996A&AS..119..499S,-15.76,0.09,0.09,8.54,,,,,8.66,,ngc_0628,1,1,14.02,0.09,0.09,Carlsten2022ApJ...933...47C,0.8267,0.04,0.04,2170.81,103.6,104.55,2170.81,103.6,104.55,,,,,,,,24.49,,,,,,,,,,,,,23.55,,,,Haynes2011AJ....142..170H,Carlsten2022ApJ...933...47C,,,,,,,,,,,,,,,,,,,,,,,,,,,,,,
ugc_01281,UGC 1281,27.384583,32.5925,136.872066,-28.701634,4624.33,-2521.05,-238.78,,,,,,,,143.0,4.0,4.0,,,,,278.28,352.91,Makarov2014A&A...570A..13M,5272.3,0.0,0.0,28.61,0.01,0.01,5277.5,4530.64,4900.15,,trgb,Tully2009AJ....138..323T,-16.51,,,8.84,,,,,8.28,,,1,1,12.1,,,Karachentsev2013AJ....145..101K,,,,,,,,,,,,,,,,,,,,,,,,,,,,,,28.8,,,,Karachentsev2013AJ....145..101K,,,,,,,,,,,,,,,,,,,,,,,,,,,,,,,
ugc_01281-dw0149+3237,Dw 0149+3237,27.462083,32.628333,136.9335953,-28.6503341,4626.64,-2516.39,-243.25,,,,,,,,,,,,,,,,,,5272.3,,,28.61,,,5277.51,4530.77,4900.21,6.85,host,,-7.58,,,5.27,,,,,,,ugc_01281,0,0,21.03,,,Karachentsev2013AJ....145..101K,0.4,,,613.46,,,613.46,,,,,,,,,,29.93,,,,,,,,,,,,,,,,,,Karachentsev2022AstBu..77..372K,,,,,,,,,,,,,,,,,,,,,,,,,,,,,,
ugc_01703,UGC 1703,33.22875,32.815,142.0992278,-27.0061511,3822.75,-1908.27,-529.53,,,,,,,,40.0,20.0,20.0,,,,,161.82,233.9,Karachentsev2015Ap.....58..309K,4305.27,0.0,0.0,28.17,0.03,0.03,4310.98,3584.58,3942.31,,trgb,Tully2009AJ....138..323T,-11.9,,,6.99,,,,,,,,1,1,16.27,,,Karachentsev2013AJ....145..101K,,,,,,,,,,,,,,,,,,,,,,,,,,,,,,,,,,,,,,,,,,,,,,,,,,,,,,,,,,,,,,,,,
ugc_01807,UGC 1807,35.306,42.763,139.9881884,-17.1155061,9503.29,-2863.83,-754.4,,,,,,,,628.0,6.0,6.0,,,,,767.18,840.0,Schneider1992ApJS...81....5S,9954.05,,,29.99,,,9960.0,9220.24,9586.33,83.8,host,,-16.33,0.09,0.09,8.77,,,,,8.56,,ngc_0891,1,1,13.66,0.09,0.09,Karachentsev2013AJ....145..101K,0.61,0.03,0.03,1764.47,85.59,86.37,1764.47,85.59,86.37,,,,,,,,23.47,,,,,,,,,,,,,15.53,2.39,2.39,,Schneider1992ApJS...81....5S,Carlsten2022ApJ...933...47C,,,,,,,,,,,,,,,,,,,,,,,,,,,,,,
ugc_02157,UGC 2157,40.104,38.563,145.2550093,-19.5391409,9698.75,-3305.84,-1717.58,,,,,,,,489.0,4.0,4.0,,,,,608.32,678.23,Makarov2014A&A...570A..13M,10389.63,,,30.083,,,10395.92,9677.68,10032.49,90.7,host,,-16.1,0.03,0.03,8.67,,,,,7.63,,ngc_1023,1,1,13.98,0.03,0.03,Carlsten2022ApJ...933...47C,0.5017,0.0133,0.0133,1515.31,39.7,40.07,1515.31,39.7,40.07,,,,,,,,23.37,,,,,,,,,,,,,1.69,,,,Makarov2014A&A...570A..13M,Carlsten2022ApJ...933...47C,,,,,,,,,,,,,,,,,,,,,,,,,,,,,,
ugc_02165,UGC 2165,40.315,38.744,145.3292464,-19.3045969,10061.54,-3382.2,-1789.95,,,,,,,,740.0,43.0,43.0,,,,,859.27,929.1,Makarov2014A&A...570A..13M,10764.65,0.0,0.0,30.16,0.17,0.16,10770.96,10053.14,10407.76,380.88,sbf,Carlsten2022ApJ...933...47C,-16.38,0.04,0.04,8.79,,,,,,,ngc_1023,1,1,13.78,0.04,0.04,Carlsten2022ApJ...933...47C,0.475,0.0133,0.0133,1486.51,41.14,41.51,1486.51,41.14,41.51,,,,,,,,23.05,,,,,,,,,,,,,,,,,,Carlsten2022ApJ...933...47C,,,,,,,,,,,,,,,,,,,,,,,,,,,,,,
ugc_02684,UGC 2684,50.09875,17.295,166.3226257,-32.7475095,5210.1,-3488.98,-3286.42,,,,,,,,350.0,4.1,4.1,,,,,384.09,438.01,Springob2005ApJS..160..149S,7079.46,0.0,0.0,29.25,,,7086.1,6517.08,6793.02,,trgb,Anand2021AJ....162...80A,-13.87,,,7.78,,,,,7.99,,,1,1,15.38,,,Karachentsev2013AJ....145..101K,,,,,,,,,,,,,,,,,,,,,,,,,,,,,,8.32,,,,Springob2005ApJS..160..149S,,,,,,,,,,,,,,,,,,,,,,,,,,,,,,,
ugc_02716,UGC 2716,51.03,17.754167,166.7766768,-31.8244236,4935.66,-3188.59,-3152.02,,,,,,,,381.0,0.5,0.5,,,,,413.96,467.45,Huchtmeier2003A&A...401..483H,6668.07,0.0,0.0,29.12,,,6674.79,6110.29,6383.49,,trgb,Anand2021AJ....162...80A,-15.55,,,8.45,,,,,7.71,,,1,1,13.57,,,Karachentsev2013AJ....145..101K,0.7067,0.0583,0.0583,1368.35,111.48,112.51,1152.99,93.94,94.8,90.0,,,0.29,,,,23.33,,,,,,,,,,,,,4.92,0.0,0.0,0.0,Huchtmeier2003A&A...401..483H,Li2026ApJS..282...16L,,,,,,,,,,,,,,,,,,,,,,,,,,,,,,
ugc_02773,UGC 2773,53.030292,47.794028,148.8103043,-6.8402273,4287.28,-426.01,-920.09,,,,,,,,220.0,6.0,6.0,,,,,334.4,398.5,Makarov2014A&A...570A..13M,4405.55,0.0,0.0,28.22,0.5,0.4,4412.45,3757.3,4075.86,,tf,Nasonova2011A&A...532A.104N,-14.71,,,8.12,,,,,8.04,,,1,1,13.51,,,Makarov2014A&A...570A..13M,,,,,,,,,,,,,,,,,,,,,,,,,,,,,,23.99,,,,Makarov2014A&A...570A..13M,,,,,,,,,,,,,,,,,,,,,,,,,,,,,,,
ugc_02905,UGC 2905,59.2505833,16.5224444,174.3078153,-27.3115435,4143.55,-2317.8,-3391.1,,,,,,,,293.0,3.0,3.0,,,,,299.67,345.44,Makarov2014A&A...570A..13M,5834.45,0.0,0.0,28.83,0.4,0.4,5841.63,5350.22,5584.12,,,Georgiev1997AstL...23..514G,-14.73,,,8.13,,,,,7.56,,,1,1,14.1,,,Karachentsev2013AJ....145..101K,,,,,,,,,,,,,,,,,,,,,,,,,,,,,,4.5,,,,Karachentsev2013AJ....145..101K,,,,,,,,,,,,,,,,,,,,,,,,,,,,,,,
ugc_03600,UGC 3600,103.916667,39.095,177.372718,17.4750909,7442.45,3727.67,-5870.89,,,,,,,,412.0,,,,,,,412.78,434.86,Karachentsev2013AJ....145..101K,10185.91,0.0,0.0,30.04,0.23,0.23,10193.65,9914.56,10043.66,,trgb,Tully2009AJ....138..323T,-15.16,0.09,0.09,8.3,,,,,8.07,,,1,1,14.88,0.09,0.09,Carlsten2021ApJ...922..267C,0.5325,0.027,0.027,1576.12,78.82,79.55,802.82,50.83,51.01,,,,0.74,0.02,0.02,,22.93,,,,,,,,,,,,,4.83,,,,Karachentsev2013AJ....145..101K,Carlsten2021ApJ...922..267C,,,,,,,,,,,,,,,,,,,,,,,,,,,,,,
ugc_03698,UGC 3698,107.328333,44.38,172.9705714,21.6221344,8520.27,4799.8,-5605.74,,,,,,,,421.4,0.3,0.3,,,,,440.31,464.31,Huchtmeier2003A&A...401..483H,11271.97,0.0,0.0,30.26,0.43,0.43,11279.47,10985.23,11122.76,,trgb,Tully2009AJ....138..323T,-15.42,0.09,0.09,8.4,,,,,8.25,,,1,1,14.84,0.09,0.09,Carlsten2021ApJ...922..267C,0.2857,0.0145,0.0145,935.68,46.84,47.28,765.91,40.28,40.29,,,,0.33,0.02,0.02,,22.57,,,,,,,,,,,,,5.92,,,,Huchtmeier2003A&A...401..483H,Carlsten2021ApJ...922..267C,,,,,,,,,,,,,,,,,,,,,,,,,,,,,,
ugc_04483,UGC 4483,129.2625,69.77528,144.9676566,34.3804766,2929.45,2052.84,-165.78,,,,,,,,155.7,0.2,0.2,,,,,267.73,303.54,Huchtmeier2003A&A...401..483H,3580.96,0.0,0.0,27.77,0.09,0.09,3586.46,3267.46,3405.76,434.54,,Tully2009AJ....138..323T,-13.28,,,7.55,,,,,7.61,,m_081,1,1,14.49,,,Karachentsev2013AJ....145..101K,,,,,,,,,,,,,,,,,,,,,,,,,,,,,,13.552,,,,Huchtmeier2003A&A...401..483H,,,,,,,,,,,,,,,,,,,,,,,,,,,,,,,
ugc_05086,UGC 5086,143.20375,21.465,208.8229093,44.6728043,1925.27,6579.31,-5044.76,,,,,,,,491.0,4.0,4.0,,,,,404.23,377.86,Springob2005ApJS..160..149S,8511.38,0.0,0.0,29.65,,,8516.44,8723.77,8609.48,651.27,trgb,Tully2009AJ....138..323T,-14.33,0.08,0.08,7.97,,,,,,,ngc_2903,1,1,15.32,0.08,0.08,Carlsten2022ApJ...933...47C,0.289,0.012,0.012,714.91,29.27,29.54,714.91,29.27,29.54,,,,,,,,23.51,,,,,,,,,,,,,,,,,,Carlsten2022ApJ...933...47C,,,,,,,,,,,,,,,,,,,,,,,,,,,,,,
ugc_05423,UGC 5423,151.3775,70.364444,140.0337478,40.8074522,6707.72,5796.85,328.04,,,,,,,,353.0,2.0,2.0,,,,,470.01,501.22,Makarov2014A&A...570A..13M,8871.56,0.0,0.0,29.74,0.03,0.03,8876.27,8569.9,8713.4,,trgb,Tully2009AJ....138..323T,-16.08,,,8.67,,,,,7.81,,,1,1,13.66,,,Makarov2014A&A...570A..13M,,,,,,,,,,,,,,,,,,,,,,,,,,,,,,3.5,,,,Makarov2014A&A...570A..13M,,,,,,,,,,,,,,,,,,,,,,,,,,,,,,,
ugc_05812,UGC 5812,160.235,12.473,232.0777755,56.1356801,-517.89,10038.12,-5215.45,,,,,,,,1009.0,2.0,2.0,,,,,903.08,857.97,Makarov2014A&A...570A..13M,11324.0,,,30.27,,,11326.79,11724.09,11519.24,332.85,host,,-15.52,0.09,0.09,8.44,,,,,7.73,,ngc_3379,1,1,14.75,0.09,0.09,Carlsten2022ApJ...933...47C,0.4683,0.0233,0.0233,1541.11,75.73,76.43,1541.11,75.73,76.43,,,,,,,,23.99,,,,,,,,,,,,,1.79,,,,Makarov2014A&A...570A..13M,Carlsten2022ApJ...933...47C,,,,,,,,,,,,,,,,,,,,,,,,,,,,,,
ugc_05944,UGC 5944,162.579,13.272,232.9641994,58.5086807,-576.64,10245.58,-4788.39,,,,,,,,1073.0,27.0,27.0,,,,,973.16,928.13,Karachentsev2013AJ....145..101K,11324.0,0.0,0.0,30.27,0.37,0.34,11326.56,11726.84,11520.63,181.62,sbf,Carlsten2022ApJ...933...47C,-15.56,0.09,0.09,8.46,,,,,6.52,,ngc_3379,1,1,14.71,0.09,0.09,Carlsten2022ApJ...933...47C,0.3433,0.0167,0.0167,1129.81,54.09,54.59,1129.81,54.09,54.59,,,,,,,,23.28,,,,,,,,,,,,,0.11,,,,Makarov2014A&A...570A..13M,Carlsten2022ApJ...933...47C,,,,,,,,,,,,,,,,,,,,,,,,,,,,,,
ugc_06451,UGC 6451,172.193,79.60194,127.4936416,36.7832336,2851.66,2096.28,731.69,,,,,,,,,,,,,,,,,,3614.1,,,27.79,,,3618.06,3278.15,3428.33,760.22,host,,-11.82,,,6.96,,,,,,,m_081,1,1,15.97,,,Karachentsev2013AJ....145..101K,,,,,,,,,,,,,,,,,,,,,,,,,,,,,,,,,,,,,,,,,,,,,,,,,,,,,,,,,,,,,,,,,
ugc_06456,UGC 6456,172.0025,78.991389,127.8368247,37.330059,3634.23,2726.1,915.98,,,,,,,,-93.7,1.7,1.7,,,,,58.96,98.67,Begum2008MNRAS.386.1667B,4634.47,0.0,0.0,28.33,0.04,0.04,4638.44,4289.64,4448.5,,trgb,Tully2009AJ....138..323T,-13.94,0.09,0.09,7.81,,,,,7.71,,,1,1,14.39,0.09,0.09,Carlsten2021ApJ...922..267C,0.2527,0.0125,0.0125,340.27,16.6,16.76,290.74,14.76,14.88,,,,0.27,0.02,0.02,,21.95,,,,,,,,,,,,,10.1,1.0,1.0,,Begum2008MNRAS.386.1667B,Carlsten2021ApJ...922..267C,,,,,,,,,,,,,,,,,,,,,,,,,,,,,,
ugc_06541,UGC 6541,173.37125,49.23806,151.9023961,63.2747983,1839.98,3804.73,-58.49,,,,,,,,249.4,1.7,1.7,,,,,303.25,302.93,Begum2008MNRAS.386.1667B,4226.69,0.0,0.0,28.13,0.12,0.12,4229.91,4273.62,4232.46,,trgb,Tully2009AJ....138..323T,-13.95,0.09,0.09,7.81,,,,,7.06,,,1,1,14.18,0.09,0.09,Carlsten2021ApJ...922..267C,0.3082,0.0152,0.0152,378.5,18.37,18.54,278.14,14.6,14.45,,,,0.46,0.02,0.02,,21.84,,,,,,,,,,,,,2.7,0.3,0.3,,Begum2008MNRAS.386.1667B,Carlsten2021ApJ...922..267C,,,,,,,,,,,,,,,,,,,,,,,,,,,,,,
ugc_06757,UGC 6757,176.74625,61.335,136.0612161,54.1196813,2703.05,3708.28,472.84,,,,,,,,82.0,4.0,4.0,,,,,182.74,199.13,Aihara2011ApJS..193...29A,4613.18,0.0,0.0,28.32,0.14,0.14,4616.61,4499.5,4540.14,,trgb,Tully2009AJ....138..323T,-12.72,0.09,0.09,7.32,,,,,,,,1,1,15.6,0.09,0.09,Carlsten2021ApJ...922..267C,0.3215,0.017,0.017,430.95,22.48,22.68,269.11,15.79,15.62,,,,0.61,0.02,0.02,,23.0,,,,,,,,,,,,,,,,,,Carlsten2021ApJ...922..267C,,,,,,,,,,,,,,,,,,,,,,,,,,,,,,
ugc_07242,UGC 7242,183.530833,66.092222,128.8729125,50.6034208,3417.94,4125.98,970.73,,,,,,,,66.0,1.7,1.7,,,,,188.23,211.09,Begum2008MNRAS.386.1667B,5445.03,0.0,0.0,28.68,0.03,0.03,5448.27,5263.92,5341.16,518.91,trgb,Tully2009AJ....138..323T,-14.47,,,8.02,,,,,7.69,,ngc_4605,1,1,14.21,,,Karachentsev2013AJ....145..101K,,,,,,,,,,,,,,,,,,,,,,,,,,,,,,7.0,,,,Begum2008MNRAS.386.1667B,,,,,,,,,,,,,,,,,,,,,,,,,,,,,,,
ugc_07298,UGC 7298,184.125699,52.227996,135.2078247,64.0596039,1830.65,3735.5,483.26,,,,,,,,174.0,1.7,1.7,,,,,252.68,256.32,Begum2008MNRAS.386.1667B,4187.94,0.0,0.0,28.11,0.13,0.13,4190.46,4210.17,4181.09,,trgb,Tully2009AJ....138..323T,-12.5,0.09,0.09,7.23,,,,,7.33,,,1,1,15.61,0.09,0.09,Carlsten2021ApJ...922..267C,0.2538,0.0133,0.0133,308.89,16.0,16.15,254.73,13.76,13.83,136.5,,,0.32,0.02,0.02,,23.1,,,,,,,,,,,,,5.2,0.5,0.5,,Begum2008MNRAS.386.1667B,Carlsten2021ApJ...922..267C,,,,,,,,,,,,,,,,,,,,,,,,,,,,,,
ugc_07356,UGC 7356,184.787917,47.089722,138.4427519,69.0542855,2601.23,6760.93,699.8,,,,,,,,269.0,17.0,17.0,,,,,331.06,327.48,Makarov2014A&A...570A..13M,7277.8,0.0,0.0,29.31,0.02,0.02,7279.97,7339.11,7298.21,331.12,trgb,Tully2009AJ....138..323T,-14.31,0.1,0.1,7.96,,,,,,,ngc_4248,1,1,15.0,0.1,0.1,Carlsten2022ApJ...933...47C,0.4193,0.0285,0.0285,886.49,59.45,59.99,886.49,59.45,59.99,,,,,,,,24.0,,,,,,,,,,,,,,,,,,Carlsten2022ApJ...933...47C,,,,,,,,,,,,,,,,,,,,,,,,,,,,,,
ugc_07490,UGC 7490,186.10375,70.334278,126.2362482,46.6202155,7457.59,7832.68,2344.16,,,,,,,,466.0,2.0,2.0,,,,,602.48,631.07,Makarov2014A&A...570A..13M,11066.24,0.0,0.0,30.22,0.4,0.4,11069.54,10803.97,10929.01,,tf,Makarov2014A&A...570A..13M,-17.2,0.22,0.22,9.11,,,,,,,,1,1,13.02,0.22,0.22,Makarov2014A&A...570A..13M,,,,,,,,,,,,,,,,,,,,,,,,,,,,,,,,,,,,,,,,,,,,,,,,,,,,,,,,,,,,,,,,,
ugc_07596,UGC 7596,187.14125,8.639722,285.5599449,70.7360566,-1287.44,4396.43,-316.52,,,,,,,,565.0,6.0,6.0,,,,,495.43,442.68,Haynes2011AJ....142..170H,4591.98,0.0,0.0,28.31,,,4591.27,5125.44,4850.51,,tf,Karachentsev2013AJ....145..101K,-13.81,,,7.76,,,,,6.26,,,1,1,14.5,,,Karachentsev2013AJ....145..101K,,,,,,,,,,,,,,,,,,,,,,,,,,,,,,0.37,,,,Haynes2011AJ....142..170H,,,,,,,,,,,,,,,,,,,,,,,,,,,,,,,
ugc_07605,UGC 7605,187.1625,35.718056,150.9930477,80.1349473,789.65,4664.97,324.12,,,,,,,,310.0,1.7,1.7,,,,,336.14,316.91,Begum2008MNRAS.386.1667B,4742.42,0.0,0.0,28.38,0.14,0.14,4743.64,4974.22,4844.17,,trgb,Tully2009AJ....138..323T,-13.87,0.09,0.09,7.78,,,,,7.42,,,1,1,14.51,0.09,0.09,Carlsten2021ApJ...922..267C,0.331,0.0165,0.0165,456.15,22.43,22.63,410.48,20.77,21.12,,,,0.19,0.02,0.02,,22.77,,,,,,,,,,,,,4.93,0.5,0.5,,Begum2008MNRAS.386.1667B,Carlsten2021ApJ...922..267C,,,,,,,,,,,,,,,,,,,,,,,,,,,,,,
ugc_07636,UGC 7636,187.504167,7.929444,287.1411919,70.1417007,-1526.21,4958.92,-345.52,,,,,,,,469.0,16.0,16.0,,,,,397.89,344.43,Schneider1990ApJS...72..245S,5199.96,0.0,0.0,28.58,,,5199.15,5736.59,5461.06,,tf,Karachentsev2013AJ....145..101K,-14.08,,,7.87,,,,,6.17,,,1,1,14.5,,,Karachentsev2013AJ....145..101K,,,,,,,,,,,,,,,,,,,,,,,,,,,,,,0.23,,,,Karachentsev2013AJ....145..101K,,,,,,,,,,,,,,,,,,,,,,,,,,,,,,,
ugc_07929,UGC 7929,191.337083,21.426944,288.9319659,84.1324436,-396.03,4379.44,269.26,,,,,,,,387.0,,,,,,,371.42,334.08,Kim2014ApJS..215...22K,4405.55,,,28.22,,,4405.29,4811.33,4596.53,204.55,host,,-12.55,0.09,,7.25,,,,,,,ngc_4826,1,1,15.67,0.09,,Carlsten2022ApJ...933...47C,0.4517,0.0242,0.0242,578.18,30.51,30.8,578.18,30.51,30.8,,,,,,,,24.83,,,,,,,,,,,,,,,,,,Carlsten2022ApJ...933...47C,,,,,,,,,,,,,,,,,,,,,,,,,,,,,,
ugc_07950,UGC 7950,191.7344,51.6128,124.6168283,65.5007272,2850.14,6302.49,1347.06,,,,,,,,493.0,20.0,20.0,,,,,580.86,584.26,Makarov2014A&A...570A..13M,7046.93,0.0,0.0,29.24,0.28,0.34,7048.85,7050.64,7038.09,533.95,sbf,Li2025arXiv250408030L,-15.9,0.1,0.1,8.59,,,,,7.84,,ngc_4707,1,1,13.34,0.1,0.1,Li2025arXiv250408030L,19.6,0.9,0.9,40139.25,1817.74,1834.46,40139.25,1817.74,1834.46,,,,,,,,30.69,,,,,,,,,,,,,5.86,,,,Makarov2014A&A...570A..13M,Li2025arXiv250408030L,,,,,,,,,,,,,,,,,,,,,,,,,,,,,,
ugc_08215,UGC 8215,197.015,46.828056,114.5849342,70.0298813,1439.27,4203.38,1073.81,,,,,,,,224.2,1.7,1.7,,,,,305.95,303.59,Begum2008MNRAS.386.1667B,4570.88,0.0,0.0,28.3,0.06,0.06,4572.04,4659.33,4598.96,,trgb,Tully2009AJ....138..323T,-12.62,,,7.28,,,,,7.35,,,1,1,15.68,,,Karachentsev2013AJ....145..101K,,,,,,,,,,,,,,,,,,,,,,,,,,,,,,4.5,0.5,0.5,,Begum2008MNRAS.386.1667B,,,,,,,,,,,,,,,,,,,,,,,,,,,,,,,
ugc_08245,UGC 8245,197.1425,78.93694,121.8876426,38.1565523,3577.26,2789.66,1305.9,,,,,,,,-26.0,3.0,3.0,,,,,137.42,177.41,BraltsKelly2017ApJ...848L..10B,4720.63,0.0,0.0,28.37,0.02,0.02,4724.01,4381.03,4537.44,,trgb,Tully2009AJ....138..323T,-14.55,0.09,0.09,8.05,,,,,7.14,,,1,1,13.82,0.09,0.09,Carlsten2021ApJ...922..267C,0.4643,0.0225,0.0225,636.97,30.44,30.72,376.78,21.15,20.88,,,,0.65,0.02,0.02,,21.9,,,,,,,,,,,,,2.6,0.3,0.3,,BraltsKelly2017ApJ...848L..10B,Carlsten2021ApJ...922..267C,,,,,,,,,,,,,,,,,,,,,,,,,,,,,,
ugc_08313,UGC 8313,198.474583,42.208611,107.4578601,74.2380736,2060.2,8239.18,2105.02,,,,,,,,596.0,8.0,8.0,,,,,666.08,657.7,Makarov2014A&A...570A..13M,8749.84,0.0,0.0,29.71,0.13,0.12,8750.5,8867.71,8800.41,293.28,sbf,Carlsten2022ApJ...933...47C,-15.88,0.09,0.09,8.59,,,,,7.92,,ngc_5055,1,1,13.83,0.09,0.09,Carlsten2022ApJ...933...47C,0.5253,0.0257,0.0257,1335.74,64.37,64.96,1335.74,64.37,64.96,,,,,,,,23.32,,,,,,,,,,,,,4.66,,,,Karachentsev2013AJ....145..101K,Carlsten2022ApJ...933...47C,,,,,,,,,,,,,,,,,,,,,,,,,,,,,,
ugc_08638,UGC 8638,204.83083,24.77583,23.2762918,78.9867187,-334.21,4098.72,1205.88,,,,,,,,276.0,1.7,1.7,,,,,304.44,275.23,Begum2008MNRAS.386.1667B,4285.49,0.0,0.0,28.16,0.03,0.03,4284.07,4640.25,4449.49,,trgb,Tully2009AJ....138..323T,-14.12,0.09,0.09,7.88,,,,,7.18,,,1,1,14.04,0.09,0.09,Carlsten2021ApJ...922..267C,0.4815,0.0237,0.0237,599.63,29.07,29.34,444.67,23.2,23.05,,,,0.45,0.02,0.02,,22.69,,,,,,,,,,,,,3.5,0.4,0.4,,Begum2008MNRAS.386.1667B,Carlsten2021ApJ...922..267C,,,,,,,,,,,,,,,,,,,,,,,,,,,,,,
ugc_08833,UGC 8833,208.7031,35.8378,69.7146743,73.958009,362.6,3199.77,1241.94,,,,,,,,221.0,1.7,1.7,,,,,293.37,279.83,Begum2008MNRAS.386.1667B,3451.44,0.0,0.0,27.69,0.05,0.06,3450.67,3681.14,3546.96,,trgb,Newman2024ApJ...966..175N,-12.68,0.09,0.09,7.31,,,,,7.25,,,1,1,15.01,0.09,0.09,Carlsten2021ApJ...922..267C,0.3045,0.0155,0.0155,305.39,15.33,15.47,260.91,13.57,13.74,,,,0.27,0.02,0.02,,22.97,,,,,,,,,,,,,6.3,0.6,0.6,,Begum2008MNRAS.386.1667B,Carlsten2021ApJ...922..267C,,,,,,,,,,,,,,,,,,,,,,,,,,,,,,
ugc_08882,UGC 8882,209.311,54.101,103.2604319,60.4420947,2838.75,5797.33,2576.5,,,,,,,,348.3,24.3,24.3,,,,,471.53,482.14,AdelmanMcCarthy2007ApJS..172..634A,6950.24,0.0,0.0,29.21,0.14,0.13,6951.17,6902.91,6915.73,110.07,,Carlsten2022ApJ...933...47C,-14.39,0.09,0.09,7.99,,,,,,,m_101,1,1,14.82,0.09,0.09,Carlsten2022ApJ...933...47C,0.2628,0.0133,0.0133,530.82,26.56,26.8,530.82,26.56,26.8,,,,,,,,22.81,,,,,,,,,,,,,,,,,,Carlsten2022ApJ...933...47C,,,,,,,,,,,,,,,,,,,,,,,,,,,,,,
ugc_09405,UGC 9405,218.8525,57.25666666666667,98.7090358,54.7072212,2620.08,4480.7,2605.23,,,,,,,,218.0,22.0,22.0,,,,,363.48,381.23,Richter1991A&AS...87..425R,5807.64,0.0,0.0,28.82,0.02,0.02,5808.36,5706.22,5744.06,,,Tully2009AJ....138..323T,-14.67,,,8.1,,,,,7.83,,,1,1,14.15,,,Karachentsev2013AJ....145..101K,,,,,,,,,,,,,,,,,,,,,,,,,,,,,,8.472,,,,Karachentsev2013AJ....145..101K,,,,,,,,,,,,,,,,,,,,,,,,,,,,,,,
ugc_11411,UGC 11411,287.17625,70.28389,101.3258144,23.9947142,4858.05,2268.96,3808.22,,,,,,,,88.0,3.0,3.0,,,,,308.86,363.99,BraltsKelly2017ApJ...848L..10B,6576.58,0.0,0.0,29.09,0.04,0.04,6578.04,6100.97,6331.36,,trgb,Tully2009AJ....138..323T,-14.9,0.09,0.09,8.19,,,,,7.49,,,1,1,14.19,0.09,0.09,Carlsten2021ApJ...922..267C,0.1855,0.0092,0.0092,354.51,17.28,17.44,311.07,15.67,15.87,,,,0.23,0.02,0.02,,21.13,,,,,,,,,,,,,3.0,0.3,0.3,,BraltsKelly2017ApJ...848L..10B,Carlsten2021ApJ...922..267C,,,,,,,,,,,,,,,,,,,,,,,,,,,,,,
ugc_12894,UGC 12894,0.09375,39.495556,112.3102038,-22.3207032,7572.51,-3800.89,3141.43,,,,,,,,335.0,22.0,22.0,,,,,537.71,618.58,Schneider1992ApJS...81....5S,9036.49,0.0,0.0,29.78,,,9039.35,8269.04,8652.59,,trgb,Anand2021AJ....162...80A,-13.76,,,7.74,,,,,7.98,,,1,1,16.02,,,Karachentsev2013AJ....145..101K,,,,,,,,,,,,,,,,,,,,,,,,,,,,,,4.97,,,,Schneider1992ApJS...81....5S,,,,,,,,,,,,,,,,,,,,,,,,,,,,,,,
ugca_092,UGCA 92,68.00125,63.613889,144.7029826,10.5105612,3141.12,628.5,-337.09,,,,,,,,-94.6,1.7,1.7,,,,,36.0,93.46,Begum2008MNRAS.386.1667B,3221.07,0.0,0.0,27.54,0.07,0.07,3227.59,2668.56,2932.18,978.68,,Tully2009AJ....138..323T,-16.05,,,8.65,,,,,8.23,,ic_0342,1,1,11.49,,,Karachentsev2013AJ....145..101K,,,,,,,,,,,,,,,,,,,,,,,,,,,,,,70.0,7.1,7.1,,Begum2008MNRAS.386.1667B,,,,,,,,,,,,,,,,,,,,,,,,,,,,,,,
ugca_105,UGCA 105,78.56291666666667,62.58083333333334,148.5216222,13.6581234,3230.45,865.34,-544.87,,,,,,,,111.0,5.0,5.0,,,,,226.77,279.2,Schmidt2014A&A...561A..28S,3388.44,0.0,0.0,27.65,0.21,0.21,3395.18,2884.2,3122.42,,,Tully2009AJ....138..323T,-17.29,,,9.15,,,,,8.78,,,1,1,10.36,,,Karachentsev2013AJ....145..101K,,,,,,,,,,,,,,,,,,,,,,,,,,,,,,225.0,11.0,11.0,,Schmidt2014A&A...561A..28S,,,,,,,,,,,,,,,,,,,,,,,,,,,,,,,
ugca_281,UGCA 281,186.570833,48.494167,134.1457901,68.0827249,2124.87,5244.23,701.25,,,,,,,,280.0,3.0,3.0,,,,,349.65,348.16,Makarov2014A&A...570A..13M,5701.64,0.0,0.0,28.78,0.05,0.05,5703.76,5756.48,5715.96,,trgb,Tully2009AJ....138..323T,-14.3,0.09,0.09,7.95,,,,,7.77,,,1,1,14.48,0.09,0.09,Carlsten2021ApJ...922..267C,0.2638,0.0132,0.0132,437.13,21.52,21.71,341.45,17.96,17.78,69.5,,,0.39,0.02,0.02,,21.94,,,,,,,,,,,,,7.7,,,,Karachentsev2013AJ....145..101K,Carlsten2021ApJ...922..267C,,,,,,,,,,,,,,,,,,,,,,,,,,,,,,
ugca_287,UGCA 287,188.479167,-10.68,295.9370393,51.9536224,-5478.6,7711.73,-1309.72,,,,,,,,1001.0,1.0,1.0,,,,,874.49,804.73,Crosby2025MNRAS.536.2072C,9549.93,,,29.9,,,9547.74,10225.41,9885.8,293.68,host,,-15.97,,,8.62,,,,,,,ngc_4594,1,1,13.93,,,Crosby2024MNRAS.527.9118C,0.5107,,,1418.61,,,1032.77,,,,,,0.47,,,,22.67,,,,,,,,,,,,,,,,,,Crosby2024MNRAS.527.9118C,,,-0.5,0.2,0.2,spectroscopic,-0.5,0.2,0.2,,,,,Crosby2025MNRAS.536.2072C,,,,,,,,,,,,,9.3,4.2,1.3,Crosby2025MNRAS.536.2072C
ugca_292,UGCA 292,189.6681,32.7651,148.2806751,83.7224116,413.88,3817.17,342.5,,,,,,,,308.3,0.1,0.1,,,,,328.95,306.02,Huchtmeier2003A&A...401..483H,3854.78,0.0,0.0,27.93,0.18,0.18,3855.55,4136.16,3979.05,,,Tully2009AJ....138..323T,-12.03,0.09,0.09,7.05,,,,,7.49,,,1,1,15.9,0.09,0.09,Carlsten2021ApJ...922..267C,0.5275,0.0285,0.0285,590.83,31.49,31.78,494.3,27.24,27.58,,,,0.3,0.02,0.02,,25.01,,,,,,,,,,,,,8.872,,,,Huchtmeier2003A&A...401..483H,Carlsten2021ApJ...922..267C,,,,,,,,,,,,,,,,,,,,,,,,,,,,,,
ugca_319,UGCA 319,195.56,-17.2375,306.6166588,45.5569501,-3958.48,4166.12,-294.96,,,,,,,,755.0,4.0,4.0,,,,,627.91,555.45,Koribalski2004AJ....128...16K,5754.4,0.0,0.0,28.8,0.07,0.07,5751.01,6469.31,6109.96,273.06,trgb,Karachentsev2018ApJ...858...62K,-14.72,0.07,0.07,8.12,,,,,7.76,,ddo_161,1,1,14.08,0.07,0.07,Li2026ApJ...998L..24L,0.4467,0.0133,0.0133,747.21,21.99,22.19,620.68,18.27,18.43,24.0,,,0.31,,,,22.81,,,,,,,,,,,,,7.45,,,,Koribalski2004AJ....128...16K,Li2026ApJS..282...16L,,,,,,,,,,,,,,,,,,,,,,,,,,,,,,
ugca_337,UGCA 337,198.244583,41.786667,107.5610974,74.6924841,1737.67,7162.6,1794.91,,,,,,,,460.0,5.0,5.0,,,,,528.29,519.29,Huchtmeier2009A&A...506..677H,7585.78,0.0,0.0,29.4,0.19,0.16,7586.43,7714.51,7640.56,1453.15,sbf,Carlsten2022ApJ...933...47C,-14.85,0.09,0.09,8.17,,,,,,,ngc_5055,1,1,14.55,0.09,0.09,Carlsten2022ApJ...933...47C,0.5137,0.0263,0.0263,1132.26,57.25,57.78,1132.26,57.25,57.78,,,,,,,,23.99,,,,,,,,,,,,,,,,,,Carlsten2022ApJ...933...47C,,,,,,,,,,,,,,,,,,,,,,,,,,,,,,
ugca_365,UGCA 365,204.1283333333333,-29.23638888888889,314.6112418,32.6110421,-4560.25,2927.46,103.14,,,,,,,,577.0,1.7,1.7,,,,,441.55,366.59,Begum2008MNRAS.386.1667B,5420.01,0.0,0.0,28.67,0.03,0.03,5415.21,6169.08,5793.63,525.39,,Tully2009AJ....138..323T,-13.99,,,7.83,,,,,7.2,,m_083,1,1,14.68,,,Muller2015A&A...583A..79M,0.3183,,,501.89,,,501.89,,,,,,,,,,23.08,,,,,,,,,,,,,2.3,0.2,0.2,,Begum2008MNRAS.386.1667B,Muller2015A&A...583A..79M,,,,,,,,,,,,,,,,,,,,,,,,,,,,,,
ugca_442,UGCA 442,355.9430925,-31.956949,10.6984669,-74.5315927,-695.3,-4284.27,465.0,,,,,,,,267.0,2.0,2.0,,,,,275.04,299.51,Koribalski2004AJ....128...16K,4365.16,0.0,0.0,28.2,0.07,0.07,4363.04,4224.13,4277.65,764.08,,Tully2009AJ....138..323T,-15.02,,,8.24,,,,,8.22,,ngc_7793,1,1,13.18,,,Karachentsev2013AJ....145..101K,0.5417,0.03,0.03,687.01,37.53,37.88,343.5,18.77,18.94,53.0,,,0.75,,,,21.23,,,,,,,,,,,,,37.325,,,,Koribalski2004AJ....128...16K,Kirby2008AJ....136.1866K,,,,,,,,,,,,,,,,,,,,,,,,,,,,,,
